yarn run v1.22.22
warning package.json: License should be a valid SPDX license expression
warning ../../package.json: No license field
$ node scripts/ts-wrapper.js scripts/build.ts
/opt/homebrew/Cellar/node/24.2.0/bin/node node_modules/tsx/dist/cli.mjs --trace-warnings --trace-deprecation --max_old_space_size=4096 --stack-size=1024 scripts/build.ts
Removing previous builds...
Building...
[audio-native] Building native binaries for macOS...
[audio-native] create-mirror compiled successfully
[audio-native] capture-loopback compiled successfully
[audio-native] Staged audio-driver assets into resources/darwin/audio-driver
All browser targets in the browserslist configuration have supported ES module.
Therefore we don't build two separate bundles for differential loading.


-  Building for production...
 WARNING  Compiled with 513 warnings9:57:21 PM

 warning  in ./pkg/rancher-desktop/components/ActionDropdown.vue?vue&type=style&index=0&id=96c4222a&lang=scss

Module Warning (from ./node_modules/sass-loader/dist/cjs.js):
Deprecation Warning on line 2, column 18 of file:///Users/jonathonbyrdziak/Sites/sulla/sulla-desktop/pkg/rancher-desktop/components/ActionDropdown.vue:2:18:
Sass @import rules are deprecated and will be removed in Dart Sass 3.0.0.

More info and automated migrator: https://sass-lang.com/d/import

2 |           @import "@pkg/assets/styles/base/_variables.scss";


pkg/rancher-desktop/components/ActionDropdown.vue 3:19  root stylesheet


 warning  in ./pkg/rancher-desktop/components/ActionDropdown.vue?vue&type=style&index=0&id=96c4222a&lang=scss

Module Warning (from ./node_modules/sass-loader/dist/cjs.js):
Deprecation Warning on line 3, column 18 of file:///Users/jonathonbyrdziak/Sites/sulla/sulla-desktop/pkg/rancher-desktop/components/ActionDropdown.vue:3:18:
Sass @import rules are deprecated and will be removed in Dart Sass 3.0.0.

More info and automated migrator: https://sass-lang.com/d/import

3 |           @import "@pkg/assets/styles/base/_functions.scss";


pkg/rancher-desktop/components/ActionDropdown.vue 4:19  root stylesheet


 warning  in ./pkg/rancher-desktop/components/ActionDropdown.vue?vue&type=style&index=0&id=96c4222a&lang=scss

Module Warning (from ./node_modules/sass-loader/dist/cjs.js):
Deprecation Warning on line 4, column 18 of file:///Users/jonathonbyrdziak/Sites/sulla/sulla-desktop/pkg/rancher-desktop/components/ActionDropdown.vue:4:18:
Sass @import rules are deprecated and will be removed in Dart Sass 3.0.0.

More info and automated migrator: https://sass-lang.com/d/import

4 |           @import "@pkg/assets/styles/base/_mixins.scss";


pkg/rancher-desktop/components/ActionDropdown.vue 5:19  root stylesheet


 warning  in ./pkg/rancher-desktop/components/ActionDropdown.vue?vue&type=style&index=0&id=96c4222a&lang=scss

Module Warning (from ./node_modules/sass-loader/dist/cjs.js):
Deprecation Warning on line 22, column 12 of file:///Users/jonathonbyrdziak/Sites/sulla/sulla-desktop/pkg/rancher-desktop/assets/styles/base/_functions.scss:22:12:
The Sass if() syntax is deprecated in favor of the modern CSS syntax.

Suggestion: if(sass(math.abs($color-brightness - $light-text-brightness) > math.abs($color-brightness - $dark-text-brightness)): $light; else: $dark)

More info: https://sass-lang.com/d/if-function

22 |     @return if(math.abs($color-brightness - $light-text-brightness) > math.abs($color-brightness - $dark-text-brightness), $light, $dark);


pkg/rancher-desktop/assets/styles/base/_functions.scss 23:13  @import
pkg/rancher-desktop/components/ActionDropdown.vue 4:19        root stylesheet


 warning  in ./pkg/rancher-desktop/components/ActionMenu.vue?vue&type=style&index=0&id=b42c7d38&lang=scss&scoped=true

Module Warning (from ./node_modules/sass-loader/dist/cjs.js):
Deprecation Warning on line 2, column 18 of file:///Users/jonathonbyrdziak/Sites/sulla/sulla-desktop/pkg/rancher-desktop/components/ActionMenu.vue:2:18:
Sass @import rules are deprecated and will be removed in Dart Sass 3.0.0.

More info and automated migrator: https://sass-lang.com/d/import

2 |           @import "@pkg/assets/styles/base/_variables.scss";


pkg/rancher-desktop/components/ActionMenu.vue 3:19  root stylesheet


 warning  in ./pkg/rancher-desktop/components/ActionMenu.vue?vue&type=style&index=0&id=b42c7d38&lang=scss&scoped=true

Module Warning (from ./node_modules/sass-loader/dist/cjs.js):
Deprecation Warning on line 3, column 18 of file:///Users/jonathonbyrdziak/Sites/sulla/sulla-desktop/pkg/rancher-desktop/components/ActionMenu.vue:3:18:
Sass @import rules are deprecated and will be removed in Dart Sass 3.0.0.

More info and automated migrator: https://sass-lang.com/d/import

3 |           @import "@pkg/assets/styles/base/_functions.scss";


pkg/rancher-desktop/components/ActionMenu.vue 4:19  root stylesheet


 warning  in ./pkg/rancher-desktop/components/ActionMenu.vue?vue&type=style&index=0&id=b42c7d38&lang=scss&scoped=true

Module Warning (from ./node_modules/sass-loader/dist/cjs.js):
Deprecation Warning on line 4, column 18 of file:///Users/jonathonbyrdziak/Sites/sulla/sulla-desktop/pkg/rancher-desktop/components/ActionMenu.vue:4:18:
Sass @import rules are deprecated and will be removed in Dart Sass 3.0.0.

More info and automated migrator: https://sass-lang.com/d/import

4 |           @import "@pkg/assets/styles/base/_mixins.scss";


pkg/rancher-desktop/components/ActionMenu.vue 5:19  root stylesheet


 warning  in ./pkg/rancher-desktop/components/ActionMenu.vue?vue&type=style&index=0&id=b42c7d38&lang=scss&scoped=true

Module Warning (from ./node_modules/sass-loader/dist/cjs.js):
Deprecation Warning on line 22, column 12 of file:///Users/jonathonbyrdziak/Sites/sulla/sulla-desktop/pkg/rancher-desktop/assets/styles/base/_functions.scss:22:12:
The Sass if() syntax is deprecated in favor of the modern CSS syntax.

Suggestion: if(sass(math.abs($color-brightness - $light-text-brightness) > math.abs($color-brightness - $dark-text-brightness)): $light; else: $dark)

More info: https://sass-lang.com/d/if-function

22 |     @return if(math.abs($color-brightness - $light-text-brightness) > math.abs($color-brightness - $dark-text-brightness), $light, $dark);


pkg/rancher-desktop/assets/styles/base/_functions.scss 23:13  @import
pkg/rancher-desktop/components/ActionMenu.vue 4:19            root stylesheet


 warning  in ./pkg/rancher-desktop/components/ActionMenu.vue?vue&type=style&index=0&id=b42c7d38&lang=scss&scoped=true

Module Warning (from ./node_modules/sass-loader/dist/cjs.js):
Deprecation Warning on line 31, column 6 of file:///Users/jonathonbyrdziak/Sites/sulla/sulla-desktop/pkg/rancher-desktop/assets/styles/base/_functions.scss:31:6:
Global built-in functions are deprecated and will be removed in Dart Sass 3.0.0.
Use map.has-key instead.

More info and automated migrator: https://sass-lang.com/d/import

31 |   @if map-has-key($z-indexes, $key) {


pkg/rancher-desktop/assets/styles/base/_functions.scss 32:7  z-index()
pkg/rancher-desktop/components/ActionMenu.vue 17:14          root stylesheet


 warning  in ./pkg/rancher-desktop/components/ActionMenu.vue?vue&type=style&index=0&id=b42c7d38&lang=scss&scoped=true

Module Warning (from ./node_modules/sass-loader/dist/cjs.js):
Deprecation Warning on line 32, column 12 of file:///Users/jonathonbyrdziak/Sites/sulla/sulla-desktop/pkg/rancher-desktop/assets/styles/base/_functions.scss:32:12:
Global built-in functions are deprecated and will be removed in Dart Sass 3.0.0.
Use map.get instead.

More info and automated migrator: https://sass-lang.com/d/import

32 |     @return map-get($z-indexes, $key);


pkg/rancher-desktop/assets/styles/base/_functions.scss 33:13  z-index()
pkg/rancher-desktop/components/ActionMenu.vue 17:14           root stylesheet


 warning  in ./pkg/rancher-desktop/components/Alert.vue?vue&type=style&index=0&id=39bd09ae&lang=scss&scoped=true

Module Warning (from ./node_modules/sass-loader/dist/cjs.js):
Deprecation Warning on line 2, column 18 of file:///Users/jonathonbyrdziak/Sites/sulla/sulla-desktop/pkg/rancher-desktop/components/Alert.vue:2:18:
Sass @import rules are deprecated and will be removed in Dart Sass 3.0.0.

More info and automated migrator: https://sass-lang.com/d/import

2 |           @import "@pkg/assets/styles/base/_variables.scss";


pkg/rancher-desktop/components/Alert.vue 3:19  root stylesheet


 warning  in ./pkg/rancher-desktop/components/Alert.vue?vue&type=style&index=0&id=39bd09ae&lang=scss&scoped=true

Module Warning (from ./node_modules/sass-loader/dist/cjs.js):
Deprecation Warning on line 3, column 18 of file:///Users/jonathonbyrdziak/Sites/sulla/sulla-desktop/pkg/rancher-desktop/components/Alert.vue:3:18:
Sass @import rules are deprecated and will be removed in Dart Sass 3.0.0.

More info and automated migrator: https://sass-lang.com/d/import

3 |           @import "@pkg/assets/styles/base/_functions.scss";


pkg/rancher-desktop/components/Alert.vue 4:19  root stylesheet


 warning  in ./pkg/rancher-desktop/components/Alert.vue?vue&type=style&index=0&id=39bd09ae&lang=scss&scoped=true

Module Warning (from ./node_modules/sass-loader/dist/cjs.js):
Deprecation Warning on line 4, column 18 of file:///Users/jonathonbyrdziak/Sites/sulla/sulla-desktop/pkg/rancher-desktop/components/Alert.vue:4:18:
Sass @import rules are deprecated and will be removed in Dart Sass 3.0.0.

More info and automated migrator: https://sass-lang.com/d/import

4 |           @import "@pkg/assets/styles/base/_mixins.scss";


pkg/rancher-desktop/components/Alert.vue 5:19  root stylesheet


 warning  in ./pkg/rancher-desktop/components/Alert.vue?vue&type=style&index=0&id=39bd09ae&lang=scss&scoped=true

Module Warning (from ./node_modules/sass-loader/dist/cjs.js):
Deprecation Warning on line 22, column 12 of file:///Users/jonathonbyrdziak/Sites/sulla/sulla-desktop/pkg/rancher-desktop/assets/styles/base/_functions.scss:22:12:
The Sass if() syntax is deprecated in favor of the modern CSS syntax.

Suggestion: if(sass(math.abs($color-brightness - $light-text-brightness) > math.abs($color-brightness - $dark-text-brightness)): $light; else: $dark)

More info: https://sass-lang.com/d/if-function

22 |     @return if(math.abs($color-brightness - $light-text-brightness) > math.abs($color-brightness - $dark-text-brightness), $light, $dark);


pkg/rancher-desktop/assets/styles/base/_functions.scss 23:13  @import
pkg/rancher-desktop/components/Alert.vue 4:19                 root stylesheet


 warning  in ./pkg/rancher-desktop/components/AsyncButton.vue?vue&type=style&index=0&id=d6b42930&lang=scss&scoped=true

Module Warning (from ./node_modules/sass-loader/dist/cjs.js):
Deprecation Warning on line 2, column 18 of file:///Users/jonathonbyrdziak/Sites/sulla/sulla-desktop/pkg/rancher-desktop/components/AsyncButton.vue:2:18:
Sass @import rules are deprecated and will be removed in Dart Sass 3.0.0.

More info and automated migrator: https://sass-lang.com/d/import

2 |           @import "@pkg/assets/styles/base/_variables.scss";


pkg/rancher-desktop/components/AsyncButton.vue 3:19  root stylesheet


 warning  in ./pkg/rancher-desktop/components/AsyncButton.vue?vue&type=style&index=0&id=d6b42930&lang=scss&scoped=true

Module Warning (from ./node_modules/sass-loader/dist/cjs.js):
Deprecation Warning on line 3, column 18 of file:///Users/jonathonbyrdziak/Sites/sulla/sulla-desktop/pkg/rancher-desktop/components/AsyncButton.vue:3:18:
Sass @import rules are deprecated and will be removed in Dart Sass 3.0.0.

More info and automated migrator: https://sass-lang.com/d/import

3 |           @import "@pkg/assets/styles/base/_functions.scss";


pkg/rancher-desktop/components/AsyncButton.vue 4:19  root stylesheet


 warning  in ./pkg/rancher-desktop/components/AsyncButton.vue?vue&type=style&index=0&id=d6b42930&lang=scss&scoped=true

Module Warning (from ./node_modules/sass-loader/dist/cjs.js):
Deprecation Warning on line 4, column 18 of file:///Users/jonathonbyrdziak/Sites/sulla/sulla-desktop/pkg/rancher-desktop/components/AsyncButton.vue:4:18:
Sass @import rules are deprecated and will be removed in Dart Sass 3.0.0.

More info and automated migrator: https://sass-lang.com/d/import

4 |           @import "@pkg/assets/styles/base/_mixins.scss";


pkg/rancher-desktop/components/AsyncButton.vue 5:19  root stylesheet


 warning  in ./pkg/rancher-desktop/components/AsyncButton.vue?vue&type=style&index=0&id=d6b42930&lang=scss&scoped=true

Module Warning (from ./node_modules/sass-loader/dist/cjs.js):
Deprecation Warning on line 22, column 12 of file:///Users/jonathonbyrdziak/Sites/sulla/sulla-desktop/pkg/rancher-desktop/assets/styles/base/_functions.scss:22:12:
The Sass if() syntax is deprecated in favor of the modern CSS syntax.

Suggestion: if(sass(math.abs($color-brightness - $light-text-brightness) > math.abs($color-brightness - $dark-text-brightness)): $light; else: $dark)

More info: https://sass-lang.com/d/if-function

22 |     @return if(math.abs($color-brightness - $light-text-brightness) > math.abs($color-brightness - $dark-text-brightness), $light, $dark);


pkg/rancher-desktop/assets/styles/base/_functions.scss 23:13  @import
pkg/rancher-desktop/components/AsyncButton.vue 4:19           root stylesheet


 warning  in ./pkg/rancher-desktop/components/BackendProgress.vue?vue&type=style&index=0&id=7947f8b9&lang=scss&scoped=true

Module Warning (from ./node_modules/sass-loader/dist/cjs.js):
Deprecation Warning on line 2, column 18 of file:///Users/jonathonbyrdziak/Sites/sulla/sulla-desktop/pkg/rancher-desktop/components/BackendProgress.vue:2:18:
Sass @import rules are deprecated and will be removed in Dart Sass 3.0.0.

More info and automated migrator: https://sass-lang.com/d/import

2 |           @import "@pkg/assets/styles/base/_variables.scss";


pkg/rancher-desktop/components/BackendProgress.vue 3:19  root stylesheet


 warning  in ./pkg/rancher-desktop/components/BackendProgress.vue?vue&type=style&index=0&id=7947f8b9&lang=scss&scoped=true

Module Warning (from ./node_modules/sass-loader/dist/cjs.js):
Deprecation Warning on line 3, column 18 of file:///Users/jonathonbyrdziak/Sites/sulla/sulla-desktop/pkg/rancher-desktop/components/BackendProgress.vue:3:18:
Sass @import rules are deprecated and will be removed in Dart Sass 3.0.0.

More info and automated migrator: https://sass-lang.com/d/import

3 |           @import "@pkg/assets/styles/base/_functions.scss";


pkg/rancher-desktop/components/BackendProgress.vue 4:19  root stylesheet


 warning  in ./pkg/rancher-desktop/components/BackendProgress.vue?vue&type=style&index=0&id=7947f8b9&lang=scss&scoped=true

Module Warning (from ./node_modules/sass-loader/dist/cjs.js):
Deprecation Warning on line 4, column 18 of file:///Users/jonathonbyrdziak/Sites/sulla/sulla-desktop/pkg/rancher-desktop/components/BackendProgress.vue:4:18:
Sass @import rules are deprecated and will be removed in Dart Sass 3.0.0.

More info and automated migrator: https://sass-lang.com/d/import

4 |           @import "@pkg/assets/styles/base/_mixins.scss";


pkg/rancher-desktop/components/BackendProgress.vue 5:19  root stylesheet


 warning  in ./pkg/rancher-desktop/components/BackendProgress.vue?vue&type=style&index=0&id=7947f8b9&lang=scss&scoped=true

Module Warning (from ./node_modules/sass-loader/dist/cjs.js):
Deprecation Warning on line 22, column 12 of file:///Users/jonathonbyrdziak/Sites/sulla/sulla-desktop/pkg/rancher-desktop/assets/styles/base/_functions.scss:22:12:
The Sass if() syntax is deprecated in favor of the modern CSS syntax.

Suggestion: if(sass(math.abs($color-brightness - $light-text-brightness) > math.abs($color-brightness - $dark-text-brightness)): $light; else: $dark)

More info: https://sass-lang.com/d/if-function

22 |     @return if(math.abs($color-brightness - $light-text-brightness) > math.abs($color-brightness - $dark-text-brightness), $light, $dark);


pkg/rancher-desktop/assets/styles/base/_functions.scss 23:13  @import
pkg/rancher-desktop/components/BackendProgress.vue 4:19       root stylesheet


 warning  in ./pkg/rancher-desktop/components/ContainerLogs.vue?vue&type=style&index=0&id=65282952&lang=scss&scoped=true

Module Warning (from ./node_modules/sass-loader/dist/cjs.js):
Deprecation Warning on line 2, column 18 of file:///Users/jonathonbyrdziak/Sites/sulla/sulla-desktop/pkg/rancher-desktop/components/ContainerLogs.vue:2:18:
Sass @import rules are deprecated and will be removed in Dart Sass 3.0.0.

More info and automated migrator: https://sass-lang.com/d/import

2 |           @import "@pkg/assets/styles/base/_variables.scss";


pkg/rancher-desktop/components/ContainerLogs.vue 3:19  root stylesheet


 warning  in ./pkg/rancher-desktop/components/ContainerLogs.vue?vue&type=style&index=0&id=65282952&lang=scss&scoped=true

Module Warning (from ./node_modules/sass-loader/dist/cjs.js):
Deprecation Warning on line 3, column 18 of file:///Users/jonathonbyrdziak/Sites/sulla/sulla-desktop/pkg/rancher-desktop/components/ContainerLogs.vue:3:18:
Sass @import rules are deprecated and will be removed in Dart Sass 3.0.0.

More info and automated migrator: https://sass-lang.com/d/import

3 |           @import "@pkg/assets/styles/base/_functions.scss";


pkg/rancher-desktop/components/ContainerLogs.vue 4:19  root stylesheet


 warning  in ./pkg/rancher-desktop/components/ContainerLogs.vue?vue&type=style&index=0&id=65282952&lang=scss&scoped=true

Module Warning (from ./node_modules/sass-loader/dist/cjs.js):
Deprecation Warning on line 4, column 18 of file:///Users/jonathonbyrdziak/Sites/sulla/sulla-desktop/pkg/rancher-desktop/components/ContainerLogs.vue:4:18:
Sass @import rules are deprecated and will be removed in Dart Sass 3.0.0.

More info and automated migrator: https://sass-lang.com/d/import

4 |           @import "@pkg/assets/styles/base/_mixins.scss";


pkg/rancher-desktop/components/ContainerLogs.vue 5:19  root stylesheet


 warning  in ./pkg/rancher-desktop/components/ContainerLogs.vue?vue&type=style&index=0&id=65282952&lang=scss&scoped=true

Module Warning (from ./node_modules/sass-loader/dist/cjs.js):
Deprecation Warning on line 22, column 12 of file:///Users/jonathonbyrdziak/Sites/sulla/sulla-desktop/pkg/rancher-desktop/assets/styles/base/_functions.scss:22:12:
The Sass if() syntax is deprecated in favor of the modern CSS syntax.

Suggestion: if(sass(math.abs($color-brightness - $light-text-brightness) > math.abs($color-brightness - $dark-text-brightness)): $light; else: $dark)

More info: https://sass-lang.com/d/if-function

22 |     @return if(math.abs($color-brightness - $light-text-brightness) > math.abs($color-brightness - $dark-text-brightness), $light, $dark);


pkg/rancher-desktop/assets/styles/base/_functions.scss 23:13  @import
pkg/rancher-desktop/components/ContainerLogs.vue 4:19         root stylesheet


 warning  in ./pkg/rancher-desktop/components/DiagnosticsBody.vue?vue&type=style&index=0&id=b8cbe72c&lang=scss&scoped=true

Module Warning (from ./node_modules/sass-loader/dist/cjs.js):
Deprecation Warning on line 2, column 18 of file:///Users/jonathonbyrdziak/Sites/sulla/sulla-desktop/pkg/rancher-desktop/components/DiagnosticsBody.vue:2:18:
Sass @import rules are deprecated and will be removed in Dart Sass 3.0.0.

More info and automated migrator: https://sass-lang.com/d/import

2 |           @import "@pkg/assets/styles/base/_variables.scss";


pkg/rancher-desktop/components/DiagnosticsBody.vue 3:19  root stylesheet


 warning  in ./pkg/rancher-desktop/components/DiagnosticsBody.vue?vue&type=style&index=0&id=b8cbe72c&lang=scss&scoped=true

Module Warning (from ./node_modules/sass-loader/dist/cjs.js):
Deprecation Warning on line 3, column 18 of file:///Users/jonathonbyrdziak/Sites/sulla/sulla-desktop/pkg/rancher-desktop/components/DiagnosticsBody.vue:3:18:
Sass @import rules are deprecated and will be removed in Dart Sass 3.0.0.

More info and automated migrator: https://sass-lang.com/d/import

3 |           @import "@pkg/assets/styles/base/_functions.scss";


pkg/rancher-desktop/components/DiagnosticsBody.vue 4:19  root stylesheet


 warning  in ./pkg/rancher-desktop/components/DiagnosticsBody.vue?vue&type=style&index=0&id=b8cbe72c&lang=scss&scoped=true

Module Warning (from ./node_modules/sass-loader/dist/cjs.js):
Deprecation Warning on line 4, column 18 of file:///Users/jonathonbyrdziak/Sites/sulla/sulla-desktop/pkg/rancher-desktop/components/DiagnosticsBody.vue:4:18:
Sass @import rules are deprecated and will be removed in Dart Sass 3.0.0.

More info and automated migrator: https://sass-lang.com/d/import

4 |           @import "@pkg/assets/styles/base/_mixins.scss";


pkg/rancher-desktop/components/DiagnosticsBody.vue 5:19  root stylesheet


 warning  in ./pkg/rancher-desktop/components/DiagnosticsBody.vue?vue&type=style&index=0&id=b8cbe72c&lang=scss&scoped=true

Module Warning (from ./node_modules/sass-loader/dist/cjs.js):
Deprecation Warning on line 22, column 12 of file:///Users/jonathonbyrdziak/Sites/sulla/sulla-desktop/pkg/rancher-desktop/assets/styles/base/_functions.scss:22:12:
The Sass if() syntax is deprecated in favor of the modern CSS syntax.

Suggestion: if(sass(math.abs($color-brightness - $light-text-brightness) > math.abs($color-brightness - $dark-text-brightness)): $light; else: $dark)

More info: https://sass-lang.com/d/if-function

22 |     @return if(math.abs($color-brightness - $light-text-brightness) > math.abs($color-brightness - $dark-text-brightness), $light, $dark);


pkg/rancher-desktop/assets/styles/base/_functions.scss 23:13  @import
pkg/rancher-desktop/components/DiagnosticsBody.vue 4:19       root stylesheet


 warning  in ./pkg/rancher-desktop/components/DiagnosticsButtonRun.vue?vue&type=style&index=0&id=5d2e42dd&lang=scss&scoped=true

Module Warning (from ./node_modules/sass-loader/dist/cjs.js):
Deprecation Warning on line 2, column 18 of file:///Users/jonathonbyrdziak/Sites/sulla/sulla-desktop/pkg/rancher-desktop/components/DiagnosticsButtonRun.vue:2:18:
Sass @import rules are deprecated and will be removed in Dart Sass 3.0.0.

More info and automated migrator: https://sass-lang.com/d/import

2 |           @import "@pkg/assets/styles/base/_variables.scss";


pkg/rancher-desktop/components/DiagnosticsButtonRun.vue 3:19  root stylesheet


 warning  in ./pkg/rancher-desktop/components/DiagnosticsButtonRun.vue?vue&type=style&index=0&id=5d2e42dd&lang=scss&scoped=true

Module Warning (from ./node_modules/sass-loader/dist/cjs.js):
Deprecation Warning on line 3, column 18 of file:///Users/jonathonbyrdziak/Sites/sulla/sulla-desktop/pkg/rancher-desktop/components/DiagnosticsButtonRun.vue:3:18:
Sass @import rules are deprecated and will be removed in Dart Sass 3.0.0.

More info and automated migrator: https://sass-lang.com/d/import

3 |           @import "@pkg/assets/styles/base/_functions.scss";


pkg/rancher-desktop/components/DiagnosticsButtonRun.vue 4:19  root stylesheet


 warning  in ./pkg/rancher-desktop/components/DiagnosticsButtonRun.vue?vue&type=style&index=0&id=5d2e42dd&lang=scss&scoped=true

Module Warning (from ./node_modules/sass-loader/dist/cjs.js):
Deprecation Warning on line 4, column 18 of file:///Users/jonathonbyrdziak/Sites/sulla/sulla-desktop/pkg/rancher-desktop/components/DiagnosticsButtonRun.vue:4:18:
Sass @import rules are deprecated and will be removed in Dart Sass 3.0.0.

More info and automated migrator: https://sass-lang.com/d/import

4 |           @import "@pkg/assets/styles/base/_mixins.scss";


pkg/rancher-desktop/components/DiagnosticsButtonRun.vue 5:19  root stylesheet


 warning  in ./pkg/rancher-desktop/components/DiagnosticsButtonRun.vue?vue&type=style&index=0&id=5d2e42dd&lang=scss&scoped=true

Module Warning (from ./node_modules/sass-loader/dist/cjs.js):
Deprecation Warning on line 22, column 12 of file:///Users/jonathonbyrdziak/Sites/sulla/sulla-desktop/pkg/rancher-desktop/assets/styles/base/_functions.scss:22:12:
The Sass if() syntax is deprecated in favor of the modern CSS syntax.

Suggestion: if(sass(math.abs($color-brightness - $light-text-brightness) > math.abs($color-brightness - $dark-text-brightness)): $light; else: $dark)

More info: https://sass-lang.com/d/if-function

22 |     @return if(math.abs($color-brightness - $light-text-brightness) > math.abs($color-brightness - $dark-text-brightness), $light, $dark);


pkg/rancher-desktop/assets/styles/base/_functions.scss 23:13  @import
pkg/rancher-desktop/components/DiagnosticsButtonRun.vue 4:19  root stylesheet


 warning  in ./pkg/rancher-desktop/components/EmptyState.vue?vue&type=style&index=0&id=49d80b1f&lang=scss&scoped=true

Module Warning (from ./node_modules/sass-loader/dist/cjs.js):
Deprecation Warning on line 2, column 18 of file:///Users/jonathonbyrdziak/Sites/sulla/sulla-desktop/pkg/rancher-desktop/components/EmptyState.vue:2:18:
Sass @import rules are deprecated and will be removed in Dart Sass 3.0.0.

More info and automated migrator: https://sass-lang.com/d/import

2 |           @import "@pkg/assets/styles/base/_variables.scss";


pkg/rancher-desktop/components/EmptyState.vue 3:19  root stylesheet


 warning  in ./pkg/rancher-desktop/components/EmptyState.vue?vue&type=style&index=0&id=49d80b1f&lang=scss&scoped=true

Module Warning (from ./node_modules/sass-loader/dist/cjs.js):
Deprecation Warning on line 3, column 18 of file:///Users/jonathonbyrdziak/Sites/sulla/sulla-desktop/pkg/rancher-desktop/components/EmptyState.vue:3:18:
Sass @import rules are deprecated and will be removed in Dart Sass 3.0.0.

More info and automated migrator: https://sass-lang.com/d/import

3 |           @import "@pkg/assets/styles/base/_functions.scss";


pkg/rancher-desktop/components/EmptyState.vue 4:19  root stylesheet


 warning  in ./pkg/rancher-desktop/components/EmptyState.vue?vue&type=style&index=0&id=49d80b1f&lang=scss&scoped=true

Module Warning (from ./node_modules/sass-loader/dist/cjs.js):
Deprecation Warning on line 4, column 18 of file:///Users/jonathonbyrdziak/Sites/sulla/sulla-desktop/pkg/rancher-desktop/components/EmptyState.vue:4:18:
Sass @import rules are deprecated and will be removed in Dart Sass 3.0.0.

More info and automated migrator: https://sass-lang.com/d/import

4 |           @import "@pkg/assets/styles/base/_mixins.scss";


pkg/rancher-desktop/components/EmptyState.vue 5:19  root stylesheet


 warning  in ./pkg/rancher-desktop/components/EmptyState.vue?vue&type=style&index=0&id=49d80b1f&lang=scss&scoped=true

Module Warning (from ./node_modules/sass-loader/dist/cjs.js):
Deprecation Warning on line 22, column 12 of file:///Users/jonathonbyrdziak/Sites/sulla/sulla-desktop/pkg/rancher-desktop/assets/styles/base/_functions.scss:22:12:
The Sass if() syntax is deprecated in favor of the modern CSS syntax.

Suggestion: if(sass(math.abs($color-brightness - $light-text-brightness) > math.abs($color-brightness - $dark-text-brightness)): $light; else: $dark)

More info: https://sass-lang.com/d/if-function

22 |     @return if(math.abs($color-brightness - $light-text-brightness) > math.abs($color-brightness - $dark-text-brightness), $light, $dark);


pkg/rancher-desktop/assets/styles/base/_functions.scss 23:13  @import
pkg/rancher-desktop/components/EmptyState.vue 4:19            root stylesheet


 warning  in ./pkg/rancher-desktop/components/EngineSelector.vue?vue&type=style&index=0&id=dab714ca&lang=scss&scoped=true

Module Warning (from ./node_modules/sass-loader/dist/cjs.js):
Deprecation Warning on line 2, column 18 of file:///Users/jonathonbyrdziak/Sites/sulla/sulla-desktop/pkg/rancher-desktop/components/EngineSelector.vue:2:18:
Sass @import rules are deprecated and will be removed in Dart Sass 3.0.0.

More info and automated migrator: https://sass-lang.com/d/import

2 |           @import "@pkg/assets/styles/base/_variables.scss";


pkg/rancher-desktop/components/EngineSelector.vue 3:19  root stylesheet


 warning  in ./pkg/rancher-desktop/components/EngineSelector.vue?vue&type=style&index=0&id=dab714ca&lang=scss&scoped=true

Module Warning (from ./node_modules/sass-loader/dist/cjs.js):
Deprecation Warning on line 3, column 18 of file:///Users/jonathonbyrdziak/Sites/sulla/sulla-desktop/pkg/rancher-desktop/components/EngineSelector.vue:3:18:
Sass @import rules are deprecated and will be removed in Dart Sass 3.0.0.

More info and automated migrator: https://sass-lang.com/d/import

3 |           @import "@pkg/assets/styles/base/_functions.scss";


pkg/rancher-desktop/components/EngineSelector.vue 4:19  root stylesheet


 warning  in ./pkg/rancher-desktop/components/EngineSelector.vue?vue&type=style&index=0&id=dab714ca&lang=scss&scoped=true

Module Warning (from ./node_modules/sass-loader/dist/cjs.js):
Deprecation Warning on line 4, column 18 of file:///Users/jonathonbyrdziak/Sites/sulla/sulla-desktop/pkg/rancher-desktop/components/EngineSelector.vue:4:18:
Sass @import rules are deprecated and will be removed in Dart Sass 3.0.0.

More info and automated migrator: https://sass-lang.com/d/import

4 |           @import "@pkg/assets/styles/base/_mixins.scss";


pkg/rancher-desktop/components/EngineSelector.vue 5:19  root stylesheet


 warning  in ./pkg/rancher-desktop/components/EngineSelector.vue?vue&type=style&index=0&id=dab714ca&lang=scss&scoped=true

Module Warning (from ./node_modules/sass-loader/dist/cjs.js):
Deprecation Warning on line 22, column 12 of file:///Users/jonathonbyrdziak/Sites/sulla/sulla-desktop/pkg/rancher-desktop/assets/styles/base/_functions.scss:22:12:
The Sass if() syntax is deprecated in favor of the modern CSS syntax.

Suggestion: if(sass(math.abs($color-brightness - $light-text-brightness) > math.abs($color-brightness - $dark-text-brightness)): $light; else: $dark)

More info: https://sass-lang.com/d/if-function

22 |     @return if(math.abs($color-brightness - $light-text-brightness) > math.abs($color-brightness - $dark-text-brightness), $light, $dark);


pkg/rancher-desktop/assets/styles/base/_functions.scss 23:13  @import
pkg/rancher-desktop/components/EngineSelector.vue 4:19        root stylesheet


 warning  in ./pkg/rancher-desktop/components/ExtensionsError.vue?vue&type=style&index=0&id=1795e67a&lang=scss&scoped=true

Module Warning (from ./node_modules/sass-loader/dist/cjs.js):
Deprecation Warning on line 2, column 18 of file:///Users/jonathonbyrdziak/Sites/sulla/sulla-desktop/pkg/rancher-desktop/components/ExtensionsError.vue:2:18:
Sass @import rules are deprecated and will be removed in Dart Sass 3.0.0.

More info and automated migrator: https://sass-lang.com/d/import

2 |           @import "@pkg/assets/styles/base/_variables.scss";


pkg/rancher-desktop/components/ExtensionsError.vue 3:19  root stylesheet


 warning  in ./pkg/rancher-desktop/components/ExtensionsError.vue?vue&type=style&index=0&id=1795e67a&lang=scss&scoped=true

Module Warning (from ./node_modules/sass-loader/dist/cjs.js):
Deprecation Warning on line 3, column 18 of file:///Users/jonathonbyrdziak/Sites/sulla/sulla-desktop/pkg/rancher-desktop/components/ExtensionsError.vue:3:18:
Sass @import rules are deprecated and will be removed in Dart Sass 3.0.0.

More info and automated migrator: https://sass-lang.com/d/import

3 |           @import "@pkg/assets/styles/base/_functions.scss";


pkg/rancher-desktop/components/ExtensionsError.vue 4:19  root stylesheet


 warning  in ./pkg/rancher-desktop/components/ExtensionsError.vue?vue&type=style&index=0&id=1795e67a&lang=scss&scoped=true

Module Warning (from ./node_modules/sass-loader/dist/cjs.js):
Deprecation Warning on line 4, column 18 of file:///Users/jonathonbyrdziak/Sites/sulla/sulla-desktop/pkg/rancher-desktop/components/ExtensionsError.vue:4:18:
Sass @import rules are deprecated and will be removed in Dart Sass 3.0.0.

More info and automated migrator: https://sass-lang.com/d/import

4 |           @import "@pkg/assets/styles/base/_mixins.scss";


pkg/rancher-desktop/components/ExtensionsError.vue 5:19  root stylesheet


 warning  in ./pkg/rancher-desktop/components/ExtensionsError.vue?vue&type=style&index=0&id=1795e67a&lang=scss&scoped=true

Module Warning (from ./node_modules/sass-loader/dist/cjs.js):
Deprecation Warning on line 22, column 12 of file:///Users/jonathonbyrdziak/Sites/sulla/sulla-desktop/pkg/rancher-desktop/assets/styles/base/_functions.scss:22:12:
The Sass if() syntax is deprecated in favor of the modern CSS syntax.

Suggestion: if(sass(math.abs($color-brightness - $light-text-brightness) > math.abs($color-brightness - $dark-text-brightness)): $light; else: $dark)

More info: https://sass-lang.com/d/if-function

22 |     @return if(math.abs($color-brightness - $light-text-brightness) > math.abs($color-brightness - $dark-text-brightness), $light, $dark);


pkg/rancher-desktop/assets/styles/base/_functions.scss 23:13  @import
pkg/rancher-desktop/components/ExtensionsError.vue 4:19       root stylesheet


 warning  in ./pkg/rancher-desktop/components/Help.vue?vue&type=style&index=0&id=5f76d554&lang=scss&scoped=true

Module Warning (from ./node_modules/sass-loader/dist/cjs.js):
Deprecation Warning on line 2, column 18 of file:///Users/jonathonbyrdziak/Sites/sulla/sulla-desktop/pkg/rancher-desktop/components/Help.vue:2:18:
Sass @import rules are deprecated and will be removed in Dart Sass 3.0.0.

More info and automated migrator: https://sass-lang.com/d/import

2 |           @import "@pkg/assets/styles/base/_variables.scss";


pkg/rancher-desktop/components/Help.vue 3:19  root stylesheet


 warning  in ./pkg/rancher-desktop/components/Help.vue?vue&type=style&index=0&id=5f76d554&lang=scss&scoped=true

Module Warning (from ./node_modules/sass-loader/dist/cjs.js):
Deprecation Warning on line 3, column 18 of file:///Users/jonathonbyrdziak/Sites/sulla/sulla-desktop/pkg/rancher-desktop/components/Help.vue:3:18:
Sass @import rules are deprecated and will be removed in Dart Sass 3.0.0.

More info and automated migrator: https://sass-lang.com/d/import

3 |           @import "@pkg/assets/styles/base/_functions.scss";


pkg/rancher-desktop/components/Help.vue 4:19  root stylesheet


 warning  in ./pkg/rancher-desktop/components/Help.vue?vue&type=style&index=0&id=5f76d554&lang=scss&scoped=true

Module Warning (from ./node_modules/sass-loader/dist/cjs.js):
Deprecation Warning on line 4, column 18 of file:///Users/jonathonbyrdziak/Sites/sulla/sulla-desktop/pkg/rancher-desktop/components/Help.vue:4:18:
Sass @import rules are deprecated and will be removed in Dart Sass 3.0.0.

More info and automated migrator: https://sass-lang.com/d/import

4 |           @import "@pkg/assets/styles/base/_mixins.scss";


pkg/rancher-desktop/components/Help.vue 5:19  root stylesheet


 warning  in ./pkg/rancher-desktop/components/Help.vue?vue&type=style&index=0&id=5f76d554&lang=scss&scoped=true

Module Warning (from ./node_modules/sass-loader/dist/cjs.js):
Deprecation Warning on line 22, column 12 of file:///Users/jonathonbyrdziak/Sites/sulla/sulla-desktop/pkg/rancher-desktop/assets/styles/base/_functions.scss:22:12:
The Sass if() syntax is deprecated in favor of the modern CSS syntax.

Suggestion: if(sass(math.abs($color-brightness - $light-text-brightness) > math.abs($color-brightness - $dark-text-brightness)): $light; else: $dark)

More info: https://sass-lang.com/d/if-function

22 |     @return if(math.abs($color-brightness - $light-text-brightness) > math.abs($color-brightness - $dark-text-brightness), $light, $dark);


pkg/rancher-desktop/assets/styles/base/_functions.scss 23:13  @import
pkg/rancher-desktop/components/Help.vue 4:19                  root stylesheet


 warning  in ./pkg/rancher-desktop/components/Images.vue?vue&type=style&index=0&id=7dc6d8d8&lang=scss&scoped=true

Module Warning (from ./node_modules/sass-loader/dist/cjs.js):
Deprecation Warning on line 2, column 18 of file:///Users/jonathonbyrdziak/Sites/sulla/sulla-desktop/pkg/rancher-desktop/components/Images.vue:2:18:
Sass @import rules are deprecated and will be removed in Dart Sass 3.0.0.

More info and automated migrator: https://sass-lang.com/d/import

2 |           @import "@pkg/assets/styles/base/_variables.scss";


pkg/rancher-desktop/components/Images.vue 3:19  root stylesheet


 warning  in ./pkg/rancher-desktop/components/Images.vue?vue&type=style&index=0&id=7dc6d8d8&lang=scss&scoped=true

Module Warning (from ./node_modules/sass-loader/dist/cjs.js):
Deprecation Warning on line 3, column 18 of file:///Users/jonathonbyrdziak/Sites/sulla/sulla-desktop/pkg/rancher-desktop/components/Images.vue:3:18:
Sass @import rules are deprecated and will be removed in Dart Sass 3.0.0.

More info and automated migrator: https://sass-lang.com/d/import

3 |           @import "@pkg/assets/styles/base/_functions.scss";


pkg/rancher-desktop/components/Images.vue 4:19  root stylesheet


 warning  in ./pkg/rancher-desktop/components/Images.vue?vue&type=style&index=0&id=7dc6d8d8&lang=scss&scoped=true

Module Warning (from ./node_modules/sass-loader/dist/cjs.js):
Deprecation Warning on line 4, column 18 of file:///Users/jonathonbyrdziak/Sites/sulla/sulla-desktop/pkg/rancher-desktop/components/Images.vue:4:18:
Sass @import rules are deprecated and will be removed in Dart Sass 3.0.0.

More info and automated migrator: https://sass-lang.com/d/import

4 |           @import "@pkg/assets/styles/base/_mixins.scss";


pkg/rancher-desktop/components/Images.vue 5:19  root stylesheet


 warning  in ./pkg/rancher-desktop/components/Images.vue?vue&type=style&index=0&id=7dc6d8d8&lang=scss&scoped=true

Module Warning (from ./node_modules/sass-loader/dist/cjs.js):
Deprecation Warning on line 22, column 12 of file:///Users/jonathonbyrdziak/Sites/sulla/sulla-desktop/pkg/rancher-desktop/assets/styles/base/_functions.scss:22:12:
The Sass if() syntax is deprecated in favor of the modern CSS syntax.

Suggestion: if(sass(math.abs($color-brightness - $light-text-brightness) > math.abs($color-brightness - $dark-text-brightness)): $light; else: $dark)

More info: https://sass-lang.com/d/if-function

22 |     @return if(math.abs($color-brightness - $light-text-brightness) > math.abs($color-brightness - $dark-text-brightness), $light, $dark);


pkg/rancher-desktop/assets/styles/base/_functions.scss 23:13  @import
pkg/rancher-desktop/components/Images.vue 4:19                root stylesheet


 warning  in ./pkg/rancher-desktop/components/ImagesButtonAdd.vue?vue&type=style&index=0&id=3b6081aa&lang=scss&scoped=true

Module Warning (from ./node_modules/sass-loader/dist/cjs.js):
Deprecation Warning on line 2, column 18 of file:///Users/jonathonbyrdziak/Sites/sulla/sulla-desktop/pkg/rancher-desktop/components/ImagesButtonAdd.vue:2:18:
Sass @import rules are deprecated and will be removed in Dart Sass 3.0.0.

More info and automated migrator: https://sass-lang.com/d/import

2 |           @import "@pkg/assets/styles/base/_variables.scss";


pkg/rancher-desktop/components/ImagesButtonAdd.vue 3:19  root stylesheet


 warning  in ./pkg/rancher-desktop/components/ImagesButtonAdd.vue?vue&type=style&index=0&id=3b6081aa&lang=scss&scoped=true

Module Warning (from ./node_modules/sass-loader/dist/cjs.js):
Deprecation Warning on line 3, column 18 of file:///Users/jonathonbyrdziak/Sites/sulla/sulla-desktop/pkg/rancher-desktop/components/ImagesButtonAdd.vue:3:18:
Sass @import rules are deprecated and will be removed in Dart Sass 3.0.0.

More info and automated migrator: https://sass-lang.com/d/import

3 |           @import "@pkg/assets/styles/base/_functions.scss";


pkg/rancher-desktop/components/ImagesButtonAdd.vue 4:19  root stylesheet


 warning  in ./pkg/rancher-desktop/components/ImagesButtonAdd.vue?vue&type=style&index=0&id=3b6081aa&lang=scss&scoped=true

Module Warning (from ./node_modules/sass-loader/dist/cjs.js):
Deprecation Warning on line 4, column 18 of file:///Users/jonathonbyrdziak/Sites/sulla/sulla-desktop/pkg/rancher-desktop/components/ImagesButtonAdd.vue:4:18:
Sass @import rules are deprecated and will be removed in Dart Sass 3.0.0.

More info and automated migrator: https://sass-lang.com/d/import

4 |           @import "@pkg/assets/styles/base/_mixins.scss";


pkg/rancher-desktop/components/ImagesButtonAdd.vue 5:19  root stylesheet


 warning  in ./pkg/rancher-desktop/components/ImagesButtonAdd.vue?vue&type=style&index=0&id=3b6081aa&lang=scss&scoped=true

Module Warning (from ./node_modules/sass-loader/dist/cjs.js):
Deprecation Warning on line 22, column 12 of file:///Users/jonathonbyrdziak/Sites/sulla/sulla-desktop/pkg/rancher-desktop/assets/styles/base/_functions.scss:22:12:
The Sass if() syntax is deprecated in favor of the modern CSS syntax.

Suggestion: if(sass(math.abs($color-brightness - $light-text-brightness) > math.abs($color-brightness - $dark-text-brightness)): $light; else: $dark)

More info: https://sass-lang.com/d/if-function

22 |     @return if(math.abs($color-brightness - $light-text-brightness) > math.abs($color-brightness - $dark-text-brightness), $light, $dark);


pkg/rancher-desktop/assets/styles/base/_functions.scss 23:13  @import
pkg/rancher-desktop/components/ImagesButtonAdd.vue 4:19       root stylesheet


 warning  in ./pkg/rancher-desktop/components/ImagesFormAdd.vue?vue&type=style&index=0&id=ca60736e&lang=scss&scoped=true

Module Warning (from ./node_modules/sass-loader/dist/cjs.js):
Deprecation Warning on line 2, column 18 of file:///Users/jonathonbyrdziak/Sites/sulla/sulla-desktop/pkg/rancher-desktop/components/ImagesFormAdd.vue:2:18:
Sass @import rules are deprecated and will be removed in Dart Sass 3.0.0.

More info and automated migrator: https://sass-lang.com/d/import

2 |           @import "@pkg/assets/styles/base/_variables.scss";


pkg/rancher-desktop/components/ImagesFormAdd.vue 3:19  root stylesheet


 warning  in ./pkg/rancher-desktop/components/ImagesFormAdd.vue?vue&type=style&index=0&id=ca60736e&lang=scss&scoped=true

Module Warning (from ./node_modules/sass-loader/dist/cjs.js):
Deprecation Warning on line 3, column 18 of file:///Users/jonathonbyrdziak/Sites/sulla/sulla-desktop/pkg/rancher-desktop/components/ImagesFormAdd.vue:3:18:
Sass @import rules are deprecated and will be removed in Dart Sass 3.0.0.

More info and automated migrator: https://sass-lang.com/d/import

3 |           @import "@pkg/assets/styles/base/_functions.scss";


pkg/rancher-desktop/components/ImagesFormAdd.vue 4:19  root stylesheet


 warning  in ./pkg/rancher-desktop/components/ImagesFormAdd.vue?vue&type=style&index=0&id=ca60736e&lang=scss&scoped=true

Module Warning (from ./node_modules/sass-loader/dist/cjs.js):
Deprecation Warning on line 4, column 18 of file:///Users/jonathonbyrdziak/Sites/sulla/sulla-desktop/pkg/rancher-desktop/components/ImagesFormAdd.vue:4:18:
Sass @import rules are deprecated and will be removed in Dart Sass 3.0.0.

More info and automated migrator: https://sass-lang.com/d/import

4 |           @import "@pkg/assets/styles/base/_mixins.scss";


pkg/rancher-desktop/components/ImagesFormAdd.vue 5:19  root stylesheet


 warning  in ./pkg/rancher-desktop/components/ImagesFormAdd.vue?vue&type=style&index=0&id=ca60736e&lang=scss&scoped=true

Module Warning (from ./node_modules/sass-loader/dist/cjs.js):
Deprecation Warning on line 22, column 12 of file:///Users/jonathonbyrdziak/Sites/sulla/sulla-desktop/pkg/rancher-desktop/assets/styles/base/_functions.scss:22:12:
The Sass if() syntax is deprecated in favor of the modern CSS syntax.

Suggestion: if(sass(math.abs($color-brightness - $light-text-brightness) > math.abs($color-brightness - $dark-text-brightness)): $light; else: $dark)

More info: https://sass-lang.com/d/if-function

22 |     @return if(math.abs($color-brightness - $light-text-brightness) > math.abs($color-brightness - $dark-text-brightness), $light, $dark);


pkg/rancher-desktop/assets/styles/base/_functions.scss 23:13  @import
pkg/rancher-desktop/components/ImagesFormAdd.vue 4:19         root stylesheet


 warning  in ./pkg/rancher-desktop/components/ImagesOutputWindow.vue?vue&type=style&index=0&id=2d309ae0&lang=scss&scoped=true

Module Warning (from ./node_modules/sass-loader/dist/cjs.js):
Deprecation Warning on line 2, column 18 of file:///Users/jonathonbyrdziak/Sites/sulla/sulla-desktop/pkg/rancher-desktop/components/ImagesOutputWindow.vue:2:18:
Sass @import rules are deprecated and will be removed in Dart Sass 3.0.0.

More info and automated migrator: https://sass-lang.com/d/import

2 |           @import "@pkg/assets/styles/base/_variables.scss";


pkg/rancher-desktop/components/ImagesOutputWindow.vue 3:19  root stylesheet


 warning  in ./pkg/rancher-desktop/components/ImagesOutputWindow.vue?vue&type=style&index=0&id=2d309ae0&lang=scss&scoped=true

Module Warning (from ./node_modules/sass-loader/dist/cjs.js):
Deprecation Warning on line 3, column 18 of file:///Users/jonathonbyrdziak/Sites/sulla/sulla-desktop/pkg/rancher-desktop/components/ImagesOutputWindow.vue:3:18:
Sass @import rules are deprecated and will be removed in Dart Sass 3.0.0.

More info and automated migrator: https://sass-lang.com/d/import

3 |           @import "@pkg/assets/styles/base/_functions.scss";


pkg/rancher-desktop/components/ImagesOutputWindow.vue 4:19  root stylesheet


 warning  in ./pkg/rancher-desktop/components/ImagesOutputWindow.vue?vue&type=style&index=0&id=2d309ae0&lang=scss&scoped=true

Module Warning (from ./node_modules/sass-loader/dist/cjs.js):
Deprecation Warning on line 4, column 18 of file:///Users/jonathonbyrdziak/Sites/sulla/sulla-desktop/pkg/rancher-desktop/components/ImagesOutputWindow.vue:4:18:
Sass @import rules are deprecated and will be removed in Dart Sass 3.0.0.

More info and automated migrator: https://sass-lang.com/d/import

4 |           @import "@pkg/assets/styles/base/_mixins.scss";


pkg/rancher-desktop/components/ImagesOutputWindow.vue 5:19  root stylesheet


 warning  in ./pkg/rancher-desktop/components/ImagesOutputWindow.vue?vue&type=style&index=0&id=2d309ae0&lang=scss&scoped=true

Module Warning (from ./node_modules/sass-loader/dist/cjs.js):
Deprecation Warning on line 22, column 12 of file:///Users/jonathonbyrdziak/Sites/sulla/sulla-desktop/pkg/rancher-desktop/assets/styles/base/_functions.scss:22:12:
The Sass if() syntax is deprecated in favor of the modern CSS syntax.

Suggestion: if(sass(math.abs($color-brightness - $light-text-brightness) > math.abs($color-brightness - $dark-text-brightness)): $light; else: $dark)

More info: https://sass-lang.com/d/if-function

22 |     @return if(math.abs($color-brightness - $light-text-brightness) > math.abs($color-brightness - $dark-text-brightness), $light, $dark);


pkg/rancher-desktop/assets/styles/base/_functions.scss 23:13  @import
pkg/rancher-desktop/components/ImagesOutputWindow.vue 4:19    root stylesheet


 warning  in ./pkg/rancher-desktop/components/ImagesScanResults.vue?vue&type=style&index=0&id=7c969a6f&lang=scss&scoped=true

Module Warning (from ./node_modules/sass-loader/dist/cjs.js):
Deprecation Warning on line 2, column 18 of file:///Users/jonathonbyrdziak/Sites/sulla/sulla-desktop/pkg/rancher-desktop/components/ImagesScanResults.vue:2:18:
Sass @import rules are deprecated and will be removed in Dart Sass 3.0.0.

More info and automated migrator: https://sass-lang.com/d/import

2 |           @import "@pkg/assets/styles/base/_variables.scss";


pkg/rancher-desktop/components/ImagesScanResults.vue 3:19  root stylesheet


 warning  in ./pkg/rancher-desktop/components/ImagesScanResults.vue?vue&type=style&index=0&id=7c969a6f&lang=scss&scoped=true

Module Warning (from ./node_modules/sass-loader/dist/cjs.js):
Deprecation Warning on line 3, column 18 of file:///Users/jonathonbyrdziak/Sites/sulla/sulla-desktop/pkg/rancher-desktop/components/ImagesScanResults.vue:3:18:
Sass @import rules are deprecated and will be removed in Dart Sass 3.0.0.

More info and automated migrator: https://sass-lang.com/d/import

3 |           @import "@pkg/assets/styles/base/_functions.scss";


pkg/rancher-desktop/components/ImagesScanResults.vue 4:19  root stylesheet


 warning  in ./pkg/rancher-desktop/components/ImagesScanResults.vue?vue&type=style&index=0&id=7c969a6f&lang=scss&scoped=true

Module Warning (from ./node_modules/sass-loader/dist/cjs.js):
Deprecation Warning on line 4, column 18 of file:///Users/jonathonbyrdziak/Sites/sulla/sulla-desktop/pkg/rancher-desktop/components/ImagesScanResults.vue:4:18:
Sass @import rules are deprecated and will be removed in Dart Sass 3.0.0.

More info and automated migrator: https://sass-lang.com/d/import

4 |           @import "@pkg/assets/styles/base/_mixins.scss";


pkg/rancher-desktop/components/ImagesScanResults.vue 5:19  root stylesheet


 warning  in ./pkg/rancher-desktop/components/ImagesScanResults.vue?vue&type=style&index=0&id=7c969a6f&lang=scss&scoped=true

Module Warning (from ./node_modules/sass-loader/dist/cjs.js):
Deprecation Warning on line 22, column 12 of file:///Users/jonathonbyrdziak/Sites/sulla/sulla-desktop/pkg/rancher-desktop/assets/styles/base/_functions.scss:22:12:
The Sass if() syntax is deprecated in favor of the modern CSS syntax.

Suggestion: if(sass(math.abs($color-brightness - $light-text-brightness) > math.abs($color-brightness - $dark-text-brightness)): $light; else: $dark)

More info: https://sass-lang.com/d/if-function

22 |     @return if(math.abs($color-brightness - $light-text-brightness) > math.abs($color-brightness - $dark-text-brightness), $light, $dark);


pkg/rancher-desktop/assets/styles/base/_functions.scss 23:13  @import
pkg/rancher-desktop/components/ImagesScanResults.vue 4:19     root stylesheet


 warning  in ./pkg/rancher-desktop/components/IncompatiblePreferencesAlert.vue?vue&type=style&index=0&id=6711e063&scoped=true&lang=scss

Module Warning (from ./node_modules/sass-loader/dist/cjs.js):
Deprecation Warning on line 2, column 18 of file:///Users/jonathonbyrdziak/Sites/sulla/sulla-desktop/pkg/rancher-desktop/components/IncompatiblePreferencesAlert.vue:2:18:
Sass @import rules are deprecated and will be removed in Dart Sass 3.0.0.

More info and automated migrator: https://sass-lang.com/d/import

2 |           @import "@pkg/assets/styles/base/_variables.scss";


pkg/rancher-desktop/components/IncompatiblePreferencesAlert.vue 3:19  root stylesheet


 warning  in ./pkg/rancher-desktop/components/IncompatiblePreferencesAlert.vue?vue&type=style&index=0&id=6711e063&scoped=true&lang=scss

Module Warning (from ./node_modules/sass-loader/dist/cjs.js):
Deprecation Warning on line 3, column 18 of file:///Users/jonathonbyrdziak/Sites/sulla/sulla-desktop/pkg/rancher-desktop/components/IncompatiblePreferencesAlert.vue:3:18:
Sass @import rules are deprecated and will be removed in Dart Sass 3.0.0.

More info and automated migrator: https://sass-lang.com/d/import

3 |           @import "@pkg/assets/styles/base/_functions.scss";


pkg/rancher-desktop/components/IncompatiblePreferencesAlert.vue 4:19  root stylesheet


 warning  in ./pkg/rancher-desktop/components/IncompatiblePreferencesAlert.vue?vue&type=style&index=0&id=6711e063&scoped=true&lang=scss

Module Warning (from ./node_modules/sass-loader/dist/cjs.js):
Deprecation Warning on line 4, column 18 of file:///Users/jonathonbyrdziak/Sites/sulla/sulla-desktop/pkg/rancher-desktop/components/IncompatiblePreferencesAlert.vue:4:18:
Sass @import rules are deprecated and will be removed in Dart Sass 3.0.0.

More info and automated migrator: https://sass-lang.com/d/import

4 |           @import "@pkg/assets/styles/base/_mixins.scss";


pkg/rancher-desktop/components/IncompatiblePreferencesAlert.vue 5:19  root stylesheet


 warning  in ./pkg/rancher-desktop/components/IncompatiblePreferencesAlert.vue?vue&type=style&index=0&id=6711e063&scoped=true&lang=scss

Module Warning (from ./node_modules/sass-loader/dist/cjs.js):
Deprecation Warning on line 22, column 12 of file:///Users/jonathonbyrdziak/Sites/sulla/sulla-desktop/pkg/rancher-desktop/assets/styles/base/_functions.scss:22:12:
The Sass if() syntax is deprecated in favor of the modern CSS syntax.

Suggestion: if(sass(math.abs($color-brightness - $light-text-brightness) > math.abs($color-brightness - $dark-text-brightness)): $light; else: $dark)

More info: https://sass-lang.com/d/if-function

22 |     @return if(math.abs($color-brightness - $light-text-brightness) > math.abs($color-brightness - $dark-text-brightness), $light, $dark);


pkg/rancher-desktop/assets/styles/base/_functions.scss 23:13          @import
pkg/rancher-desktop/components/IncompatiblePreferencesAlert.vue 4:19  root stylesheet


 warning  in ./pkg/rancher-desktop/components/LoadingIndicator.vue?vue&type=style&index=0&id=5dc35fac&lang=scss&scoped=true

Module Warning (from ./node_modules/sass-loader/dist/cjs.js):
Deprecation Warning on line 2, column 18 of file:///Users/jonathonbyrdziak/Sites/sulla/sulla-desktop/pkg/rancher-desktop/components/LoadingIndicator.vue:2:18:
Sass @import rules are deprecated and will be removed in Dart Sass 3.0.0.

More info and automated migrator: https://sass-lang.com/d/import

2 |           @import "@pkg/assets/styles/base/_variables.scss";


pkg/rancher-desktop/components/LoadingIndicator.vue 3:19  root stylesheet


 warning  in ./pkg/rancher-desktop/components/LoadingIndicator.vue?vue&type=style&index=0&id=5dc35fac&lang=scss&scoped=true

Module Warning (from ./node_modules/sass-loader/dist/cjs.js):
Deprecation Warning on line 3, column 18 of file:///Users/jonathonbyrdziak/Sites/sulla/sulla-desktop/pkg/rancher-desktop/components/LoadingIndicator.vue:3:18:
Sass @import rules are deprecated and will be removed in Dart Sass 3.0.0.

More info and automated migrator: https://sass-lang.com/d/import

3 |           @import "@pkg/assets/styles/base/_functions.scss";


pkg/rancher-desktop/components/LoadingIndicator.vue 4:19  root stylesheet


 warning  in ./pkg/rancher-desktop/components/LoadingIndicator.vue?vue&type=style&index=0&id=5dc35fac&lang=scss&scoped=true

Module Warning (from ./node_modules/sass-loader/dist/cjs.js):
Deprecation Warning on line 4, column 18 of file:///Users/jonathonbyrdziak/Sites/sulla/sulla-desktop/pkg/rancher-desktop/components/LoadingIndicator.vue:4:18:
Sass @import rules are deprecated and will be removed in Dart Sass 3.0.0.

More info and automated migrator: https://sass-lang.com/d/import

4 |           @import "@pkg/assets/styles/base/_mixins.scss";


pkg/rancher-desktop/components/LoadingIndicator.vue 5:19  root stylesheet


 warning  in ./pkg/rancher-desktop/components/LoadingIndicator.vue?vue&type=style&index=0&id=5dc35fac&lang=scss&scoped=true

Module Warning (from ./node_modules/sass-loader/dist/cjs.js):
Deprecation Warning on line 22, column 12 of file:///Users/jonathonbyrdziak/Sites/sulla/sulla-desktop/pkg/rancher-desktop/assets/styles/base/_functions.scss:22:12:
The Sass if() syntax is deprecated in favor of the modern CSS syntax.

Suggestion: if(sass(math.abs($color-brightness - $light-text-brightness) > math.abs($color-brightness - $dark-text-brightness)): $light; else: $dark)

More info: https://sass-lang.com/d/if-function

22 |     @return if(math.abs($color-brightness - $light-text-brightness) > math.abs($color-brightness - $dark-text-brightness), $light, $dark);


pkg/rancher-desktop/assets/styles/base/_functions.scss 23:13  @import
pkg/rancher-desktop/components/LoadingIndicator.vue 4:19      root stylesheet


 warning  in ./pkg/rancher-desktop/components/MountTypeSelector.vue?vue&type=style&index=0&id=59a33a28&lang=scss&scoped=true

Module Warning (from ./node_modules/sass-loader/dist/cjs.js):
Deprecation Warning on line 2, column 18 of file:///Users/jonathonbyrdziak/Sites/sulla/sulla-desktop/pkg/rancher-desktop/components/MountTypeSelector.vue:2:18:
Sass @import rules are deprecated and will be removed in Dart Sass 3.0.0.

More info and automated migrator: https://sass-lang.com/d/import

2 |           @import "@pkg/assets/styles/base/_variables.scss";


pkg/rancher-desktop/components/MountTypeSelector.vue 3:19  root stylesheet


 warning  in ./pkg/rancher-desktop/components/MountTypeSelector.vue?vue&type=style&index=0&id=59a33a28&lang=scss&scoped=true

Module Warning (from ./node_modules/sass-loader/dist/cjs.js):
Deprecation Warning on line 3, column 18 of file:///Users/jonathonbyrdziak/Sites/sulla/sulla-desktop/pkg/rancher-desktop/components/MountTypeSelector.vue:3:18:
Sass @import rules are deprecated and will be removed in Dart Sass 3.0.0.

More info and automated migrator: https://sass-lang.com/d/import

3 |           @import "@pkg/assets/styles/base/_functions.scss";


pkg/rancher-desktop/components/MountTypeSelector.vue 4:19  root stylesheet


 warning  in ./pkg/rancher-desktop/components/MountTypeSelector.vue?vue&type=style&index=0&id=59a33a28&lang=scss&scoped=true

Module Warning (from ./node_modules/sass-loader/dist/cjs.js):
Deprecation Warning on line 4, column 18 of file:///Users/jonathonbyrdziak/Sites/sulla/sulla-desktop/pkg/rancher-desktop/components/MountTypeSelector.vue:4:18:
Sass @import rules are deprecated and will be removed in Dart Sass 3.0.0.

More info and automated migrator: https://sass-lang.com/d/import

4 |           @import "@pkg/assets/styles/base/_mixins.scss";


pkg/rancher-desktop/components/MountTypeSelector.vue 5:19  root stylesheet


 warning  in ./pkg/rancher-desktop/components/MountTypeSelector.vue?vue&type=style&index=0&id=59a33a28&lang=scss&scoped=true

Module Warning (from ./node_modules/sass-loader/dist/cjs.js):
Deprecation Warning on line 22, column 12 of file:///Users/jonathonbyrdziak/Sites/sulla/sulla-desktop/pkg/rancher-desktop/assets/styles/base/_functions.scss:22:12:
The Sass if() syntax is deprecated in favor of the modern CSS syntax.

Suggestion: if(sass(math.abs($color-brightness - $light-text-brightness) > math.abs($color-brightness - $dark-text-brightness)): $light; else: $dark)

More info: https://sass-lang.com/d/if-function

22 |     @return if(math.abs($color-brightness - $light-text-brightness) > math.abs($color-brightness - $dark-text-brightness), $light, $dark);


pkg/rancher-desktop/assets/styles/base/_functions.scss 23:13  @import
pkg/rancher-desktop/components/MountTypeSelector.vue 4:19     root stylesheet


 warning  in ./pkg/rancher-desktop/components/Nav.vue?vue&type=style&index=0&id=d9d11bbe&scoped=true&lang=scss

Module Warning (from ./node_modules/sass-loader/dist/cjs.js):
Deprecation Warning on line 2, column 18 of file:///Users/jonathonbyrdziak/Sites/sulla/sulla-desktop/pkg/rancher-desktop/components/Nav.vue:2:18:
Sass @import rules are deprecated and will be removed in Dart Sass 3.0.0.

More info and automated migrator: https://sass-lang.com/d/import

2 |           @import "@pkg/assets/styles/base/_variables.scss";


pkg/rancher-desktop/components/Nav.vue 3:19  root stylesheet


 warning  in ./pkg/rancher-desktop/components/Nav.vue?vue&type=style&index=0&id=d9d11bbe&scoped=true&lang=scss

Module Warning (from ./node_modules/sass-loader/dist/cjs.js):
Deprecation Warning on line 3, column 18 of file:///Users/jonathonbyrdziak/Sites/sulla/sulla-desktop/pkg/rancher-desktop/components/Nav.vue:3:18:
Sass @import rules are deprecated and will be removed in Dart Sass 3.0.0.

More info and automated migrator: https://sass-lang.com/d/import

3 |           @import "@pkg/assets/styles/base/_functions.scss";


pkg/rancher-desktop/components/Nav.vue 4:19  root stylesheet


 warning  in ./pkg/rancher-desktop/components/Nav.vue?vue&type=style&index=0&id=d9d11bbe&scoped=true&lang=scss

Module Warning (from ./node_modules/sass-loader/dist/cjs.js):
Deprecation Warning on line 4, column 18 of file:///Users/jonathonbyrdziak/Sites/sulla/sulla-desktop/pkg/rancher-desktop/components/Nav.vue:4:18:
Sass @import rules are deprecated and will be removed in Dart Sass 3.0.0.

More info and automated migrator: https://sass-lang.com/d/import

4 |           @import "@pkg/assets/styles/base/_mixins.scss";


pkg/rancher-desktop/components/Nav.vue 5:19  root stylesheet


 warning  in ./pkg/rancher-desktop/components/Nav.vue?vue&type=style&index=0&id=d9d11bbe&scoped=true&lang=scss

Module Warning (from ./node_modules/sass-loader/dist/cjs.js):
Deprecation Warning on line 22, column 12 of file:///Users/jonathonbyrdziak/Sites/sulla/sulla-desktop/pkg/rancher-desktop/assets/styles/base/_functions.scss:22:12:
The Sass if() syntax is deprecated in favor of the modern CSS syntax.

Suggestion: if(sass(math.abs($color-brightness - $light-text-brightness) > math.abs($color-brightness - $dark-text-brightness)): $light; else: $dark)

More info: https://sass-lang.com/d/if-function

22 |     @return if(math.abs($color-brightness - $light-text-brightness) > math.abs($color-brightness - $dark-text-brightness), $light, $dark);


pkg/rancher-desktop/assets/styles/base/_functions.scss 23:13  @import
pkg/rancher-desktop/components/Nav.vue 4:19                   root stylesheet


 warning  in ./pkg/rancher-desktop/components/NavIconExtension.vue?vue&type=style&index=0&id=762d0af5&lang=scss&scoped=true

Module Warning (from ./node_modules/sass-loader/dist/cjs.js):
Deprecation Warning on line 2, column 18 of file:///Users/jonathonbyrdziak/Sites/sulla/sulla-desktop/pkg/rancher-desktop/components/NavIconExtension.vue:2:18:
Sass @import rules are deprecated and will be removed in Dart Sass 3.0.0.

More info and automated migrator: https://sass-lang.com/d/import

2 |           @import "@pkg/assets/styles/base/_variables.scss";


pkg/rancher-desktop/components/NavIconExtension.vue 3:19  root stylesheet


 warning  in ./pkg/rancher-desktop/components/NavIconExtension.vue?vue&type=style&index=0&id=762d0af5&lang=scss&scoped=true

Module Warning (from ./node_modules/sass-loader/dist/cjs.js):
Deprecation Warning on line 3, column 18 of file:///Users/jonathonbyrdziak/Sites/sulla/sulla-desktop/pkg/rancher-desktop/components/NavIconExtension.vue:3:18:
Sass @import rules are deprecated and will be removed in Dart Sass 3.0.0.

More info and automated migrator: https://sass-lang.com/d/import

3 |           @import "@pkg/assets/styles/base/_functions.scss";


pkg/rancher-desktop/components/NavIconExtension.vue 4:19  root stylesheet


 warning  in ./pkg/rancher-desktop/components/NavIconExtension.vue?vue&type=style&index=0&id=762d0af5&lang=scss&scoped=true

Module Warning (from ./node_modules/sass-loader/dist/cjs.js):
Deprecation Warning on line 4, column 6 of file:///Users/jonathonbyrdziak/Sites/sulla/sulla-desktop/pkg/rancher-desktop/assets/styles/base/_functions.scss:4:6:
Global built-in functions are deprecated and will be removed in Dart Sass 3.0.0.
Use meta.type-of instead.

More info and automated migrator: https://sass-lang.com/d/import

4 |   @if type-of($color) == color {


pkg/rancher-desktop/assets/styles/base/_functions.scss 5:7  brightness()
pkg/rancher-desktop/components/NavIconExtension.vue 18:15   root stylesheet


 warning  in ./pkg/rancher-desktop/components/NavIconExtension.vue?vue&type=style&index=0&id=762d0af5&lang=scss&scoped=true

Module Warning (from ./node_modules/sass-loader/dist/cjs.js):
Deprecation Warning on line 4, column 18 of file:///Users/jonathonbyrdziak/Sites/sulla/sulla-desktop/pkg/rancher-desktop/components/NavIconExtension.vue:4:18:
Sass @import rules are deprecated and will be removed in Dart Sass 3.0.0.

More info and automated migrator: https://sass-lang.com/d/import

4 |           @import "@pkg/assets/styles/base/_mixins.scss";


pkg/rancher-desktop/components/NavIconExtension.vue 5:19  root stylesheet


 warning  in ./pkg/rancher-desktop/components/NavIconExtension.vue?vue&type=style&index=0&id=762d0af5&lang=scss&scoped=true

Module Warning (from ./node_modules/sass-loader/dist/cjs.js):
Deprecation Warning on line 8, column 12 of file:///Users/jonathonbyrdziak/Sites/sulla/sulla-desktop/pkg/rancher-desktop/assets/styles/base/_functions.scss:8:12:
Global built-in functions are deprecated and will be removed in Dart Sass 3.0.0.
Use string.unquote instead.

More info and automated migrator: https://sass-lang.com/d/import

8 |     @return unquote("brightness(#{$color})");


pkg/rancher-desktop/assets/styles/base/_functions.scss 9:13  brightness()
pkg/rancher-desktop/components/NavIconExtension.vue 18:15    root stylesheet


 warning  in ./pkg/rancher-desktop/components/NavIconExtension.vue?vue&type=style&index=0&id=762d0af5&lang=scss&scoped=true

Module Warning (from ./node_modules/sass-loader/dist/cjs.js):
Deprecation Warning on line 22, column 12 of file:///Users/jonathonbyrdziak/Sites/sulla/sulla-desktop/pkg/rancher-desktop/assets/styles/base/_functions.scss:22:12:
The Sass if() syntax is deprecated in favor of the modern CSS syntax.

Suggestion: if(sass(math.abs($color-brightness - $light-text-brightness) > math.abs($color-brightness - $dark-text-brightness)): $light; else: $dark)

More info: https://sass-lang.com/d/if-function

22 |     @return if(math.abs($color-brightness - $light-text-brightness) > math.abs($color-brightness - $dark-text-brightness), $light, $dark);


pkg/rancher-desktop/assets/styles/base/_functions.scss 23:13  @import
pkg/rancher-desktop/components/NavIconExtension.vue 4:19      root stylesheet


 warning  in ./pkg/rancher-desktop/components/NavItem.vue?vue&type=style&index=0&id=3b907241&scoped=true&lang=scss

Module Warning (from ./node_modules/sass-loader/dist/cjs.js):
Deprecation Warning on line 2, column 18 of file:///Users/jonathonbyrdziak/Sites/sulla/sulla-desktop/pkg/rancher-desktop/components/NavItem.vue:2:18:
Sass @import rules are deprecated and will be removed in Dart Sass 3.0.0.

More info and automated migrator: https://sass-lang.com/d/import

2 |           @import "@pkg/assets/styles/base/_variables.scss";


pkg/rancher-desktop/components/NavItem.vue 3:19  root stylesheet


 warning  in ./pkg/rancher-desktop/components/NavItem.vue?vue&type=style&index=0&id=3b907241&scoped=true&lang=scss

Module Warning (from ./node_modules/sass-loader/dist/cjs.js):
Deprecation Warning on line 3, column 18 of file:///Users/jonathonbyrdziak/Sites/sulla/sulla-desktop/pkg/rancher-desktop/components/NavItem.vue:3:18:
Sass @import rules are deprecated and will be removed in Dart Sass 3.0.0.

More info and automated migrator: https://sass-lang.com/d/import

3 |           @import "@pkg/assets/styles/base/_functions.scss";


pkg/rancher-desktop/components/NavItem.vue 4:19  root stylesheet


 warning  in ./pkg/rancher-desktop/components/NavItem.vue?vue&type=style&index=0&id=3b907241&scoped=true&lang=scss

Module Warning (from ./node_modules/sass-loader/dist/cjs.js):
Deprecation Warning on line 4, column 18 of file:///Users/jonathonbyrdziak/Sites/sulla/sulla-desktop/pkg/rancher-desktop/components/NavItem.vue:4:18:
Sass @import rules are deprecated and will be removed in Dart Sass 3.0.0.

More info and automated migrator: https://sass-lang.com/d/import

4 |           @import "@pkg/assets/styles/base/_mixins.scss";


pkg/rancher-desktop/components/NavItem.vue 5:19  root stylesheet


 warning  in ./pkg/rancher-desktop/components/NavItem.vue?vue&type=style&index=0&id=3b907241&scoped=true&lang=scss

Module Warning (from ./node_modules/sass-loader/dist/cjs.js):
Deprecation Warning on line 22, column 12 of file:///Users/jonathonbyrdziak/Sites/sulla/sulla-desktop/pkg/rancher-desktop/assets/styles/base/_functions.scss:22:12:
The Sass if() syntax is deprecated in favor of the modern CSS syntax.

Suggestion: if(sass(math.abs($color-brightness - $light-text-brightness) > math.abs($color-brightness - $dark-text-brightness)): $light; else: $dark)

More info: https://sass-lang.com/d/if-function

22 |     @return if(math.abs($color-brightness - $light-text-brightness) > math.abs($color-brightness - $dark-text-brightness), $light, $dark);


pkg/rancher-desktop/assets/styles/base/_functions.scss 23:13  @import
pkg/rancher-desktop/components/NavItem.vue 4:19               root stylesheet


 warning  in ./pkg/rancher-desktop/components/NetworkStatus.vue?vue&type=style&index=0&id=5373b4eb&scoped=true&lang=scss

Module Warning (from ./node_modules/sass-loader/dist/cjs.js):
Deprecation Warning on line 2, column 18 of file:///Users/jonathonbyrdziak/Sites/sulla/sulla-desktop/pkg/rancher-desktop/components/NetworkStatus.vue:2:18:
Sass @import rules are deprecated and will be removed in Dart Sass 3.0.0.

More info and automated migrator: https://sass-lang.com/d/import

2 |           @import "@pkg/assets/styles/base/_variables.scss";


pkg/rancher-desktop/components/NetworkStatus.vue 3:19  root stylesheet


 warning  in ./pkg/rancher-desktop/components/NetworkStatus.vue?vue&type=style&index=0&id=5373b4eb&scoped=true&lang=scss

Module Warning (from ./node_modules/sass-loader/dist/cjs.js):
Deprecation Warning on line 3, column 18 of file:///Users/jonathonbyrdziak/Sites/sulla/sulla-desktop/pkg/rancher-desktop/components/NetworkStatus.vue:3:18:
Sass @import rules are deprecated and will be removed in Dart Sass 3.0.0.

More info and automated migrator: https://sass-lang.com/d/import

3 |           @import "@pkg/assets/styles/base/_functions.scss";


pkg/rancher-desktop/components/NetworkStatus.vue 4:19  root stylesheet


 warning  in ./pkg/rancher-desktop/components/NetworkStatus.vue?vue&type=style&index=0&id=5373b4eb&scoped=true&lang=scss

Module Warning (from ./node_modules/sass-loader/dist/cjs.js):
Deprecation Warning on line 4, column 18 of file:///Users/jonathonbyrdziak/Sites/sulla/sulla-desktop/pkg/rancher-desktop/components/NetworkStatus.vue:4:18:
Sass @import rules are deprecated and will be removed in Dart Sass 3.0.0.

More info and automated migrator: https://sass-lang.com/d/import

4 |           @import "@pkg/assets/styles/base/_mixins.scss";


pkg/rancher-desktop/components/NetworkStatus.vue 5:19  root stylesheet


 warning  in ./pkg/rancher-desktop/components/NetworkStatus.vue?vue&type=style&index=0&id=5373b4eb&scoped=true&lang=scss

Module Warning (from ./node_modules/sass-loader/dist/cjs.js):
Deprecation Warning on line 22, column 12 of file:///Users/jonathonbyrdziak/Sites/sulla/sulla-desktop/pkg/rancher-desktop/assets/styles/base/_functions.scss:22:12:
The Sass if() syntax is deprecated in favor of the modern CSS syntax.

Suggestion: if(sass(math.abs($color-brightness - $light-text-brightness) > math.abs($color-brightness - $dark-text-brightness)): $light; else: $dark)

More info: https://sass-lang.com/d/if-function

22 |     @return if(math.abs($color-brightness - $light-text-brightness) > math.abs($color-brightness - $dark-text-brightness), $light, $dark);


pkg/rancher-desktop/assets/styles/base/_functions.scss 23:13  @import
pkg/rancher-desktop/components/NetworkStatus.vue 4:19         root stylesheet


 warning  in ./pkg/rancher-desktop/components/Notifications.vue?vue&type=style&index=0&id=286d325e&scoped=true&lang=scss

Module Warning (from ./node_modules/sass-loader/dist/cjs.js):
Deprecation Warning on line 2, column 18 of file:///Users/jonathonbyrdziak/Sites/sulla/sulla-desktop/pkg/rancher-desktop/components/Notifications.vue:2:18:
Sass @import rules are deprecated and will be removed in Dart Sass 3.0.0.

More info and automated migrator: https://sass-lang.com/d/import

2 |           @import "@pkg/assets/styles/base/_variables.scss";


pkg/rancher-desktop/components/Notifications.vue 3:19  root stylesheet


 warning  in ./pkg/rancher-desktop/components/Notifications.vue?vue&type=style&index=0&id=286d325e&scoped=true&lang=scss

Module Warning (from ./node_modules/sass-loader/dist/cjs.js):
Deprecation Warning on line 3, column 18 of file:///Users/jonathonbyrdziak/Sites/sulla/sulla-desktop/pkg/rancher-desktop/components/Notifications.vue:3:18:
Sass @import rules are deprecated and will be removed in Dart Sass 3.0.0.

More info and automated migrator: https://sass-lang.com/d/import

3 |           @import "@pkg/assets/styles/base/_functions.scss";


pkg/rancher-desktop/components/Notifications.vue 4:19  root stylesheet


 warning  in ./pkg/rancher-desktop/components/Notifications.vue?vue&type=style&index=0&id=286d325e&scoped=true&lang=scss

Module Warning (from ./node_modules/sass-loader/dist/cjs.js):
Deprecation Warning on line 4, column 18 of file:///Users/jonathonbyrdziak/Sites/sulla/sulla-desktop/pkg/rancher-desktop/components/Notifications.vue:4:18:
Sass @import rules are deprecated and will be removed in Dart Sass 3.0.0.

More info and automated migrator: https://sass-lang.com/d/import

4 |           @import "@pkg/assets/styles/base/_mixins.scss";


pkg/rancher-desktop/components/Notifications.vue 5:19  root stylesheet


 warning  in ./pkg/rancher-desktop/components/Notifications.vue?vue&type=style&index=0&id=286d325e&scoped=true&lang=scss

Module Warning (from ./node_modules/sass-loader/dist/cjs.js):
Deprecation Warning on line 22, column 12 of file:///Users/jonathonbyrdziak/Sites/sulla/sulla-desktop/pkg/rancher-desktop/assets/styles/base/_functions.scss:22:12:
The Sass if() syntax is deprecated in favor of the modern CSS syntax.

Suggestion: if(sass(math.abs($color-brightness - $light-text-brightness) > math.abs($color-brightness - $dark-text-brightness)): $light; else: $dark)

More info: https://sass-lang.com/d/if-function

22 |     @return if(math.abs($color-brightness - $light-text-brightness) > math.abs($color-brightness - $dark-text-brightness), $light, $dark);


pkg/rancher-desktop/assets/styles/base/_functions.scss 23:13  @import
pkg/rancher-desktop/components/Notifications.vue 4:19         root stylesheet


 warning  in ./pkg/rancher-desktop/components/PathManagementSelector.vue?vue&type=style&index=0&id=6a9d8a44&lang=scss&scoped=true

Module Warning (from ./node_modules/sass-loader/dist/cjs.js):
Deprecation Warning on line 2, column 18 of file:///Users/jonathonbyrdziak/Sites/sulla/sulla-desktop/pkg/rancher-desktop/components/PathManagementSelector.vue:2:18:
Sass @import rules are deprecated and will be removed in Dart Sass 3.0.0.

More info and automated migrator: https://sass-lang.com/d/import

2 |           @import "@pkg/assets/styles/base/_variables.scss";


pkg/rancher-desktop/components/PathManagementSelector.vue 3:19  root stylesheet


 warning  in ./pkg/rancher-desktop/components/PathManagementSelector.vue?vue&type=style&index=0&id=6a9d8a44&lang=scss&scoped=true

Module Warning (from ./node_modules/sass-loader/dist/cjs.js):
Deprecation Warning on line 3, column 18 of file:///Users/jonathonbyrdziak/Sites/sulla/sulla-desktop/pkg/rancher-desktop/components/PathManagementSelector.vue:3:18:
Sass @import rules are deprecated and will be removed in Dart Sass 3.0.0.

More info and automated migrator: https://sass-lang.com/d/import

3 |           @import "@pkg/assets/styles/base/_functions.scss";


pkg/rancher-desktop/components/PathManagementSelector.vue 4:19  root stylesheet


 warning  in ./pkg/rancher-desktop/components/PathManagementSelector.vue?vue&type=style&index=0&id=6a9d8a44&lang=scss&scoped=true

Module Warning (from ./node_modules/sass-loader/dist/cjs.js):
Deprecation Warning on line 4, column 18 of file:///Users/jonathonbyrdziak/Sites/sulla/sulla-desktop/pkg/rancher-desktop/components/PathManagementSelector.vue:4:18:
Sass @import rules are deprecated and will be removed in Dart Sass 3.0.0.

More info and automated migrator: https://sass-lang.com/d/import

4 |           @import "@pkg/assets/styles/base/_mixins.scss";


pkg/rancher-desktop/components/PathManagementSelector.vue 5:19  root stylesheet


 warning  in ./pkg/rancher-desktop/components/PathManagementSelector.vue?vue&type=style&index=0&id=6a9d8a44&lang=scss&scoped=true

Module Warning (from ./node_modules/sass-loader/dist/cjs.js):
Deprecation Warning on line 22, column 12 of file:///Users/jonathonbyrdziak/Sites/sulla/sulla-desktop/pkg/rancher-desktop/assets/styles/base/_functions.scss:22:12:
The Sass if() syntax is deprecated in favor of the modern CSS syntax.

Suggestion: if(sass(math.abs($color-brightness - $light-text-brightness) > math.abs($color-brightness - $dark-text-brightness)): $light; else: $dark)

More info: https://sass-lang.com/d/if-function

22 |     @return if(math.abs($color-brightness - $light-text-brightness) > math.abs($color-brightness - $dark-text-brightness), $light, $dark);


pkg/rancher-desktop/assets/styles/base/_functions.scss 23:13    @import
pkg/rancher-desktop/components/PathManagementSelector.vue 4:19  root stylesheet


 warning  in ./pkg/rancher-desktop/components/Preferences/Alert.vue?vue&type=style&index=0&id=76c8ce3e&lang=scss&scoped=true

Module Warning (from ./node_modules/sass-loader/dist/cjs.js):
Deprecation Warning on line 2, column 18 of file:///Users/jonathonbyrdziak/Sites/sulla/sulla-desktop/pkg/rancher-desktop/components/Preferences/Alert.vue:2:18:
Sass @import rules are deprecated and will be removed in Dart Sass 3.0.0.

More info and automated migrator: https://sass-lang.com/d/import

2 |           @import "@pkg/assets/styles/base/_variables.scss";


pkg/rancher-desktop/components/Preferences/Alert.vue 3:19  root stylesheet


 warning  in ./pkg/rancher-desktop/components/Preferences/Alert.vue?vue&type=style&index=0&id=76c8ce3e&lang=scss&scoped=true

Module Warning (from ./node_modules/sass-loader/dist/cjs.js):
Deprecation Warning on line 3, column 18 of file:///Users/jonathonbyrdziak/Sites/sulla/sulla-desktop/pkg/rancher-desktop/components/Preferences/Alert.vue:3:18:
Sass @import rules are deprecated and will be removed in Dart Sass 3.0.0.

More info and automated migrator: https://sass-lang.com/d/import

3 |           @import "@pkg/assets/styles/base/_functions.scss";


pkg/rancher-desktop/components/Preferences/Alert.vue 4:19  root stylesheet


 warning  in ./pkg/rancher-desktop/components/Preferences/Alert.vue?vue&type=style&index=0&id=76c8ce3e&lang=scss&scoped=true

Module Warning (from ./node_modules/sass-loader/dist/cjs.js):
Deprecation Warning on line 4, column 18 of file:///Users/jonathonbyrdziak/Sites/sulla/sulla-desktop/pkg/rancher-desktop/components/Preferences/Alert.vue:4:18:
Sass @import rules are deprecated and will be removed in Dart Sass 3.0.0.

More info and automated migrator: https://sass-lang.com/d/import

4 |           @import "@pkg/assets/styles/base/_mixins.scss";


pkg/rancher-desktop/components/Preferences/Alert.vue 5:19  root stylesheet


 warning  in ./pkg/rancher-desktop/components/Preferences/Alert.vue?vue&type=style&index=0&id=76c8ce3e&lang=scss&scoped=true

Module Warning (from ./node_modules/sass-loader/dist/cjs.js):
Deprecation Warning on line 22, column 12 of file:///Users/jonathonbyrdziak/Sites/sulla/sulla-desktop/pkg/rancher-desktop/assets/styles/base/_functions.scss:22:12:
The Sass if() syntax is deprecated in favor of the modern CSS syntax.

Suggestion: if(sass(math.abs($color-brightness - $light-text-brightness) > math.abs($color-brightness - $dark-text-brightness)): $light; else: $dark)

More info: https://sass-lang.com/d/if-function

22 |     @return if(math.abs($color-brightness - $light-text-brightness) > math.abs($color-brightness - $dark-text-brightness), $light, $dark);


pkg/rancher-desktop/assets/styles/base/_functions.scss 23:13  @import
pkg/rancher-desktop/components/Preferences/Alert.vue 4:19     root stylesheet


 warning  in ./pkg/rancher-desktop/components/Preferences/ApplicationBehavior.vue?vue&type=style&index=0&id=2bb20e3a&lang=scss&scoped=true

Module Warning (from ./node_modules/sass-loader/dist/cjs.js):
Deprecation Warning on line 2, column 18 of file:///Users/jonathonbyrdziak/Sites/sulla/sulla-desktop/pkg/rancher-desktop/components/Preferences/ApplicationBehavior.vue:2:18:
Sass @import rules are deprecated and will be removed in Dart Sass 3.0.0.

More info and automated migrator: https://sass-lang.com/d/import

2 |           @import "@pkg/assets/styles/base/_variables.scss";


pkg/rancher-desktop/components/Preferences/ApplicationBehavior.vue 3:19  root stylesheet


 warning  in ./pkg/rancher-desktop/components/Preferences/ApplicationBehavior.vue?vue&type=style&index=0&id=2bb20e3a&lang=scss&scoped=true

Module Warning (from ./node_modules/sass-loader/dist/cjs.js):
Deprecation Warning on line 3, column 18 of file:///Users/jonathonbyrdziak/Sites/sulla/sulla-desktop/pkg/rancher-desktop/components/Preferences/ApplicationBehavior.vue:3:18:
Sass @import rules are deprecated and will be removed in Dart Sass 3.0.0.

More info and automated migrator: https://sass-lang.com/d/import

3 |           @import "@pkg/assets/styles/base/_functions.scss";


pkg/rancher-desktop/components/Preferences/ApplicationBehavior.vue 4:19  root stylesheet


 warning  in ./pkg/rancher-desktop/components/Preferences/ApplicationBehavior.vue?vue&type=style&index=0&id=2bb20e3a&lang=scss&scoped=true

Module Warning (from ./node_modules/sass-loader/dist/cjs.js):
Deprecation Warning on line 4, column 18 of file:///Users/jonathonbyrdziak/Sites/sulla/sulla-desktop/pkg/rancher-desktop/components/Preferences/ApplicationBehavior.vue:4:18:
Sass @import rules are deprecated and will be removed in Dart Sass 3.0.0.

More info and automated migrator: https://sass-lang.com/d/import

4 |           @import "@pkg/assets/styles/base/_mixins.scss";


pkg/rancher-desktop/components/Preferences/ApplicationBehavior.vue 5:19  root stylesheet


 warning  in ./pkg/rancher-desktop/components/Preferences/ApplicationBehavior.vue?vue&type=style&index=0&id=2bb20e3a&lang=scss&scoped=true

Module Warning (from ./node_modules/sass-loader/dist/cjs.js):
Deprecation Warning on line 22, column 12 of file:///Users/jonathonbyrdziak/Sites/sulla/sulla-desktop/pkg/rancher-desktop/assets/styles/base/_functions.scss:22:12:
The Sass if() syntax is deprecated in favor of the modern CSS syntax.

Suggestion: if(sass(math.abs($color-brightness - $light-text-brightness) > math.abs($color-brightness - $dark-text-brightness)): $light; else: $dark)

More info: https://sass-lang.com/d/if-function

22 |     @return if(math.abs($color-brightness - $light-text-brightness) > math.abs($color-brightness - $dark-text-brightness), $light, $dark);


pkg/rancher-desktop/assets/styles/base/_functions.scss 23:13             @import
pkg/rancher-desktop/components/Preferences/ApplicationBehavior.vue 4:19  root stylesheet


 warning  in ./pkg/rancher-desktop/components/Preferences/ApplicationGeneral.vue?vue&type=style&index=0&id=707ce3c3&lang=scss&scoped=true

Module Warning (from ./node_modules/sass-loader/dist/cjs.js):
Deprecation Warning on line 2, column 18 of file:///Users/jonathonbyrdziak/Sites/sulla/sulla-desktop/pkg/rancher-desktop/components/Preferences/ApplicationGeneral.vue:2:18:
Sass @import rules are deprecated and will be removed in Dart Sass 3.0.0.

More info and automated migrator: https://sass-lang.com/d/import

2 |           @import "@pkg/assets/styles/base/_variables.scss";


pkg/rancher-desktop/components/Preferences/ApplicationGeneral.vue 3:19  root stylesheet


 warning  in ./pkg/rancher-desktop/components/Preferences/ApplicationGeneral.vue?vue&type=style&index=0&id=707ce3c3&lang=scss&scoped=true

Module Warning (from ./node_modules/sass-loader/dist/cjs.js):
Deprecation Warning on line 3, column 18 of file:///Users/jonathonbyrdziak/Sites/sulla/sulla-desktop/pkg/rancher-desktop/components/Preferences/ApplicationGeneral.vue:3:18:
Sass @import rules are deprecated and will be removed in Dart Sass 3.0.0.

More info and automated migrator: https://sass-lang.com/d/import

3 |           @import "@pkg/assets/styles/base/_functions.scss";


pkg/rancher-desktop/components/Preferences/ApplicationGeneral.vue 4:19  root stylesheet


 warning  in ./pkg/rancher-desktop/components/Preferences/ApplicationGeneral.vue?vue&type=style&index=0&id=707ce3c3&lang=scss&scoped=true

Module Warning (from ./node_modules/sass-loader/dist/cjs.js):
Deprecation Warning on line 4, column 18 of file:///Users/jonathonbyrdziak/Sites/sulla/sulla-desktop/pkg/rancher-desktop/components/Preferences/ApplicationGeneral.vue:4:18:
Sass @import rules are deprecated and will be removed in Dart Sass 3.0.0.

More info and automated migrator: https://sass-lang.com/d/import

4 |           @import "@pkg/assets/styles/base/_mixins.scss";


pkg/rancher-desktop/components/Preferences/ApplicationGeneral.vue 5:19  root stylesheet


 warning  in ./pkg/rancher-desktop/components/Preferences/ApplicationGeneral.vue?vue&type=style&index=0&id=707ce3c3&lang=scss&scoped=true

Module Warning (from ./node_modules/sass-loader/dist/cjs.js):
Deprecation Warning on line 22, column 12 of file:///Users/jonathonbyrdziak/Sites/sulla/sulla-desktop/pkg/rancher-desktop/assets/styles/base/_functions.scss:22:12:
The Sass if() syntax is deprecated in favor of the modern CSS syntax.

Suggestion: if(sass(math.abs($color-brightness - $light-text-brightness) > math.abs($color-brightness - $dark-text-brightness)): $light; else: $dark)

More info: https://sass-lang.com/d/if-function

22 |     @return if(math.abs($color-brightness - $light-text-brightness) > math.abs($color-brightness - $dark-text-brightness), $light, $dark);


pkg/rancher-desktop/assets/styles/base/_functions.scss 23:13            @import
pkg/rancher-desktop/components/Preferences/ApplicationGeneral.vue 4:19  root stylesheet


 warning  in ./pkg/rancher-desktop/components/Preferences/BodyAppearance.vue?vue&type=style&index=0&id=503e6e90&lang=scss&scoped=true

Module Warning (from ./node_modules/sass-loader/dist/cjs.js):
Deprecation Warning on line 2, column 18 of file:///Users/jonathonbyrdziak/Sites/sulla/sulla-desktop/pkg/rancher-desktop/components/Preferences/BodyAppearance.vue:2:18:
Sass @import rules are deprecated and will be removed in Dart Sass 3.0.0.

More info and automated migrator: https://sass-lang.com/d/import

2 |           @import "@pkg/assets/styles/base/_variables.scss";


pkg/rancher-desktop/components/Preferences/BodyAppearance.vue 3:19  root stylesheet


 warning  in ./pkg/rancher-desktop/components/Preferences/BodyAppearance.vue?vue&type=style&index=0&id=503e6e90&lang=scss&scoped=true

Module Warning (from ./node_modules/sass-loader/dist/cjs.js):
Deprecation Warning on line 3, column 18 of file:///Users/jonathonbyrdziak/Sites/sulla/sulla-desktop/pkg/rancher-desktop/components/Preferences/BodyAppearance.vue:3:18:
Sass @import rules are deprecated and will be removed in Dart Sass 3.0.0.

More info and automated migrator: https://sass-lang.com/d/import

3 |           @import "@pkg/assets/styles/base/_functions.scss";


pkg/rancher-desktop/components/Preferences/BodyAppearance.vue 4:19  root stylesheet


 warning  in ./pkg/rancher-desktop/components/Preferences/BodyAppearance.vue?vue&type=style&index=0&id=503e6e90&lang=scss&scoped=true

Module Warning (from ./node_modules/sass-loader/dist/cjs.js):
Deprecation Warning on line 4, column 18 of file:///Users/jonathonbyrdziak/Sites/sulla/sulla-desktop/pkg/rancher-desktop/components/Preferences/BodyAppearance.vue:4:18:
Sass @import rules are deprecated and will be removed in Dart Sass 3.0.0.

More info and automated migrator: https://sass-lang.com/d/import

4 |           @import "@pkg/assets/styles/base/_mixins.scss";


pkg/rancher-desktop/components/Preferences/BodyAppearance.vue 5:19  root stylesheet


 warning  in ./pkg/rancher-desktop/components/Preferences/BodyAppearance.vue?vue&type=style&index=0&id=503e6e90&lang=scss&scoped=true

Module Warning (from ./node_modules/sass-loader/dist/cjs.js):
Deprecation Warning on line 22, column 12 of file:///Users/jonathonbyrdziak/Sites/sulla/sulla-desktop/pkg/rancher-desktop/assets/styles/base/_functions.scss:22:12:
The Sass if() syntax is deprecated in favor of the modern CSS syntax.

Suggestion: if(sass(math.abs($color-brightness - $light-text-brightness) > math.abs($color-brightness - $dark-text-brightness)): $light; else: $dark)

More info: https://sass-lang.com/d/if-function

22 |     @return if(math.abs($color-brightness - $light-text-brightness) > math.abs($color-brightness - $dark-text-brightness), $light, $dark);


pkg/rancher-desktop/assets/styles/base/_functions.scss 23:13        @import
pkg/rancher-desktop/components/Preferences/BodyAppearance.vue 4:19  root stylesheet


 warning  in ./pkg/rancher-desktop/components/Preferences/BodyApplication.vue?vue&type=style&index=0&id=57e7b993&lang=scss&scoped=true

Module Warning (from ./node_modules/sass-loader/dist/cjs.js):
Deprecation Warning on line 2, column 18 of file:///Users/jonathonbyrdziak/Sites/sulla/sulla-desktop/pkg/rancher-desktop/components/Preferences/BodyApplication.vue:2:18:
Sass @import rules are deprecated and will be removed in Dart Sass 3.0.0.

More info and automated migrator: https://sass-lang.com/d/import

2 |           @import "@pkg/assets/styles/base/_variables.scss";


pkg/rancher-desktop/components/Preferences/BodyApplication.vue 3:19  root stylesheet


 warning  in ./pkg/rancher-desktop/components/Preferences/BodyApplication.vue?vue&type=style&index=0&id=57e7b993&lang=scss&scoped=true

Module Warning (from ./node_modules/sass-loader/dist/cjs.js):
Deprecation Warning on line 3, column 18 of file:///Users/jonathonbyrdziak/Sites/sulla/sulla-desktop/pkg/rancher-desktop/components/Preferences/BodyApplication.vue:3:18:
Sass @import rules are deprecated and will be removed in Dart Sass 3.0.0.

More info and automated migrator: https://sass-lang.com/d/import

3 |           @import "@pkg/assets/styles/base/_functions.scss";


pkg/rancher-desktop/components/Preferences/BodyApplication.vue 4:19  root stylesheet


 warning  in ./pkg/rancher-desktop/components/Preferences/BodyApplication.vue?vue&type=style&index=0&id=57e7b993&lang=scss&scoped=true

Module Warning (from ./node_modules/sass-loader/dist/cjs.js):
Deprecation Warning on line 4, column 18 of file:///Users/jonathonbyrdziak/Sites/sulla/sulla-desktop/pkg/rancher-desktop/components/Preferences/BodyApplication.vue:4:18:
Sass @import rules are deprecated and will be removed in Dart Sass 3.0.0.

More info and automated migrator: https://sass-lang.com/d/import

4 |           @import "@pkg/assets/styles/base/_mixins.scss";


pkg/rancher-desktop/components/Preferences/BodyApplication.vue 5:19  root stylesheet


 warning  in ./pkg/rancher-desktop/components/Preferences/BodyApplication.vue?vue&type=style&index=0&id=57e7b993&lang=scss&scoped=true

Module Warning (from ./node_modules/sass-loader/dist/cjs.js):
Deprecation Warning on line 22, column 12 of file:///Users/jonathonbyrdziak/Sites/sulla/sulla-desktop/pkg/rancher-desktop/assets/styles/base/_functions.scss:22:12:
The Sass if() syntax is deprecated in favor of the modern CSS syntax.

Suggestion: if(sass(math.abs($color-brightness - $light-text-brightness) > math.abs($color-brightness - $dark-text-brightness)): $light; else: $dark)

More info: https://sass-lang.com/d/if-function

22 |     @return if(math.abs($color-brightness - $light-text-brightness) > math.abs($color-brightness - $dark-text-brightness), $light, $dark);


pkg/rancher-desktop/assets/styles/base/_functions.scss 23:13         @import
pkg/rancher-desktop/components/Preferences/BodyApplication.vue 4:19  root stylesheet


 warning  in ./pkg/rancher-desktop/components/Preferences/BodyContainerEngine.vue?vue&type=style&index=0&id=68f346f5&lang=scss&scoped=true

Module Warning (from ./node_modules/sass-loader/dist/cjs.js):
Deprecation Warning on line 2, column 18 of file:///Users/jonathonbyrdziak/Sites/sulla/sulla-desktop/pkg/rancher-desktop/components/Preferences/BodyContainerEngine.vue:2:18:
Sass @import rules are deprecated and will be removed in Dart Sass 3.0.0.

More info and automated migrator: https://sass-lang.com/d/import

2 |           @import "@pkg/assets/styles/base/_variables.scss";


pkg/rancher-desktop/components/Preferences/BodyContainerEngine.vue 3:19  root stylesheet


 warning  in ./pkg/rancher-desktop/components/Preferences/BodyContainerEngine.vue?vue&type=style&index=0&id=68f346f5&lang=scss&scoped=true

Module Warning (from ./node_modules/sass-loader/dist/cjs.js):
Deprecation Warning on line 3, column 18 of file:///Users/jonathonbyrdziak/Sites/sulla/sulla-desktop/pkg/rancher-desktop/components/Preferences/BodyContainerEngine.vue:3:18:
Sass @import rules are deprecated and will be removed in Dart Sass 3.0.0.

More info and automated migrator: https://sass-lang.com/d/import

3 |           @import "@pkg/assets/styles/base/_functions.scss";


pkg/rancher-desktop/components/Preferences/BodyContainerEngine.vue 4:19  root stylesheet


 warning  in ./pkg/rancher-desktop/components/Preferences/BodyContainerEngine.vue?vue&type=style&index=0&id=68f346f5&lang=scss&scoped=true

Module Warning (from ./node_modules/sass-loader/dist/cjs.js):
Deprecation Warning on line 4, column 18 of file:///Users/jonathonbyrdziak/Sites/sulla/sulla-desktop/pkg/rancher-desktop/components/Preferences/BodyContainerEngine.vue:4:18:
Sass @import rules are deprecated and will be removed in Dart Sass 3.0.0.

More info and automated migrator: https://sass-lang.com/d/import

4 |           @import "@pkg/assets/styles/base/_mixins.scss";


pkg/rancher-desktop/components/Preferences/BodyContainerEngine.vue 5:19  root stylesheet


 warning  in ./pkg/rancher-desktop/components/Preferences/BodyContainerEngine.vue?vue&type=style&index=0&id=68f346f5&lang=scss&scoped=true

Module Warning (from ./node_modules/sass-loader/dist/cjs.js):
Deprecation Warning on line 22, column 12 of file:///Users/jonathonbyrdziak/Sites/sulla/sulla-desktop/pkg/rancher-desktop/assets/styles/base/_functions.scss:22:12:
The Sass if() syntax is deprecated in favor of the modern CSS syntax.

Suggestion: if(sass(math.abs($color-brightness - $light-text-brightness) > math.abs($color-brightness - $dark-text-brightness)): $light; else: $dark)

More info: https://sass-lang.com/d/if-function

22 |     @return if(math.abs($color-brightness - $light-text-brightness) > math.abs($color-brightness - $dark-text-brightness), $light, $dark);


pkg/rancher-desktop/assets/styles/base/_functions.scss 23:13             @import
pkg/rancher-desktop/components/Preferences/BodyContainerEngine.vue 4:19  root stylesheet


 warning  in ./pkg/rancher-desktop/components/Preferences/BodyKubernetes.vue?vue&type=style&index=0&id=fde090f2&lang=scss&scoped=true

Module Warning (from ./node_modules/sass-loader/dist/cjs.js):
Deprecation Warning on line 2, column 18 of file:///Users/jonathonbyrdziak/Sites/sulla/sulla-desktop/pkg/rancher-desktop/components/Preferences/BodyKubernetes.vue:2:18:
Sass @import rules are deprecated and will be removed in Dart Sass 3.0.0.

More info and automated migrator: https://sass-lang.com/d/import

2 |           @import "@pkg/assets/styles/base/_variables.scss";


pkg/rancher-desktop/components/Preferences/BodyKubernetes.vue 3:19  root stylesheet


 warning  in ./pkg/rancher-desktop/components/Preferences/BodyKubernetes.vue?vue&type=style&index=0&id=fde090f2&lang=scss&scoped=true

Module Warning (from ./node_modules/sass-loader/dist/cjs.js):
Deprecation Warning on line 3, column 18 of file:///Users/jonathonbyrdziak/Sites/sulla/sulla-desktop/pkg/rancher-desktop/components/Preferences/BodyKubernetes.vue:3:18:
Sass @import rules are deprecated and will be removed in Dart Sass 3.0.0.

More info and automated migrator: https://sass-lang.com/d/import

3 |           @import "@pkg/assets/styles/base/_functions.scss";


pkg/rancher-desktop/components/Preferences/BodyKubernetes.vue 4:19  root stylesheet


 warning  in ./pkg/rancher-desktop/components/Preferences/BodyKubernetes.vue?vue&type=style&index=0&id=fde090f2&lang=scss&scoped=true

Module Warning (from ./node_modules/sass-loader/dist/cjs.js):
Deprecation Warning on line 4, column 18 of file:///Users/jonathonbyrdziak/Sites/sulla/sulla-desktop/pkg/rancher-desktop/components/Preferences/BodyKubernetes.vue:4:18:
Sass @import rules are deprecated and will be removed in Dart Sass 3.0.0.

More info and automated migrator: https://sass-lang.com/d/import

4 |           @import "@pkg/assets/styles/base/_mixins.scss";


pkg/rancher-desktop/components/Preferences/BodyKubernetes.vue 5:19  root stylesheet


 warning  in ./pkg/rancher-desktop/components/Preferences/BodyKubernetes.vue?vue&type=style&index=0&id=fde090f2&lang=scss&scoped=true

Module Warning (from ./node_modules/sass-loader/dist/cjs.js):
Deprecation Warning on line 22, column 12 of file:///Users/jonathonbyrdziak/Sites/sulla/sulla-desktop/pkg/rancher-desktop/assets/styles/base/_functions.scss:22:12:
The Sass if() syntax is deprecated in favor of the modern CSS syntax.

Suggestion: if(sass(math.abs($color-brightness - $light-text-brightness) > math.abs($color-brightness - $dark-text-brightness)): $light; else: $dark)

More info: https://sass-lang.com/d/if-function

22 |     @return if(math.abs($color-brightness - $light-text-brightness) > math.abs($color-brightness - $dark-text-brightness), $light, $dark);


pkg/rancher-desktop/assets/styles/base/_functions.scss 23:13        @import
pkg/rancher-desktop/components/Preferences/BodyKubernetes.vue 4:19  root stylesheet


 warning  in ./pkg/rancher-desktop/components/Preferences/BodyVirtualMachine.vue?vue&type=style&index=0&id=fa3aef52&lang=scss&scoped=true

Module Warning (from ./node_modules/sass-loader/dist/cjs.js):
Deprecation Warning on line 2, column 18 of file:///Users/jonathonbyrdziak/Sites/sulla/sulla-desktop/pkg/rancher-desktop/components/Preferences/BodyVirtualMachine.vue:2:18:
Sass @import rules are deprecated and will be removed in Dart Sass 3.0.0.

More info and automated migrator: https://sass-lang.com/d/import

2 |           @import "@pkg/assets/styles/base/_variables.scss";


pkg/rancher-desktop/components/Preferences/BodyVirtualMachine.vue 3:19  root stylesheet


 warning  in ./pkg/rancher-desktop/components/Preferences/BodyVirtualMachine.vue?vue&type=style&index=0&id=fa3aef52&lang=scss&scoped=true

Module Warning (from ./node_modules/sass-loader/dist/cjs.js):
Deprecation Warning on line 3, column 18 of file:///Users/jonathonbyrdziak/Sites/sulla/sulla-desktop/pkg/rancher-desktop/components/Preferences/BodyVirtualMachine.vue:3:18:
Sass @import rules are deprecated and will be removed in Dart Sass 3.0.0.

More info and automated migrator: https://sass-lang.com/d/import

3 |           @import "@pkg/assets/styles/base/_functions.scss";


pkg/rancher-desktop/components/Preferences/BodyVirtualMachine.vue 4:19  root stylesheet


 warning  in ./pkg/rancher-desktop/components/Preferences/BodyVirtualMachine.vue?vue&type=style&index=0&id=fa3aef52&lang=scss&scoped=true

Module Warning (from ./node_modules/sass-loader/dist/cjs.js):
Deprecation Warning on line 4, column 18 of file:///Users/jonathonbyrdziak/Sites/sulla/sulla-desktop/pkg/rancher-desktop/components/Preferences/BodyVirtualMachine.vue:4:18:
Sass @import rules are deprecated and will be removed in Dart Sass 3.0.0.

More info and automated migrator: https://sass-lang.com/d/import

4 |           @import "@pkg/assets/styles/base/_mixins.scss";


pkg/rancher-desktop/components/Preferences/BodyVirtualMachine.vue 5:19  root stylesheet


 warning  in ./pkg/rancher-desktop/components/Preferences/BodyVirtualMachine.vue?vue&type=style&index=0&id=fa3aef52&lang=scss&scoped=true

Module Warning (from ./node_modules/sass-loader/dist/cjs.js):
Deprecation Warning on line 22, column 12 of file:///Users/jonathonbyrdziak/Sites/sulla/sulla-desktop/pkg/rancher-desktop/assets/styles/base/_functions.scss:22:12:
The Sass if() syntax is deprecated in favor of the modern CSS syntax.

Suggestion: if(sass(math.abs($color-brightness - $light-text-brightness) > math.abs($color-brightness - $dark-text-brightness)): $light; else: $dark)

More info: https://sass-lang.com/d/if-function

22 |     @return if(math.abs($color-brightness - $light-text-brightness) > math.abs($color-brightness - $dark-text-brightness), $light, $dark);


pkg/rancher-desktop/assets/styles/base/_functions.scss 23:13            @import
pkg/rancher-desktop/components/Preferences/BodyVirtualMachine.vue 4:19  root stylesheet


 warning  in ./pkg/rancher-desktop/components/Preferences/BodyWsl.vue?vue&type=style&index=0&id=6ac61ecc&lang=scss&scoped=true

Module Warning (from ./node_modules/sass-loader/dist/cjs.js):
Deprecation Warning on line 2, column 18 of file:///Users/jonathonbyrdziak/Sites/sulla/sulla-desktop/pkg/rancher-desktop/components/Preferences/BodyWsl.vue:2:18:
Sass @import rules are deprecated and will be removed in Dart Sass 3.0.0.

More info and automated migrator: https://sass-lang.com/d/import

2 |           @import "@pkg/assets/styles/base/_variables.scss";


pkg/rancher-desktop/components/Preferences/BodyWsl.vue 3:19  root stylesheet


 warning  in ./pkg/rancher-desktop/components/Preferences/BodyWsl.vue?vue&type=style&index=0&id=6ac61ecc&lang=scss&scoped=true

Module Warning (from ./node_modules/sass-loader/dist/cjs.js):
Deprecation Warning on line 3, column 18 of file:///Users/jonathonbyrdziak/Sites/sulla/sulla-desktop/pkg/rancher-desktop/components/Preferences/BodyWsl.vue:3:18:
Sass @import rules are deprecated and will be removed in Dart Sass 3.0.0.

More info and automated migrator: https://sass-lang.com/d/import

3 |           @import "@pkg/assets/styles/base/_functions.scss";


pkg/rancher-desktop/components/Preferences/BodyWsl.vue 4:19  root stylesheet


 warning  in ./pkg/rancher-desktop/components/Preferences/BodyWsl.vue?vue&type=style&index=0&id=6ac61ecc&lang=scss&scoped=true

Module Warning (from ./node_modules/sass-loader/dist/cjs.js):
Deprecation Warning on line 4, column 18 of file:///Users/jonathonbyrdziak/Sites/sulla/sulla-desktop/pkg/rancher-desktop/components/Preferences/BodyWsl.vue:4:18:
Sass @import rules are deprecated and will be removed in Dart Sass 3.0.0.

More info and automated migrator: https://sass-lang.com/d/import

4 |           @import "@pkg/assets/styles/base/_mixins.scss";


pkg/rancher-desktop/components/Preferences/BodyWsl.vue 5:19  root stylesheet


 warning  in ./pkg/rancher-desktop/components/Preferences/BodyWsl.vue?vue&type=style&index=0&id=6ac61ecc&lang=scss&scoped=true

Module Warning (from ./node_modules/sass-loader/dist/cjs.js):
Deprecation Warning on line 22, column 12 of file:///Users/jonathonbyrdziak/Sites/sulla/sulla-desktop/pkg/rancher-desktop/assets/styles/base/_functions.scss:22:12:
The Sass if() syntax is deprecated in favor of the modern CSS syntax.

Suggestion: if(sass(math.abs($color-brightness - $light-text-brightness) > math.abs($color-brightness - $dark-text-brightness)): $light; else: $dark)

More info: https://sass-lang.com/d/if-function

22 |     @return if(math.abs($color-brightness - $light-text-brightness) > math.abs($color-brightness - $dark-text-brightness), $light, $dark);


pkg/rancher-desktop/assets/styles/base/_functions.scss 23:13  @import
pkg/rancher-desktop/components/Preferences/BodyWsl.vue 4:19   root stylesheet


 warning  in ./pkg/rancher-desktop/components/Preferences/ContainerEngineAllowedImages.vue?vue&type=style&index=0&id=c8489dc6&lang=scss&scoped=true

Module Warning (from ./node_modules/sass-loader/dist/cjs.js):
Deprecation Warning on line 2, column 18 of file:///Users/jonathonbyrdziak/Sites/sulla/sulla-desktop/pkg/rancher-desktop/components/Preferences/ContainerEngineAllowedImages.vue:2:18:
Sass @import rules are deprecated and will be removed in Dart Sass 3.0.0.

More info and automated migrator: https://sass-lang.com/d/import

2 |           @import "@pkg/assets/styles/base/_variables.scss";


pkg/rancher-desktop/components/Preferences/ContainerEngineAllowedImages.vue 3:19  root stylesheet


 warning  in ./pkg/rancher-desktop/components/Preferences/ContainerEngineAllowedImages.vue?vue&type=style&index=0&id=c8489dc6&lang=scss&scoped=true

Module Warning (from ./node_modules/sass-loader/dist/cjs.js):
Deprecation Warning on line 3, column 18 of file:///Users/jonathonbyrdziak/Sites/sulla/sulla-desktop/pkg/rancher-desktop/components/Preferences/ContainerEngineAllowedImages.vue:3:18:
Sass @import rules are deprecated and will be removed in Dart Sass 3.0.0.

More info and automated migrator: https://sass-lang.com/d/import

3 |           @import "@pkg/assets/styles/base/_functions.scss";


pkg/rancher-desktop/components/Preferences/ContainerEngineAllowedImages.vue 4:19  root stylesheet


 warning  in ./pkg/rancher-desktop/components/Preferences/ContainerEngineAllowedImages.vue?vue&type=style&index=0&id=c8489dc6&lang=scss&scoped=true

Module Warning (from ./node_modules/sass-loader/dist/cjs.js):
Deprecation Warning on line 4, column 18 of file:///Users/jonathonbyrdziak/Sites/sulla/sulla-desktop/pkg/rancher-desktop/components/Preferences/ContainerEngineAllowedImages.vue:4:18:
Sass @import rules are deprecated and will be removed in Dart Sass 3.0.0.

More info and automated migrator: https://sass-lang.com/d/import

4 |           @import "@pkg/assets/styles/base/_mixins.scss";


pkg/rancher-desktop/components/Preferences/ContainerEngineAllowedImages.vue 5:19  root stylesheet


 warning  in ./pkg/rancher-desktop/components/Preferences/ContainerEngineAllowedImages.vue?vue&type=style&index=0&id=c8489dc6&lang=scss&scoped=true

Module Warning (from ./node_modules/sass-loader/dist/cjs.js):
Deprecation Warning on line 22, column 12 of file:///Users/jonathonbyrdziak/Sites/sulla/sulla-desktop/pkg/rancher-desktop/assets/styles/base/_functions.scss:22:12:
The Sass if() syntax is deprecated in favor of the modern CSS syntax.

Suggestion: if(sass(math.abs($color-brightness - $light-text-brightness) > math.abs($color-brightness - $dark-text-brightness)): $light; else: $dark)

More info: https://sass-lang.com/d/if-function

22 |     @return if(math.abs($color-brightness - $light-text-brightness) > math.abs($color-brightness - $dark-text-brightness), $light, $dark);


pkg/rancher-desktop/assets/styles/base/_functions.scss 23:13                      @import
pkg/rancher-desktop/components/Preferences/ContainerEngineAllowedImages.vue 4:19  root stylesheet


 warning  in ./pkg/rancher-desktop/components/Preferences/ContainerEngineGeneral.vue?vue&type=style&index=0&id=b7dddca2&lang=scss&scoped=true

Module Warning (from ./node_modules/sass-loader/dist/cjs.js):
Deprecation Warning on line 2, column 18 of file:///Users/jonathonbyrdziak/Sites/sulla/sulla-desktop/pkg/rancher-desktop/components/Preferences/ContainerEngineGeneral.vue:2:18:
Sass @import rules are deprecated and will be removed in Dart Sass 3.0.0.

More info and automated migrator: https://sass-lang.com/d/import

2 |           @import "@pkg/assets/styles/base/_variables.scss";


pkg/rancher-desktop/components/Preferences/ContainerEngineGeneral.vue 3:19  root stylesheet


 warning  in ./pkg/rancher-desktop/components/Preferences/ContainerEngineGeneral.vue?vue&type=style&index=0&id=b7dddca2&lang=scss&scoped=true

Module Warning (from ./node_modules/sass-loader/dist/cjs.js):
Deprecation Warning on line 3, column 18 of file:///Users/jonathonbyrdziak/Sites/sulla/sulla-desktop/pkg/rancher-desktop/components/Preferences/ContainerEngineGeneral.vue:3:18:
Sass @import rules are deprecated and will be removed in Dart Sass 3.0.0.

More info and automated migrator: https://sass-lang.com/d/import

3 |           @import "@pkg/assets/styles/base/_functions.scss";


pkg/rancher-desktop/components/Preferences/ContainerEngineGeneral.vue 4:19  root stylesheet


 warning  in ./pkg/rancher-desktop/components/Preferences/ContainerEngineGeneral.vue?vue&type=style&index=0&id=b7dddca2&lang=scss&scoped=true

Module Warning (from ./node_modules/sass-loader/dist/cjs.js):
Deprecation Warning on line 4, column 18 of file:///Users/jonathonbyrdziak/Sites/sulla/sulla-desktop/pkg/rancher-desktop/components/Preferences/ContainerEngineGeneral.vue:4:18:
Sass @import rules are deprecated and will be removed in Dart Sass 3.0.0.

More info and automated migrator: https://sass-lang.com/d/import

4 |           @import "@pkg/assets/styles/base/_mixins.scss";


pkg/rancher-desktop/components/Preferences/ContainerEngineGeneral.vue 5:19  root stylesheet


 warning  in ./pkg/rancher-desktop/components/Preferences/ContainerEngineGeneral.vue?vue&type=style&index=0&id=b7dddca2&lang=scss&scoped=true

Module Warning (from ./node_modules/sass-loader/dist/cjs.js):
Deprecation Warning on line 22, column 12 of file:///Users/jonathonbyrdziak/Sites/sulla/sulla-desktop/pkg/rancher-desktop/assets/styles/base/_functions.scss:22:12:
The Sass if() syntax is deprecated in favor of the modern CSS syntax.

Suggestion: if(sass(math.abs($color-brightness - $light-text-brightness) > math.abs($color-brightness - $dark-text-brightness)): $light; else: $dark)

More info: https://sass-lang.com/d/if-function

22 |     @return if(math.abs($color-brightness - $light-text-brightness) > math.abs($color-brightness - $dark-text-brightness), $light, $dark);


pkg/rancher-desktop/assets/styles/base/_functions.scss 23:13                @import
pkg/rancher-desktop/components/Preferences/ContainerEngineGeneral.vue 4:19  root stylesheet


 warning  in ./pkg/rancher-desktop/components/Preferences/ModalBody.vue?vue&type=style&index=0&id=46364680&lang=scss&scoped=true

Module Warning (from ./node_modules/sass-loader/dist/cjs.js):
Deprecation Warning on line 2, column 18 of file:///Users/jonathonbyrdziak/Sites/sulla/sulla-desktop/pkg/rancher-desktop/components/Preferences/ModalBody.vue:2:18:
Sass @import rules are deprecated and will be removed in Dart Sass 3.0.0.

More info and automated migrator: https://sass-lang.com/d/import

2 |           @import "@pkg/assets/styles/base/_variables.scss";


pkg/rancher-desktop/components/Preferences/ModalBody.vue 3:19  root stylesheet


 warning  in ./pkg/rancher-desktop/components/Preferences/ModalBody.vue?vue&type=style&index=0&id=46364680&lang=scss&scoped=true

Module Warning (from ./node_modules/sass-loader/dist/cjs.js):
Deprecation Warning on line 3, column 18 of file:///Users/jonathonbyrdziak/Sites/sulla/sulla-desktop/pkg/rancher-desktop/components/Preferences/ModalBody.vue:3:18:
Sass @import rules are deprecated and will be removed in Dart Sass 3.0.0.

More info and automated migrator: https://sass-lang.com/d/import

3 |           @import "@pkg/assets/styles/base/_functions.scss";


pkg/rancher-desktop/components/Preferences/ModalBody.vue 4:19  root stylesheet


 warning  in ./pkg/rancher-desktop/components/Preferences/ModalBody.vue?vue&type=style&index=0&id=46364680&lang=scss&scoped=true

Module Warning (from ./node_modules/sass-loader/dist/cjs.js):
Deprecation Warning on line 4, column 18 of file:///Users/jonathonbyrdziak/Sites/sulla/sulla-desktop/pkg/rancher-desktop/components/Preferences/ModalBody.vue:4:18:
Sass @import rules are deprecated and will be removed in Dart Sass 3.0.0.

More info and automated migrator: https://sass-lang.com/d/import

4 |           @import "@pkg/assets/styles/base/_mixins.scss";


pkg/rancher-desktop/components/Preferences/ModalBody.vue 5:19  root stylesheet


 warning  in ./pkg/rancher-desktop/components/Preferences/ModalBody.vue?vue&type=style&index=0&id=46364680&lang=scss&scoped=true

Module Warning (from ./node_modules/sass-loader/dist/cjs.js):
Deprecation Warning on line 22, column 12 of file:///Users/jonathonbyrdziak/Sites/sulla/sulla-desktop/pkg/rancher-desktop/assets/styles/base/_functions.scss:22:12:
The Sass if() syntax is deprecated in favor of the modern CSS syntax.

Suggestion: if(sass(math.abs($color-brightness - $light-text-brightness) > math.abs($color-brightness - $dark-text-brightness)): $light; else: $dark)

More info: https://sass-lang.com/d/if-function

22 |     @return if(math.abs($color-brightness - $light-text-brightness) > math.abs($color-brightness - $dark-text-brightness), $light, $dark);


pkg/rancher-desktop/assets/styles/base/_functions.scss 23:13   @import
pkg/rancher-desktop/components/Preferences/ModalBody.vue 4:19  root stylesheet


 warning  in ./pkg/rancher-desktop/components/Preferences/ModalFooter.vue?vue&type=style&index=0&id=79677556&lang=scss&scoped=true

Module Warning (from ./node_modules/sass-loader/dist/cjs.js):
Deprecation Warning on line 2, column 18 of file:///Users/jonathonbyrdziak/Sites/sulla/sulla-desktop/pkg/rancher-desktop/components/Preferences/ModalFooter.vue:2:18:
Sass @import rules are deprecated and will be removed in Dart Sass 3.0.0.

More info and automated migrator: https://sass-lang.com/d/import

2 |           @import "@pkg/assets/styles/base/_variables.scss";


pkg/rancher-desktop/components/Preferences/ModalFooter.vue 3:19  root stylesheet


 warning  in ./pkg/rancher-desktop/components/Preferences/ModalFooter.vue?vue&type=style&index=0&id=79677556&lang=scss&scoped=true

Module Warning (from ./node_modules/sass-loader/dist/cjs.js):
Deprecation Warning on line 3, column 18 of file:///Users/jonathonbyrdziak/Sites/sulla/sulla-desktop/pkg/rancher-desktop/components/Preferences/ModalFooter.vue:3:18:
Sass @import rules are deprecated and will be removed in Dart Sass 3.0.0.

More info and automated migrator: https://sass-lang.com/d/import

3 |           @import "@pkg/assets/styles/base/_functions.scss";


pkg/rancher-desktop/components/Preferences/ModalFooter.vue 4:19  root stylesheet


 warning  in ./pkg/rancher-desktop/components/Preferences/ModalFooter.vue?vue&type=style&index=0&id=79677556&lang=scss&scoped=true

Module Warning (from ./node_modules/sass-loader/dist/cjs.js):
Deprecation Warning on line 4, column 18 of file:///Users/jonathonbyrdziak/Sites/sulla/sulla-desktop/pkg/rancher-desktop/components/Preferences/ModalFooter.vue:4:18:
Sass @import rules are deprecated and will be removed in Dart Sass 3.0.0.

More info and automated migrator: https://sass-lang.com/d/import

4 |           @import "@pkg/assets/styles/base/_mixins.scss";


pkg/rancher-desktop/components/Preferences/ModalFooter.vue 5:19  root stylesheet


 warning  in ./pkg/rancher-desktop/components/Preferences/ModalFooter.vue?vue&type=style&index=0&id=79677556&lang=scss&scoped=true

Module Warning (from ./node_modules/sass-loader/dist/cjs.js):
Deprecation Warning on line 22, column 12 of file:///Users/jonathonbyrdziak/Sites/sulla/sulla-desktop/pkg/rancher-desktop/assets/styles/base/_functions.scss:22:12:
The Sass if() syntax is deprecated in favor of the modern CSS syntax.

Suggestion: if(sass(math.abs($color-brightness - $light-text-brightness) > math.abs($color-brightness - $dark-text-brightness)): $light; else: $dark)

More info: https://sass-lang.com/d/if-function

22 |     @return if(math.abs($color-brightness - $light-text-brightness) > math.abs($color-brightness - $dark-text-brightness), $light, $dark);


pkg/rancher-desktop/assets/styles/base/_functions.scss 23:13     @import
pkg/rancher-desktop/components/Preferences/ModalFooter.vue 4:19  root stylesheet


 warning  in ./pkg/rancher-desktop/components/Preferences/ModalHeader.vue?vue&type=style&index=0&id=406d3c26&lang=scss&scoped=true

Module Warning (from ./node_modules/sass-loader/dist/cjs.js):
Deprecation Warning on line 2, column 18 of file:///Users/jonathonbyrdziak/Sites/sulla/sulla-desktop/pkg/rancher-desktop/components/Preferences/ModalHeader.vue:2:18:
Sass @import rules are deprecated and will be removed in Dart Sass 3.0.0.

More info and automated migrator: https://sass-lang.com/d/import

2 |           @import "@pkg/assets/styles/base/_variables.scss";


pkg/rancher-desktop/components/Preferences/ModalHeader.vue 3:19  root stylesheet


 warning  in ./pkg/rancher-desktop/components/Preferences/ModalHeader.vue?vue&type=style&index=0&id=406d3c26&lang=scss&scoped=true

Module Warning (from ./node_modules/sass-loader/dist/cjs.js):
Deprecation Warning on line 3, column 18 of file:///Users/jonathonbyrdziak/Sites/sulla/sulla-desktop/pkg/rancher-desktop/components/Preferences/ModalHeader.vue:3:18:
Sass @import rules are deprecated and will be removed in Dart Sass 3.0.0.

More info and automated migrator: https://sass-lang.com/d/import

3 |           @import "@pkg/assets/styles/base/_functions.scss";


pkg/rancher-desktop/components/Preferences/ModalHeader.vue 4:19  root stylesheet


 warning  in ./pkg/rancher-desktop/components/Preferences/ModalHeader.vue?vue&type=style&index=0&id=406d3c26&lang=scss&scoped=true

Module Warning (from ./node_modules/sass-loader/dist/cjs.js):
Deprecation Warning on line 4, column 18 of file:///Users/jonathonbyrdziak/Sites/sulla/sulla-desktop/pkg/rancher-desktop/components/Preferences/ModalHeader.vue:4:18:
Sass @import rules are deprecated and will be removed in Dart Sass 3.0.0.

More info and automated migrator: https://sass-lang.com/d/import

4 |           @import "@pkg/assets/styles/base/_mixins.scss";


pkg/rancher-desktop/components/Preferences/ModalHeader.vue 5:19  root stylesheet


 warning  in ./pkg/rancher-desktop/components/Preferences/ModalHeader.vue?vue&type=style&index=0&id=406d3c26&lang=scss&scoped=true

Module Warning (from ./node_modules/sass-loader/dist/cjs.js):
Deprecation Warning on line 22, column 12 of file:///Users/jonathonbyrdziak/Sites/sulla/sulla-desktop/pkg/rancher-desktop/assets/styles/base/_functions.scss:22:12:
The Sass if() syntax is deprecated in favor of the modern CSS syntax.

Suggestion: if(sass(math.abs($color-brightness - $light-text-brightness) > math.abs($color-brightness - $dark-text-brightness)): $light; else: $dark)

More info: https://sass-lang.com/d/if-function

22 |     @return if(math.abs($color-brightness - $light-text-brightness) > math.abs($color-brightness - $dark-text-brightness), $light, $dark);


pkg/rancher-desktop/assets/styles/base/_functions.scss 23:13     @import
pkg/rancher-desktop/components/Preferences/ModalHeader.vue 4:19  root stylesheet


 warning  in ./pkg/rancher-desktop/components/Preferences/ModalNav.vue?vue&type=style&index=0&id=472f3f65&lang=scss&scoped=true

Module Warning (from ./node_modules/sass-loader/dist/cjs.js):
Deprecation Warning on line 2, column 18 of file:///Users/jonathonbyrdziak/Sites/sulla/sulla-desktop/pkg/rancher-desktop/components/Preferences/ModalNav.vue:2:18:
Sass @import rules are deprecated and will be removed in Dart Sass 3.0.0.

More info and automated migrator: https://sass-lang.com/d/import

2 |           @import "@pkg/assets/styles/base/_variables.scss";


pkg/rancher-desktop/components/Preferences/ModalNav.vue 3:19  root stylesheet


 warning  in ./pkg/rancher-desktop/components/Preferences/ModalNav.vue?vue&type=style&index=0&id=472f3f65&lang=scss&scoped=true

Module Warning (from ./node_modules/sass-loader/dist/cjs.js):
Deprecation Warning on line 3, column 18 of file:///Users/jonathonbyrdziak/Sites/sulla/sulla-desktop/pkg/rancher-desktop/components/Preferences/ModalNav.vue:3:18:
Sass @import rules are deprecated and will be removed in Dart Sass 3.0.0.

More info and automated migrator: https://sass-lang.com/d/import

3 |           @import "@pkg/assets/styles/base/_functions.scss";


pkg/rancher-desktop/components/Preferences/ModalNav.vue 4:19  root stylesheet


 warning  in ./pkg/rancher-desktop/components/Preferences/ModalNav.vue?vue&type=style&index=0&id=472f3f65&lang=scss&scoped=true

Module Warning (from ./node_modules/sass-loader/dist/cjs.js):
Deprecation Warning on line 4, column 18 of file:///Users/jonathonbyrdziak/Sites/sulla/sulla-desktop/pkg/rancher-desktop/components/Preferences/ModalNav.vue:4:18:
Sass @import rules are deprecated and will be removed in Dart Sass 3.0.0.

More info and automated migrator: https://sass-lang.com/d/import

4 |           @import "@pkg/assets/styles/base/_mixins.scss";


pkg/rancher-desktop/components/Preferences/ModalNav.vue 5:19  root stylesheet


 warning  in ./pkg/rancher-desktop/components/Preferences/ModalNav.vue?vue&type=style&index=0&id=472f3f65&lang=scss&scoped=true

Module Warning (from ./node_modules/sass-loader/dist/cjs.js):
Deprecation Warning on line 22, column 12 of file:///Users/jonathonbyrdziak/Sites/sulla/sulla-desktop/pkg/rancher-desktop/assets/styles/base/_functions.scss:22:12:
The Sass if() syntax is deprecated in favor of the modern CSS syntax.

Suggestion: if(sass(math.abs($color-brightness - $light-text-brightness) > math.abs($color-brightness - $dark-text-brightness)): $light; else: $dark)

More info: https://sass-lang.com/d/if-function

22 |     @return if(math.abs($color-brightness - $light-text-brightness) > math.abs($color-brightness - $dark-text-brightness), $light, $dark);


pkg/rancher-desktop/assets/styles/base/_functions.scss 23:13  @import
pkg/rancher-desktop/components/Preferences/ModalNav.vue 4:19  root stylesheet


 warning  in ./pkg/rancher-desktop/components/Preferences/ModalNavItem.vue?vue&type=style&index=0&id=63b0ee4a&lang=scss&scoped=true

Module Warning (from ./node_modules/sass-loader/dist/cjs.js):
Deprecation Warning on line 2, column 18 of file:///Users/jonathonbyrdziak/Sites/sulla/sulla-desktop/pkg/rancher-desktop/components/Preferences/ModalNavItem.vue:2:18:
Sass @import rules are deprecated and will be removed in Dart Sass 3.0.0.

More info and automated migrator: https://sass-lang.com/d/import

2 |           @import "@pkg/assets/styles/base/_variables.scss";


pkg/rancher-desktop/components/Preferences/ModalNavItem.vue 3:19  root stylesheet


 warning  in ./pkg/rancher-desktop/components/Preferences/ModalNavItem.vue?vue&type=style&index=0&id=63b0ee4a&lang=scss&scoped=true

Module Warning (from ./node_modules/sass-loader/dist/cjs.js):
Deprecation Warning on line 3, column 18 of file:///Users/jonathonbyrdziak/Sites/sulla/sulla-desktop/pkg/rancher-desktop/components/Preferences/ModalNavItem.vue:3:18:
Sass @import rules are deprecated and will be removed in Dart Sass 3.0.0.

More info and automated migrator: https://sass-lang.com/d/import

3 |           @import "@pkg/assets/styles/base/_functions.scss";


pkg/rancher-desktop/components/Preferences/ModalNavItem.vue 4:19  root stylesheet


 warning  in ./pkg/rancher-desktop/components/Preferences/ModalNavItem.vue?vue&type=style&index=0&id=63b0ee4a&lang=scss&scoped=true

Module Warning (from ./node_modules/sass-loader/dist/cjs.js):
Deprecation Warning on line 4, column 18 of file:///Users/jonathonbyrdziak/Sites/sulla/sulla-desktop/pkg/rancher-desktop/components/Preferences/ModalNavItem.vue:4:18:
Sass @import rules are deprecated and will be removed in Dart Sass 3.0.0.

More info and automated migrator: https://sass-lang.com/d/import

4 |           @import "@pkg/assets/styles/base/_mixins.scss";


pkg/rancher-desktop/components/Preferences/ModalNavItem.vue 5:19  root stylesheet


 warning  in ./pkg/rancher-desktop/components/Preferences/ModalNavItem.vue?vue&type=style&index=0&id=63b0ee4a&lang=scss&scoped=true

Module Warning (from ./node_modules/sass-loader/dist/cjs.js):
Deprecation Warning on line 22, column 12 of file:///Users/jonathonbyrdziak/Sites/sulla/sulla-desktop/pkg/rancher-desktop/assets/styles/base/_functions.scss:22:12:
The Sass if() syntax is deprecated in favor of the modern CSS syntax.

Suggestion: if(sass(math.abs($color-brightness - $light-text-brightness) > math.abs($color-brightness - $dark-text-brightness)): $light; else: $dark)

More info: https://sass-lang.com/d/if-function

22 |     @return if(math.abs($color-brightness - $light-text-brightness) > math.abs($color-brightness - $dark-text-brightness), $light, $dark);


pkg/rancher-desktop/assets/styles/base/_functions.scss 23:13      @import
pkg/rancher-desktop/components/Preferences/ModalNavItem.vue 4:19  root stylesheet


 warning  in ./pkg/rancher-desktop/components/Preferences/VirtualMachineEmulation.vue?vue&type=style&index=0&id=368036c6&lang=scss&scoped=true

Module Warning (from ./node_modules/sass-loader/dist/cjs.js):
Deprecation Warning on line 2, column 18 of file:///Users/jonathonbyrdziak/Sites/sulla/sulla-desktop/pkg/rancher-desktop/components/Preferences/VirtualMachineEmulation.vue:2:18:
Sass @import rules are deprecated and will be removed in Dart Sass 3.0.0.

More info and automated migrator: https://sass-lang.com/d/import

2 |           @import "@pkg/assets/styles/base/_variables.scss";


pkg/rancher-desktop/components/Preferences/VirtualMachineEmulation.vue 3:19  root stylesheet


 warning  in ./pkg/rancher-desktop/components/Preferences/VirtualMachineEmulation.vue?vue&type=style&index=0&id=368036c6&lang=scss&scoped=true

Module Warning (from ./node_modules/sass-loader/dist/cjs.js):
Deprecation Warning on line 3, column 18 of file:///Users/jonathonbyrdziak/Sites/sulla/sulla-desktop/pkg/rancher-desktop/components/Preferences/VirtualMachineEmulation.vue:3:18:
Sass @import rules are deprecated and will be removed in Dart Sass 3.0.0.

More info and automated migrator: https://sass-lang.com/d/import

3 |           @import "@pkg/assets/styles/base/_functions.scss";


pkg/rancher-desktop/components/Preferences/VirtualMachineEmulation.vue 4:19  root stylesheet


 warning  in ./pkg/rancher-desktop/components/Preferences/VirtualMachineEmulation.vue?vue&type=style&index=0&id=368036c6&lang=scss&scoped=true

Module Warning (from ./node_modules/sass-loader/dist/cjs.js):
Deprecation Warning on line 4, column 18 of file:///Users/jonathonbyrdziak/Sites/sulla/sulla-desktop/pkg/rancher-desktop/components/Preferences/VirtualMachineEmulation.vue:4:18:
Sass @import rules are deprecated and will be removed in Dart Sass 3.0.0.

More info and automated migrator: https://sass-lang.com/d/import

4 |           @import "@pkg/assets/styles/base/_mixins.scss";


pkg/rancher-desktop/components/Preferences/VirtualMachineEmulation.vue 5:19  root stylesheet


 warning  in ./pkg/rancher-desktop/components/Preferences/VirtualMachineEmulation.vue?vue&type=style&index=0&id=368036c6&lang=scss&scoped=true

Module Warning (from ./node_modules/sass-loader/dist/cjs.js):
Deprecation Warning on line 22, column 12 of file:///Users/jonathonbyrdziak/Sites/sulla/sulla-desktop/pkg/rancher-desktop/assets/styles/base/_functions.scss:22:12:
The Sass if() syntax is deprecated in favor of the modern CSS syntax.

Suggestion: if(sass(math.abs($color-brightness - $light-text-brightness) > math.abs($color-brightness - $dark-text-brightness)): $light; else: $dark)

More info: https://sass-lang.com/d/if-function

22 |     @return if(math.abs($color-brightness - $light-text-brightness) > math.abs($color-brightness - $dark-text-brightness), $light, $dark);


pkg/rancher-desktop/assets/styles/base/_functions.scss 23:13                 @import
pkg/rancher-desktop/components/Preferences/VirtualMachineEmulation.vue 4:19  root stylesheet


 warning  in ./pkg/rancher-desktop/components/Preferences/WslProxy.vue?vue&type=style&index=0&id=497231a9&lang=scss&scoped=true

Module Warning (from ./node_modules/sass-loader/dist/cjs.js):
Deprecation Warning on line 2, column 18 of file:///Users/jonathonbyrdziak/Sites/sulla/sulla-desktop/pkg/rancher-desktop/components/Preferences/WslProxy.vue:2:18:
Sass @import rules are deprecated and will be removed in Dart Sass 3.0.0.

More info and automated migrator: https://sass-lang.com/d/import

2 |           @import "@pkg/assets/styles/base/_variables.scss";


pkg/rancher-desktop/components/Preferences/WslProxy.vue 3:19  root stylesheet


 warning  in ./pkg/rancher-desktop/components/Preferences/WslProxy.vue?vue&type=style&index=0&id=497231a9&lang=scss&scoped=true

Module Warning (from ./node_modules/sass-loader/dist/cjs.js):
Deprecation Warning on line 3, column 18 of file:///Users/jonathonbyrdziak/Sites/sulla/sulla-desktop/pkg/rancher-desktop/components/Preferences/WslProxy.vue:3:18:
Sass @import rules are deprecated and will be removed in Dart Sass 3.0.0.

More info and automated migrator: https://sass-lang.com/d/import

3 |           @import "@pkg/assets/styles/base/_functions.scss";


pkg/rancher-desktop/components/Preferences/WslProxy.vue 4:19  root stylesheet


 warning  in ./pkg/rancher-desktop/components/Preferences/WslProxy.vue?vue&type=style&index=0&id=497231a9&lang=scss&scoped=true

Module Warning (from ./node_modules/sass-loader/dist/cjs.js):
Deprecation Warning on line 4, column 18 of file:///Users/jonathonbyrdziak/Sites/sulla/sulla-desktop/pkg/rancher-desktop/components/Preferences/WslProxy.vue:4:18:
Sass @import rules are deprecated and will be removed in Dart Sass 3.0.0.

More info and automated migrator: https://sass-lang.com/d/import

4 |           @import "@pkg/assets/styles/base/_mixins.scss";


pkg/rancher-desktop/components/Preferences/WslProxy.vue 5:19  root stylesheet


 warning  in ./pkg/rancher-desktop/components/Preferences/WslProxy.vue?vue&type=style&index=0&id=497231a9&lang=scss&scoped=true

Module Warning (from ./node_modules/sass-loader/dist/cjs.js):
Deprecation Warning on line 22, column 12 of file:///Users/jonathonbyrdziak/Sites/sulla/sulla-desktop/pkg/rancher-desktop/assets/styles/base/_functions.scss:22:12:
The Sass if() syntax is deprecated in favor of the modern CSS syntax.

Suggestion: if(sass(math.abs($color-brightness - $light-text-brightness) > math.abs($color-brightness - $dark-text-brightness)): $light; else: $dark)

More info: https://sass-lang.com/d/if-function

22 |     @return if(math.abs($color-brightness - $light-text-brightness) > math.abs($color-brightness - $dark-text-brightness), $light, $dark);


pkg/rancher-desktop/assets/styles/base/_functions.scss 23:13  @import
pkg/rancher-desktop/components/Preferences/WslProxy.vue 4:19  root stylesheet


 warning  in ./pkg/rancher-desktop/components/RdInput.vue?vue&type=style&index=0&id=0088b310&lang=scss&scoped=true

Module Warning (from ./node_modules/sass-loader/dist/cjs.js):
Deprecation Warning on line 2, column 18 of file:///Users/jonathonbyrdziak/Sites/sulla/sulla-desktop/pkg/rancher-desktop/components/RdInput.vue:2:18:
Sass @import rules are deprecated and will be removed in Dart Sass 3.0.0.

More info and automated migrator: https://sass-lang.com/d/import

2 |           @import "@pkg/assets/styles/base/_variables.scss";


pkg/rancher-desktop/components/RdInput.vue 3:19  root stylesheet


 warning  in ./pkg/rancher-desktop/components/RdInput.vue?vue&type=style&index=0&id=0088b310&lang=scss&scoped=true

Module Warning (from ./node_modules/sass-loader/dist/cjs.js):
Deprecation Warning on line 3, column 18 of file:///Users/jonathonbyrdziak/Sites/sulla/sulla-desktop/pkg/rancher-desktop/components/RdInput.vue:3:18:
Sass @import rules are deprecated and will be removed in Dart Sass 3.0.0.

More info and automated migrator: https://sass-lang.com/d/import

3 |           @import "@pkg/assets/styles/base/_functions.scss";


pkg/rancher-desktop/components/RdInput.vue 4:19  root stylesheet


 warning  in ./pkg/rancher-desktop/components/RdInput.vue?vue&type=style&index=0&id=0088b310&lang=scss&scoped=true

Module Warning (from ./node_modules/sass-loader/dist/cjs.js):
Deprecation Warning on line 4, column 18 of file:///Users/jonathonbyrdziak/Sites/sulla/sulla-desktop/pkg/rancher-desktop/components/RdInput.vue:4:18:
Sass @import rules are deprecated and will be removed in Dart Sass 3.0.0.

More info and automated migrator: https://sass-lang.com/d/import

4 |           @import "@pkg/assets/styles/base/_mixins.scss";


pkg/rancher-desktop/components/RdInput.vue 5:19  root stylesheet


 warning  in ./pkg/rancher-desktop/components/RdInput.vue?vue&type=style&index=0&id=0088b310&lang=scss&scoped=true

Module Warning (from ./node_modules/sass-loader/dist/cjs.js):
Deprecation Warning on line 22, column 12 of file:///Users/jonathonbyrdziak/Sites/sulla/sulla-desktop/pkg/rancher-desktop/assets/styles/base/_functions.scss:22:12:
The Sass if() syntax is deprecated in favor of the modern CSS syntax.

Suggestion: if(sass(math.abs($color-brightness - $light-text-brightness) > math.abs($color-brightness - $dark-text-brightness)): $light; else: $dark)

More info: https://sass-lang.com/d/if-function

22 |     @return if(math.abs($color-brightness - $light-text-brightness) > math.abs($color-brightness - $dark-text-brightness), $light, $dark);


pkg/rancher-desktop/assets/styles/base/_functions.scss 23:13  @import
pkg/rancher-desktop/components/RdInput.vue 4:19               root stylesheet


 warning  in ./pkg/rancher-desktop/components/RdProgress.vue?vue&type=style&index=0&id=067ede56&lang=scss&scoped=true

Module Warning (from ./node_modules/sass-loader/dist/cjs.js):
Deprecation Warning on line 2, column 18 of file:///Users/jonathonbyrdziak/Sites/sulla/sulla-desktop/pkg/rancher-desktop/components/RdProgress.vue:2:18:
Sass @import rules are deprecated and will be removed in Dart Sass 3.0.0.

More info and automated migrator: https://sass-lang.com/d/import

2 |           @import "@pkg/assets/styles/base/_variables.scss";


pkg/rancher-desktop/components/RdProgress.vue 3:19  root stylesheet


 warning  in ./pkg/rancher-desktop/components/RdProgress.vue?vue&type=style&index=0&id=067ede56&lang=scss&scoped=true

Module Warning (from ./node_modules/sass-loader/dist/cjs.js):
Deprecation Warning on line 3, column 18 of file:///Users/jonathonbyrdziak/Sites/sulla/sulla-desktop/pkg/rancher-desktop/components/RdProgress.vue:3:18:
Sass @import rules are deprecated and will be removed in Dart Sass 3.0.0.

More info and automated migrator: https://sass-lang.com/d/import

3 |           @import "@pkg/assets/styles/base/_functions.scss";


pkg/rancher-desktop/components/RdProgress.vue 4:19  root stylesheet


 warning  in ./pkg/rancher-desktop/components/RdProgress.vue?vue&type=style&index=0&id=067ede56&lang=scss&scoped=true

Module Warning (from ./node_modules/sass-loader/dist/cjs.js):
Deprecation Warning on line 4, column 18 of file:///Users/jonathonbyrdziak/Sites/sulla/sulla-desktop/pkg/rancher-desktop/components/RdProgress.vue:4:18:
Sass @import rules are deprecated and will be removed in Dart Sass 3.0.0.

More info and automated migrator: https://sass-lang.com/d/import

4 |           @import "@pkg/assets/styles/base/_mixins.scss";


pkg/rancher-desktop/components/RdProgress.vue 5:19  root stylesheet


 warning  in ./pkg/rancher-desktop/components/RdProgress.vue?vue&type=style&index=0&id=067ede56&lang=scss&scoped=true

Module Warning (from ./node_modules/sass-loader/dist/cjs.js):
Deprecation Warning on line 22, column 12 of file:///Users/jonathonbyrdziak/Sites/sulla/sulla-desktop/pkg/rancher-desktop/assets/styles/base/_functions.scss:22:12:
The Sass if() syntax is deprecated in favor of the modern CSS syntax.

Suggestion: if(sass(math.abs($color-brightness - $light-text-brightness) > math.abs($color-brightness - $dark-text-brightness)): $light; else: $dark)

More info: https://sass-lang.com/d/if-function

22 |     @return if(math.abs($color-brightness - $light-text-brightness) > math.abs($color-brightness - $dark-text-brightness), $light, $dark);


pkg/rancher-desktop/assets/styles/base/_functions.scss 23:13  @import
pkg/rancher-desktop/components/RdProgress.vue 4:19            root stylesheet


 warning  in ./pkg/rancher-desktop/components/RdSelect.vue?vue&type=style&index=0&id=2e756186&lang=scss&scoped=true

Module Warning (from ./node_modules/sass-loader/dist/cjs.js):
Deprecation Warning on line 2, column 18 of file:///Users/jonathonbyrdziak/Sites/sulla/sulla-desktop/pkg/rancher-desktop/components/RdSelect.vue:2:18:
Sass @import rules are deprecated and will be removed in Dart Sass 3.0.0.

More info and automated migrator: https://sass-lang.com/d/import

2 |           @import "@pkg/assets/styles/base/_variables.scss";


pkg/rancher-desktop/components/RdSelect.vue 3:19  root stylesheet


 warning  in ./pkg/rancher-desktop/components/RdSelect.vue?vue&type=style&index=0&id=2e756186&lang=scss&scoped=true

Module Warning (from ./node_modules/sass-loader/dist/cjs.js):
Deprecation Warning on line 3, column 18 of file:///Users/jonathonbyrdziak/Sites/sulla/sulla-desktop/pkg/rancher-desktop/components/RdSelect.vue:3:18:
Sass @import rules are deprecated and will be removed in Dart Sass 3.0.0.

More info and automated migrator: https://sass-lang.com/d/import

3 |           @import "@pkg/assets/styles/base/_functions.scss";


pkg/rancher-desktop/components/RdSelect.vue 4:19  root stylesheet


 warning  in ./pkg/rancher-desktop/components/RdSelect.vue?vue&type=style&index=0&id=2e756186&lang=scss&scoped=true

Module Warning (from ./node_modules/sass-loader/dist/cjs.js):
Deprecation Warning on line 4, column 18 of file:///Users/jonathonbyrdziak/Sites/sulla/sulla-desktop/pkg/rancher-desktop/components/RdSelect.vue:4:18:
Sass @import rules are deprecated and will be removed in Dart Sass 3.0.0.

More info and automated migrator: https://sass-lang.com/d/import

4 |           @import "@pkg/assets/styles/base/_mixins.scss";


pkg/rancher-desktop/components/RdSelect.vue 5:19  root stylesheet


 warning  in ./pkg/rancher-desktop/components/RdSelect.vue?vue&type=style&index=0&id=2e756186&lang=scss&scoped=true

Module Warning (from ./node_modules/sass-loader/dist/cjs.js):
Deprecation Warning on line 22, column 12 of file:///Users/jonathonbyrdziak/Sites/sulla/sulla-desktop/pkg/rancher-desktop/assets/styles/base/_functions.scss:22:12:
The Sass if() syntax is deprecated in favor of the modern CSS syntax.

Suggestion: if(sass(math.abs($color-brightness - $light-text-brightness) > math.abs($color-brightness - $dark-text-brightness)): $light; else: $dark)

More info: https://sass-lang.com/d/if-function

22 |     @return if(math.abs($color-brightness - $light-text-brightness) > math.abs($color-brightness - $dark-text-brightness), $light, $dark);


pkg/rancher-desktop/assets/styles/base/_functions.scss 23:13  @import
pkg/rancher-desktop/components/RdSelect.vue 4:19              root stylesheet


 warning  in ./pkg/rancher-desktop/components/SnapshotCard.vue?vue&type=style&index=0&id=b5b82ca6&lang=scss&scoped=true

Module Warning (from ./node_modules/sass-loader/dist/cjs.js):
Deprecation Warning on line 2, column 18 of file:///Users/jonathonbyrdziak/Sites/sulla/sulla-desktop/pkg/rancher-desktop/components/SnapshotCard.vue:2:18:
Sass @import rules are deprecated and will be removed in Dart Sass 3.0.0.

More info and automated migrator: https://sass-lang.com/d/import

2 |           @import "@pkg/assets/styles/base/_variables.scss";


pkg/rancher-desktop/components/SnapshotCard.vue 3:19  root stylesheet


 warning  in ./pkg/rancher-desktop/components/SnapshotCard.vue?vue&type=style&index=0&id=b5b82ca6&lang=scss&scoped=true

Module Warning (from ./node_modules/sass-loader/dist/cjs.js):
Deprecation Warning on line 3, column 18 of file:///Users/jonathonbyrdziak/Sites/sulla/sulla-desktop/pkg/rancher-desktop/components/SnapshotCard.vue:3:18:
Sass @import rules are deprecated and will be removed in Dart Sass 3.0.0.

More info and automated migrator: https://sass-lang.com/d/import

3 |           @import "@pkg/assets/styles/base/_functions.scss";


pkg/rancher-desktop/components/SnapshotCard.vue 4:19  root stylesheet


 warning  in ./pkg/rancher-desktop/components/SnapshotCard.vue?vue&type=style&index=0&id=b5b82ca6&lang=scss&scoped=true

Module Warning (from ./node_modules/sass-loader/dist/cjs.js):
Deprecation Warning on line 4, column 18 of file:///Users/jonathonbyrdziak/Sites/sulla/sulla-desktop/pkg/rancher-desktop/components/SnapshotCard.vue:4:18:
Sass @import rules are deprecated and will be removed in Dart Sass 3.0.0.

More info and automated migrator: https://sass-lang.com/d/import

4 |           @import "@pkg/assets/styles/base/_mixins.scss";


pkg/rancher-desktop/components/SnapshotCard.vue 5:19  root stylesheet


 warning  in ./pkg/rancher-desktop/components/SnapshotCard.vue?vue&type=style&index=0&id=b5b82ca6&lang=scss&scoped=true

Module Warning (from ./node_modules/sass-loader/dist/cjs.js):
Deprecation Warning on line 22, column 12 of file:///Users/jonathonbyrdziak/Sites/sulla/sulla-desktop/pkg/rancher-desktop/assets/styles/base/_functions.scss:22:12:
The Sass if() syntax is deprecated in favor of the modern CSS syntax.

Suggestion: if(sass(math.abs($color-brightness - $light-text-brightness) > math.abs($color-brightness - $dark-text-brightness)): $light; else: $dark)

More info: https://sass-lang.com/d/if-function

22 |     @return if(math.abs($color-brightness - $light-text-brightness) > math.abs($color-brightness - $dark-text-brightness), $light, $dark);


pkg/rancher-desktop/assets/styles/base/_functions.scss 23:13  @import
pkg/rancher-desktop/components/SnapshotCard.vue 4:19          root stylesheet


 warning  in ./pkg/rancher-desktop/components/Snapshots.vue?vue&type=style&index=0&id=f9b989be&lang=scss&scoped=true

Module Warning (from ./node_modules/sass-loader/dist/cjs.js):
Deprecation Warning on line 2, column 18 of file:///Users/jonathonbyrdziak/Sites/sulla/sulla-desktop/pkg/rancher-desktop/components/Snapshots.vue:2:18:
Sass @import rules are deprecated and will be removed in Dart Sass 3.0.0.

More info and automated migrator: https://sass-lang.com/d/import

2 |           @import "@pkg/assets/styles/base/_variables.scss";


pkg/rancher-desktop/components/Snapshots.vue 3:19  root stylesheet


 warning  in ./pkg/rancher-desktop/components/Snapshots.vue?vue&type=style&index=0&id=f9b989be&lang=scss&scoped=true

Module Warning (from ./node_modules/sass-loader/dist/cjs.js):
Deprecation Warning on line 3, column 18 of file:///Users/jonathonbyrdziak/Sites/sulla/sulla-desktop/pkg/rancher-desktop/components/Snapshots.vue:3:18:
Sass @import rules are deprecated and will be removed in Dart Sass 3.0.0.

More info and automated migrator: https://sass-lang.com/d/import

3 |           @import "@pkg/assets/styles/base/_functions.scss";


pkg/rancher-desktop/components/Snapshots.vue 4:19  root stylesheet


 warning  in ./pkg/rancher-desktop/components/Snapshots.vue?vue&type=style&index=0&id=f9b989be&lang=scss&scoped=true

Module Warning (from ./node_modules/sass-loader/dist/cjs.js):
Deprecation Warning on line 4, column 18 of file:///Users/jonathonbyrdziak/Sites/sulla/sulla-desktop/pkg/rancher-desktop/components/Snapshots.vue:4:18:
Sass @import rules are deprecated and will be removed in Dart Sass 3.0.0.

More info and automated migrator: https://sass-lang.com/d/import

4 |           @import "@pkg/assets/styles/base/_mixins.scss";


pkg/rancher-desktop/components/Snapshots.vue 5:19  root stylesheet


 warning  in ./pkg/rancher-desktop/components/Snapshots.vue?vue&type=style&index=0&id=f9b989be&lang=scss&scoped=true

Module Warning (from ./node_modules/sass-loader/dist/cjs.js):
Deprecation Warning on line 22, column 12 of file:///Users/jonathonbyrdziak/Sites/sulla/sulla-desktop/pkg/rancher-desktop/assets/styles/base/_functions.scss:22:12:
The Sass if() syntax is deprecated in favor of the modern CSS syntax.

Suggestion: if(sass(math.abs($color-brightness - $light-text-brightness) > math.abs($color-brightness - $dark-text-brightness)): $light; else: $dark)

More info: https://sass-lang.com/d/if-function

22 |     @return if(math.abs($color-brightness - $light-text-brightness) > math.abs($color-brightness - $dark-text-brightness), $light, $dark);


pkg/rancher-desktop/assets/styles/base/_functions.scss 23:13  @import
pkg/rancher-desktop/components/Snapshots.vue 4:19             root stylesheet


 warning  in ./pkg/rancher-desktop/components/SnapshotsButtonCreate.vue?vue&type=style&index=0&id=311b0755&lang=scss&scoped=true

Module Warning (from ./node_modules/sass-loader/dist/cjs.js):
Deprecation Warning on line 2, column 18 of file:///Users/jonathonbyrdziak/Sites/sulla/sulla-desktop/pkg/rancher-desktop/components/SnapshotsButtonCreate.vue:2:18:
Sass @import rules are deprecated and will be removed in Dart Sass 3.0.0.

More info and automated migrator: https://sass-lang.com/d/import

2 |           @import "@pkg/assets/styles/base/_variables.scss";


pkg/rancher-desktop/components/SnapshotsButtonCreate.vue 3:19  root stylesheet


 warning  in ./pkg/rancher-desktop/components/SnapshotsButtonCreate.vue?vue&type=style&index=0&id=311b0755&lang=scss&scoped=true

Module Warning (from ./node_modules/sass-loader/dist/cjs.js):
Deprecation Warning on line 3, column 18 of file:///Users/jonathonbyrdziak/Sites/sulla/sulla-desktop/pkg/rancher-desktop/components/SnapshotsButtonCreate.vue:3:18:
Sass @import rules are deprecated and will be removed in Dart Sass 3.0.0.

More info and automated migrator: https://sass-lang.com/d/import

3 |           @import "@pkg/assets/styles/base/_functions.scss";


pkg/rancher-desktop/components/SnapshotsButtonCreate.vue 4:19  root stylesheet


 warning  in ./pkg/rancher-desktop/components/SnapshotsButtonCreate.vue?vue&type=style&index=0&id=311b0755&lang=scss&scoped=true

Module Warning (from ./node_modules/sass-loader/dist/cjs.js):
Deprecation Warning on line 4, column 18 of file:///Users/jonathonbyrdziak/Sites/sulla/sulla-desktop/pkg/rancher-desktop/components/SnapshotsButtonCreate.vue:4:18:
Sass @import rules are deprecated and will be removed in Dart Sass 3.0.0.

More info and automated migrator: https://sass-lang.com/d/import

4 |           @import "@pkg/assets/styles/base/_mixins.scss";


pkg/rancher-desktop/components/SnapshotsButtonCreate.vue 5:19  root stylesheet


 warning  in ./pkg/rancher-desktop/components/SnapshotsButtonCreate.vue?vue&type=style&index=0&id=311b0755&lang=scss&scoped=true

Module Warning (from ./node_modules/sass-loader/dist/cjs.js):
Deprecation Warning on line 22, column 12 of file:///Users/jonathonbyrdziak/Sites/sulla/sulla-desktop/pkg/rancher-desktop/assets/styles/base/_functions.scss:22:12:
The Sass if() syntax is deprecated in favor of the modern CSS syntax.

Suggestion: if(sass(math.abs($color-brightness - $light-text-brightness) > math.abs($color-brightness - $dark-text-brightness)): $light; else: $dark)

More info: https://sass-lang.com/d/if-function

22 |     @return if(math.abs($color-brightness - $light-text-brightness) > math.abs($color-brightness - $dark-text-brightness), $light, $dark);


pkg/rancher-desktop/assets/styles/base/_functions.scss 23:13   @import
pkg/rancher-desktop/components/SnapshotsButtonCreate.vue 4:19  root stylesheet


 warning  in ./pkg/rancher-desktop/components/SortableTable/THead.vue?vue&type=style&index=0&id=6ef29856&lang=scss&scoped=true

Module Warning (from ./node_modules/sass-loader/dist/cjs.js):
Deprecation Warning on line 2, column 18 of file:///Users/jonathonbyrdziak/Sites/sulla/sulla-desktop/pkg/rancher-desktop/components/SortableTable/THead.vue:2:18:
Sass @import rules are deprecated and will be removed in Dart Sass 3.0.0.

More info and automated migrator: https://sass-lang.com/d/import

2 |           @import "@pkg/assets/styles/base/_variables.scss";


pkg/rancher-desktop/components/SortableTable/THead.vue 3:19  root stylesheet


 warning  in ./pkg/rancher-desktop/components/SortableTable/THead.vue?vue&type=style&index=0&id=6ef29856&lang=scss&scoped=true

Module Warning (from ./node_modules/sass-loader/dist/cjs.js):
Deprecation Warning on line 3, column 18 of file:///Users/jonathonbyrdziak/Sites/sulla/sulla-desktop/pkg/rancher-desktop/components/SortableTable/THead.vue:3:18:
Sass @import rules are deprecated and will be removed in Dart Sass 3.0.0.

More info and automated migrator: https://sass-lang.com/d/import

3 |           @import "@pkg/assets/styles/base/_functions.scss";


pkg/rancher-desktop/components/SortableTable/THead.vue 4:19  root stylesheet


 warning  in ./pkg/rancher-desktop/components/SortableTable/THead.vue?vue&type=style&index=0&id=6ef29856&lang=scss&scoped=true

Module Warning (from ./node_modules/sass-loader/dist/cjs.js):
Deprecation Warning on line 4, column 18 of file:///Users/jonathonbyrdziak/Sites/sulla/sulla-desktop/pkg/rancher-desktop/components/SortableTable/THead.vue:4:18:
Sass @import rules are deprecated and will be removed in Dart Sass 3.0.0.

More info and automated migrator: https://sass-lang.com/d/import

4 |           @import "@pkg/assets/styles/base/_mixins.scss";


pkg/rancher-desktop/components/SortableTable/THead.vue 5:19  root stylesheet


 warning  in ./pkg/rancher-desktop/components/SortableTable/THead.vue?vue&type=style&index=0&id=6ef29856&lang=scss&scoped=true

Module Warning (from ./node_modules/sass-loader/dist/cjs.js):
Deprecation Warning on line 22, column 12 of file:///Users/jonathonbyrdziak/Sites/sulla/sulla-desktop/pkg/rancher-desktop/assets/styles/base/_functions.scss:22:12:
The Sass if() syntax is deprecated in favor of the modern CSS syntax.

Suggestion: if(sass(math.abs($color-brightness - $light-text-brightness) > math.abs($color-brightness - $dark-text-brightness)): $light; else: $dark)

More info: https://sass-lang.com/d/if-function

22 |     @return if(math.abs($color-brightness - $light-text-brightness) > math.abs($color-brightness - $dark-text-brightness), $light, $dark);


pkg/rancher-desktop/assets/styles/base/_functions.scss 23:13  @import
pkg/rancher-desktop/components/SortableTable/THead.vue 4:19   root stylesheet


 warning  in ./pkg/rancher-desktop/components/SortableTable/THead.vue?vue&type=style&index=0&id=6ef29856&lang=scss&scoped=true

Module Warning (from ./node_modules/sass-loader/dist/cjs.js):
Deprecation Warning on line 131, column 41 of file:///Users/jonathonbyrdziak/Sites/sulla/sulla-desktop/pkg/rancher-desktop/components/SortableTable/THead.vue:131:41:
Global built-in functions are deprecated and will be removed in Dart Sass 3.0.0.
Use map.get instead.

More info and automated migrator: https://sass-lang.com/d/import

131 |       @media only screen and (max-width: map-get($breakpoints, '--viewport-4')) {


pkg/rancher-desktop/components/SortableTable/THead.vue 132:42  root stylesheet


 warning  in ./pkg/rancher-desktop/components/SortableTable/THead.vue?vue&type=style&index=0&id=6ef29856&lang=scss&scoped=true

Module Warning (from ./node_modules/sass-loader/dist/cjs.js):
Deprecation Warning on line 137, column 41 of file:///Users/jonathonbyrdziak/Sites/sulla/sulla-desktop/pkg/rancher-desktop/components/SortableTable/THead.vue:137:41:
Global built-in functions are deprecated and will be removed in Dart Sass 3.0.0.
Use map.get instead.

More info and automated migrator: https://sass-lang.com/d/import

137 |       @media only screen and (max-width: map-get($breakpoints, '--viewport-9')) {


pkg/rancher-desktop/components/SortableTable/THead.vue 138:42  root stylesheet


 warning  in ./pkg/rancher-desktop/components/SortableTable/THead.vue?vue&type=style&index=0&id=6ef29856&lang=scss&scoped=true

Module Warning (from ./node_modules/sass-loader/dist/cjs.js):
Deprecation Warning on line 143, column 41 of file:///Users/jonathonbyrdziak/Sites/sulla/sulla-desktop/pkg/rancher-desktop/components/SortableTable/THead.vue:143:41:
Global built-in functions are deprecated and will be removed in Dart Sass 3.0.0.
Use map.get instead.

More info and automated migrator: https://sass-lang.com/d/import

143 |       @media only screen and (max-width: map-get($breakpoints, '--viewport-12')) {


pkg/rancher-desktop/components/SortableTable/THead.vue 144:42  root stylesheet


 warning  in ./pkg/rancher-desktop/components/SortableTable/index.vue?vue&type=style&index=0&id=9d42069c&lang=scss&scoped=true

Module Warning (from ./node_modules/sass-loader/dist/cjs.js):
Deprecation Warning on line 2, column 18 of file:///Users/jonathonbyrdziak/Sites/sulla/sulla-desktop/pkg/rancher-desktop/components/SortableTable/index.vue:2:18:
Sass @import rules are deprecated and will be removed in Dart Sass 3.0.0.

More info and automated migrator: https://sass-lang.com/d/import

2 |           @import "@pkg/assets/styles/base/_variables.scss";


pkg/rancher-desktop/components/SortableTable/index.vue 3:19  root stylesheet


 warning  in ./pkg/rancher-desktop/components/SortableTable/index.vue?vue&type=style&index=0&id=9d42069c&lang=scss&scoped=true

Module Warning (from ./node_modules/sass-loader/dist/cjs.js):
Deprecation Warning on line 3, column 18 of file:///Users/jonathonbyrdziak/Sites/sulla/sulla-desktop/pkg/rancher-desktop/components/SortableTable/index.vue:3:18:
Sass @import rules are deprecated and will be removed in Dart Sass 3.0.0.

More info and automated migrator: https://sass-lang.com/d/import

3 |           @import "@pkg/assets/styles/base/_functions.scss";


pkg/rancher-desktop/components/SortableTable/index.vue 4:19  root stylesheet


 warning  in ./pkg/rancher-desktop/components/SortableTable/index.vue?vue&type=style&index=0&id=9d42069c&lang=scss&scoped=true

Module Warning (from ./node_modules/sass-loader/dist/cjs.js):
Deprecation Warning on line 4, column 18 of file:///Users/jonathonbyrdziak/Sites/sulla/sulla-desktop/pkg/rancher-desktop/components/SortableTable/index.vue:4:18:
Sass @import rules are deprecated and will be removed in Dart Sass 3.0.0.

More info and automated migrator: https://sass-lang.com/d/import

4 |           @import "@pkg/assets/styles/base/_mixins.scss";


pkg/rancher-desktop/components/SortableTable/index.vue 5:19  root stylesheet


 warning  in ./pkg/rancher-desktop/components/SortableTable/index.vue?vue&type=style&index=0&id=9d42069c&lang=scss&scoped=true

Module Warning (from ./node_modules/sass-loader/dist/cjs.js):
Deprecation Warning on line 22, column 12 of file:///Users/jonathonbyrdziak/Sites/sulla/sulla-desktop/pkg/rancher-desktop/assets/styles/base/_functions.scss:22:12:
The Sass if() syntax is deprecated in favor of the modern CSS syntax.

Suggestion: if(sass(math.abs($color-brightness - $light-text-brightness) > math.abs($color-brightness - $dark-text-brightness)): $light; else: $dark)

More info: https://sass-lang.com/d/if-function

22 |     @return if(math.abs($color-brightness - $light-text-brightness) > math.abs($color-brightness - $dark-text-brightness), $light, $dark);


pkg/rancher-desktop/assets/styles/base/_functions.scss 23:13  @import
pkg/rancher-desktop/components/SortableTable/index.vue 4:19   root stylesheet


 warning  in ./pkg/rancher-desktop/components/SortableTable/index.vue?vue&type=style&index=0&id=9d42069c&lang=scss&scoped=true

Module Warning (from ./node_modules/sass-loader/dist/cjs.js):
Deprecation Warning on line 135, column 39 of file:///Users/jonathonbyrdziak/Sites/sulla/sulla-desktop/pkg/rancher-desktop/components/SortableTable/index.vue:135:39:
Global built-in functions are deprecated and will be removed in Dart Sass 3.0.0.
Use map.get instead.

More info and automated migrator: https://sass-lang.com/d/import

135 |     @media only screen and (max-width: map-get($breakpoints, '--viewport-4')) {


pkg/rancher-desktop/components/SortableTable/index.vue 136:40  root stylesheet


 warning  in ./pkg/rancher-desktop/components/SortableTable/index.vue?vue&type=style&index=0&id=9d42069c&lang=scss&scoped=true

Module Warning (from ./node_modules/sass-loader/dist/cjs.js):
Deprecation Warning on line 141, column 39 of file:///Users/jonathonbyrdziak/Sites/sulla/sulla-desktop/pkg/rancher-desktop/components/SortableTable/index.vue:141:39:
Global built-in functions are deprecated and will be removed in Dart Sass 3.0.0.
Use map.get instead.

More info and automated migrator: https://sass-lang.com/d/import

141 |     @media only screen and (max-width: map-get($breakpoints, '--viewport-9')) {


pkg/rancher-desktop/components/SortableTable/index.vue 142:40  root stylesheet


 warning  in ./pkg/rancher-desktop/components/SortableTable/index.vue?vue&type=style&index=0&id=9d42069c&lang=scss&scoped=true

Module Warning (from ./node_modules/sass-loader/dist/cjs.js):
Deprecation Warning on line 147, column 39 of file:///Users/jonathonbyrdziak/Sites/sulla/sulla-desktop/pkg/rancher-desktop/components/SortableTable/index.vue:147:39:
Global built-in functions are deprecated and will be removed in Dart Sass 3.0.0.
Use map.get instead.

More info and automated migrator: https://sass-lang.com/d/import

147 |     @media only screen and (max-width: map-get($breakpoints, '--viewport-12')) {


pkg/rancher-desktop/components/SortableTable/index.vue 148:40  root stylesheet


 warning  in ./pkg/rancher-desktop/components/SortableTable/index.vue?vue&type=style&index=1&id=9d42069c&lang=scss

Module Warning (from ./node_modules/sass-loader/dist/cjs.js):
Deprecation Warning on line 31, column 6 of file:///Users/jonathonbyrdziak/Sites/sulla/sulla-desktop/pkg/rancher-desktop/assets/styles/base/_functions.scss:31:6:
Global built-in functions are deprecated and will be removed in Dart Sass 3.0.0.
Use map.has-key instead.

More info and automated migrator: https://sass-lang.com/d/import

31 |   @if map-has-key($z-indexes, $key) {


pkg/rancher-desktop/assets/styles/base/_functions.scss 32:7    z-index()
pkg/rancher-desktop/components/SortableTable/index.vue 146:20  root stylesheet


 warning  in ./pkg/rancher-desktop/components/SortableTable/index.vue?vue&type=style&index=1&id=9d42069c&lang=scss

Module Warning (from ./node_modules/sass-loader/dist/cjs.js):
Deprecation Warning on line 32, column 12 of file:///Users/jonathonbyrdziak/Sites/sulla/sulla-desktop/pkg/rancher-desktop/assets/styles/base/_functions.scss:32:12:
Global built-in functions are deprecated and will be removed in Dart Sass 3.0.0.
Use map.get instead.

More info and automated migrator: https://sass-lang.com/d/import

32 |     @return map-get($z-indexes, $key);


pkg/rancher-desktop/assets/styles/base/_functions.scss 33:13   z-index()
pkg/rancher-desktop/components/SortableTable/index.vue 146:20  root stylesheet


 warning  in ./pkg/rancher-desktop/components/StatusBar.vue?vue&type=style&index=0&id=69f852e8&scoped=true&lang=scss

Module Warning (from ./node_modules/sass-loader/dist/cjs.js):
Deprecation Warning on line 2, column 18 of file:///Users/jonathonbyrdziak/Sites/sulla/sulla-desktop/pkg/rancher-desktop/components/StatusBar.vue:2:18:
Sass @import rules are deprecated and will be removed in Dart Sass 3.0.0.

More info and automated migrator: https://sass-lang.com/d/import

2 |           @import "@pkg/assets/styles/base/_variables.scss";


pkg/rancher-desktop/components/StatusBar.vue 3:19  root stylesheet


 warning  in ./pkg/rancher-desktop/components/StatusBar.vue?vue&type=style&index=0&id=69f852e8&scoped=true&lang=scss

Module Warning (from ./node_modules/sass-loader/dist/cjs.js):
Deprecation Warning on line 3, column 18 of file:///Users/jonathonbyrdziak/Sites/sulla/sulla-desktop/pkg/rancher-desktop/components/StatusBar.vue:3:18:
Sass @import rules are deprecated and will be removed in Dart Sass 3.0.0.

More info and automated migrator: https://sass-lang.com/d/import

3 |           @import "@pkg/assets/styles/base/_functions.scss";


pkg/rancher-desktop/components/StatusBar.vue 4:19  root stylesheet


 warning  in ./pkg/rancher-desktop/components/StatusBar.vue?vue&type=style&index=0&id=69f852e8&scoped=true&lang=scss

Module Warning (from ./node_modules/sass-loader/dist/cjs.js):
Deprecation Warning on line 4, column 18 of file:///Users/jonathonbyrdziak/Sites/sulla/sulla-desktop/pkg/rancher-desktop/components/StatusBar.vue:4:18:
Sass @import rules are deprecated and will be removed in Dart Sass 3.0.0.

More info and automated migrator: https://sass-lang.com/d/import

4 |           @import "@pkg/assets/styles/base/_mixins.scss";


pkg/rancher-desktop/components/StatusBar.vue 5:19  root stylesheet


 warning  in ./pkg/rancher-desktop/components/StatusBar.vue?vue&type=style&index=0&id=69f852e8&scoped=true&lang=scss

Module Warning (from ./node_modules/sass-loader/dist/cjs.js):
Deprecation Warning on line 22, column 12 of file:///Users/jonathonbyrdziak/Sites/sulla/sulla-desktop/pkg/rancher-desktop/assets/styles/base/_functions.scss:22:12:
The Sass if() syntax is deprecated in favor of the modern CSS syntax.

Suggestion: if(sass(math.abs($color-brightness - $light-text-brightness) > math.abs($color-brightness - $dark-text-brightness)): $light; else: $dark)

More info: https://sass-lang.com/d/if-function

22 |     @return if(math.abs($color-brightness - $light-text-brightness) > math.abs($color-brightness - $dark-text-brightness), $light, $dark);


pkg/rancher-desktop/assets/styles/base/_functions.scss 23:13  @import
pkg/rancher-desktop/components/StatusBar.vue 4:19             root stylesheet


 warning  in ./pkg/rancher-desktop/components/StatusBarItem.vue?vue&type=style&index=0&id=fd99d08c&scoped=true&lang=scss

Module Warning (from ./node_modules/sass-loader/dist/cjs.js):
Deprecation Warning on line 2, column 18 of file:///Users/jonathonbyrdziak/Sites/sulla/sulla-desktop/pkg/rancher-desktop/components/StatusBarItem.vue:2:18:
Sass @import rules are deprecated and will be removed in Dart Sass 3.0.0.

More info and automated migrator: https://sass-lang.com/d/import

2 |           @import "@pkg/assets/styles/base/_variables.scss";


pkg/rancher-desktop/components/StatusBarItem.vue 3:19  root stylesheet


 warning  in ./pkg/rancher-desktop/components/StatusBarItem.vue?vue&type=style&index=0&id=fd99d08c&scoped=true&lang=scss

Module Warning (from ./node_modules/sass-loader/dist/cjs.js):
Deprecation Warning on line 3, column 18 of file:///Users/jonathonbyrdziak/Sites/sulla/sulla-desktop/pkg/rancher-desktop/components/StatusBarItem.vue:3:18:
Sass @import rules are deprecated and will be removed in Dart Sass 3.0.0.

More info and automated migrator: https://sass-lang.com/d/import

3 |           @import "@pkg/assets/styles/base/_functions.scss";


pkg/rancher-desktop/components/StatusBarItem.vue 4:19  root stylesheet


 warning  in ./pkg/rancher-desktop/components/StatusBarItem.vue?vue&type=style&index=0&id=fd99d08c&scoped=true&lang=scss

Module Warning (from ./node_modules/sass-loader/dist/cjs.js):
Deprecation Warning on line 4, column 6 of file:///Users/jonathonbyrdziak/Sites/sulla/sulla-desktop/pkg/rancher-desktop/assets/styles/base/_functions.scss:4:6:
Global built-in functions are deprecated and will be removed in Dart Sass 3.0.0.
Use meta.type-of instead.

More info and automated migrator: https://sass-lang.com/d/import

4 |   @if type-of($color) == color {


pkg/rancher-desktop/assets/styles/base/_functions.scss 5:7  brightness()
pkg/rancher-desktop/components/StatusBarItem.vue 18:19      root stylesheet


 warning  in ./pkg/rancher-desktop/components/StatusBarItem.vue?vue&type=style&index=0&id=fd99d08c&scoped=true&lang=scss

Module Warning (from ./node_modules/sass-loader/dist/cjs.js):
Deprecation Warning on line 4, column 18 of file:///Users/jonathonbyrdziak/Sites/sulla/sulla-desktop/pkg/rancher-desktop/components/StatusBarItem.vue:4:18:
Sass @import rules are deprecated and will be removed in Dart Sass 3.0.0.

More info and automated migrator: https://sass-lang.com/d/import

4 |           @import "@pkg/assets/styles/base/_mixins.scss";


pkg/rancher-desktop/components/StatusBarItem.vue 5:19  root stylesheet


 warning  in ./pkg/rancher-desktop/components/StatusBarItem.vue?vue&type=style&index=0&id=fd99d08c&scoped=true&lang=scss

Module Warning (from ./node_modules/sass-loader/dist/cjs.js):
Deprecation Warning on line 8, column 12 of file:///Users/jonathonbyrdziak/Sites/sulla/sulla-desktop/pkg/rancher-desktop/assets/styles/base/_functions.scss:8:12:
Global built-in functions are deprecated and will be removed in Dart Sass 3.0.0.
Use string.unquote instead.

More info and automated migrator: https://sass-lang.com/d/import

8 |     @return unquote("brightness(#{$color})");


pkg/rancher-desktop/assets/styles/base/_functions.scss 9:13  brightness()
pkg/rancher-desktop/components/StatusBarItem.vue 18:19       root stylesheet


 warning  in ./pkg/rancher-desktop/components/StatusBarItem.vue?vue&type=style&index=0&id=fd99d08c&scoped=true&lang=scss

Module Warning (from ./node_modules/sass-loader/dist/cjs.js):
Deprecation Warning on line 22, column 12 of file:///Users/jonathonbyrdziak/Sites/sulla/sulla-desktop/pkg/rancher-desktop/assets/styles/base/_functions.scss:22:12:
The Sass if() syntax is deprecated in favor of the modern CSS syntax.

Suggestion: if(sass(math.abs($color-brightness - $light-text-brightness) > math.abs($color-brightness - $dark-text-brightness)): $light; else: $dark)

More info: https://sass-lang.com/d/if-function

22 |     @return if(math.abs($color-brightness - $light-text-brightness) > math.abs($color-brightness - $dark-text-brightness), $light, $dark);


pkg/rancher-desktop/assets/styles/base/_functions.scss 23:13  @import
pkg/rancher-desktop/components/StatusBarItem.vue 4:19         root stylesheet


 warning  in ./pkg/rancher-desktop/components/Tabbed/RdTabbed.vue?vue&type=style&index=0&id=8a57be56&lang=scss&scoped=true

Module Warning (from ./node_modules/sass-loader/dist/cjs.js):
Deprecation Warning on line 2, column 18 of file:///Users/jonathonbyrdziak/Sites/sulla/sulla-desktop/pkg/rancher-desktop/components/Tabbed/RdTabbed.vue:2:18:
Sass @import rules are deprecated and will be removed in Dart Sass 3.0.0.

More info and automated migrator: https://sass-lang.com/d/import

2 |           @import "@pkg/assets/styles/base/_variables.scss";


pkg/rancher-desktop/components/Tabbed/RdTabbed.vue 3:19  root stylesheet


 warning  in ./pkg/rancher-desktop/components/Tabbed/RdTabbed.vue?vue&type=style&index=0&id=8a57be56&lang=scss&scoped=true

Module Warning (from ./node_modules/sass-loader/dist/cjs.js):
Deprecation Warning on line 3, column 18 of file:///Users/jonathonbyrdziak/Sites/sulla/sulla-desktop/pkg/rancher-desktop/components/Tabbed/RdTabbed.vue:3:18:
Sass @import rules are deprecated and will be removed in Dart Sass 3.0.0.

More info and automated migrator: https://sass-lang.com/d/import

3 |           @import "@pkg/assets/styles/base/_functions.scss";


pkg/rancher-desktop/components/Tabbed/RdTabbed.vue 4:19  root stylesheet


 warning  in ./pkg/rancher-desktop/components/Tabbed/RdTabbed.vue?vue&type=style&index=0&id=8a57be56&lang=scss&scoped=true

Module Warning (from ./node_modules/sass-loader/dist/cjs.js):
Deprecation Warning on line 4, column 18 of file:///Users/jonathonbyrdziak/Sites/sulla/sulla-desktop/pkg/rancher-desktop/components/Tabbed/RdTabbed.vue:4:18:
Sass @import rules are deprecated and will be removed in Dart Sass 3.0.0.

More info and automated migrator: https://sass-lang.com/d/import

4 |           @import "@pkg/assets/styles/base/_mixins.scss";


pkg/rancher-desktop/components/Tabbed/RdTabbed.vue 5:19  root stylesheet


 warning  in ./pkg/rancher-desktop/components/Tabbed/RdTabbed.vue?vue&type=style&index=0&id=8a57be56&lang=scss&scoped=true

Module Warning (from ./node_modules/sass-loader/dist/cjs.js):
Deprecation Warning on line 22, column 12 of file:///Users/jonathonbyrdziak/Sites/sulla/sulla-desktop/pkg/rancher-desktop/assets/styles/base/_functions.scss:22:12:
The Sass if() syntax is deprecated in favor of the modern CSS syntax.

Suggestion: if(sass(math.abs($color-brightness - $light-text-brightness) > math.abs($color-brightness - $dark-text-brightness)): $light; else: $dark)

More info: https://sass-lang.com/d/if-function

22 |     @return if(math.abs($color-brightness - $light-text-brightness) > math.abs($color-brightness - $dark-text-brightness), $light, $dark);


pkg/rancher-desktop/assets/styles/base/_functions.scss 23:13  @import
pkg/rancher-desktop/components/Tabbed/RdTabbed.vue 4:19       root stylesheet


 warning  in ./pkg/rancher-desktop/components/Tabbed/Tab.vue?vue&type=style&index=0&id=ed7090fa&lang=scss&scoped=true

Module Warning (from ./node_modules/sass-loader/dist/cjs.js):
Deprecation Warning on line 2, column 18 of file:///Users/jonathonbyrdziak/Sites/sulla/sulla-desktop/pkg/rancher-desktop/components/Tabbed/Tab.vue:2:18:
Sass @import rules are deprecated and will be removed in Dart Sass 3.0.0.

More info and automated migrator: https://sass-lang.com/d/import

2 |           @import "@pkg/assets/styles/base/_variables.scss";


pkg/rancher-desktop/components/Tabbed/Tab.vue 3:19  root stylesheet


 warning  in ./pkg/rancher-desktop/components/Tabbed/Tab.vue?vue&type=style&index=0&id=ed7090fa&lang=scss&scoped=true

Module Warning (from ./node_modules/sass-loader/dist/cjs.js):
Deprecation Warning on line 3, column 18 of file:///Users/jonathonbyrdziak/Sites/sulla/sulla-desktop/pkg/rancher-desktop/components/Tabbed/Tab.vue:3:18:
Sass @import rules are deprecated and will be removed in Dart Sass 3.0.0.

More info and automated migrator: https://sass-lang.com/d/import

3 |           @import "@pkg/assets/styles/base/_functions.scss";


pkg/rancher-desktop/components/Tabbed/Tab.vue 4:19  root stylesheet


 warning  in ./pkg/rancher-desktop/components/Tabbed/Tab.vue?vue&type=style&index=0&id=ed7090fa&lang=scss&scoped=true

Module Warning (from ./node_modules/sass-loader/dist/cjs.js):
Deprecation Warning on line 4, column 18 of file:///Users/jonathonbyrdziak/Sites/sulla/sulla-desktop/pkg/rancher-desktop/components/Tabbed/Tab.vue:4:18:
Sass @import rules are deprecated and will be removed in Dart Sass 3.0.0.

More info and automated migrator: https://sass-lang.com/d/import

4 |           @import "@pkg/assets/styles/base/_mixins.scss";


pkg/rancher-desktop/components/Tabbed/Tab.vue 5:19  root stylesheet


 warning  in ./pkg/rancher-desktop/components/Tabbed/Tab.vue?vue&type=style&index=0&id=ed7090fa&lang=scss&scoped=true

Module Warning (from ./node_modules/sass-loader/dist/cjs.js):
Deprecation Warning on line 22, column 12 of file:///Users/jonathonbyrdziak/Sites/sulla/sulla-desktop/pkg/rancher-desktop/assets/styles/base/_functions.scss:22:12:
The Sass if() syntax is deprecated in favor of the modern CSS syntax.

Suggestion: if(sass(math.abs($color-brightness - $light-text-brightness) > math.abs($color-brightness - $dark-text-brightness)): $light; else: $dark)

More info: https://sass-lang.com/d/if-function

22 |     @return if(math.abs($color-brightness - $light-text-brightness) > math.abs($color-brightness - $dark-text-brightness), $light, $dark);


pkg/rancher-desktop/assets/styles/base/_functions.scss 23:13  @import
pkg/rancher-desktop/components/Tabbed/Tab.vue 4:19            root stylesheet


 warning  in ./pkg/rancher-desktop/components/Tabbed/index.vue?vue&type=style&index=0&id=29a4fb30&lang=scss&scoped=true

Module Warning (from ./node_modules/sass-loader/dist/cjs.js):
Deprecation Warning on line 2, column 18 of file:///Users/jonathonbyrdziak/Sites/sulla/sulla-desktop/pkg/rancher-desktop/components/Tabbed/index.vue:2:18:
Sass @import rules are deprecated and will be removed in Dart Sass 3.0.0.

More info and automated migrator: https://sass-lang.com/d/import

2 |           @import "@pkg/assets/styles/base/_variables.scss";


pkg/rancher-desktop/components/Tabbed/index.vue 3:19  root stylesheet


 warning  in ./pkg/rancher-desktop/components/Tabbed/index.vue?vue&type=style&index=0&id=29a4fb30&lang=scss&scoped=true

Module Warning (from ./node_modules/sass-loader/dist/cjs.js):
Deprecation Warning on line 3, column 18 of file:///Users/jonathonbyrdziak/Sites/sulla/sulla-desktop/pkg/rancher-desktop/components/Tabbed/index.vue:3:18:
Sass @import rules are deprecated and will be removed in Dart Sass 3.0.0.

More info and automated migrator: https://sass-lang.com/d/import

3 |           @import "@pkg/assets/styles/base/_functions.scss";


pkg/rancher-desktop/components/Tabbed/index.vue 4:19  root stylesheet


 warning  in ./pkg/rancher-desktop/components/Tabbed/index.vue?vue&type=style&index=0&id=29a4fb30&lang=scss&scoped=true

Module Warning (from ./node_modules/sass-loader/dist/cjs.js):
Deprecation Warning on line 4, column 18 of file:///Users/jonathonbyrdziak/Sites/sulla/sulla-desktop/pkg/rancher-desktop/components/Tabbed/index.vue:4:18:
Sass @import rules are deprecated and will be removed in Dart Sass 3.0.0.

More info and automated migrator: https://sass-lang.com/d/import

4 |           @import "@pkg/assets/styles/base/_mixins.scss";


pkg/rancher-desktop/components/Tabbed/index.vue 5:19  root stylesheet


 warning  in ./pkg/rancher-desktop/components/Tabbed/index.vue?vue&type=style&index=0&id=29a4fb30&lang=scss&scoped=true

Module Warning (from ./node_modules/sass-loader/dist/cjs.js):
Deprecation Warning on line 22, column 12 of file:///Users/jonathonbyrdziak/Sites/sulla/sulla-desktop/pkg/rancher-desktop/assets/styles/base/_functions.scss:22:12:
The Sass if() syntax is deprecated in favor of the modern CSS syntax.

Suggestion: if(sass(math.abs($color-brightness - $light-text-brightness) > math.abs($color-brightness - $dark-text-brightness)): $light; else: $dark)

More info: https://sass-lang.com/d/if-function

22 |     @return if(math.abs($color-brightness - $light-text-brightness) > math.abs($color-brightness - $dark-text-brightness), $light, $dark);


pkg/rancher-desktop/assets/styles/base/_functions.scss 23:13  @import
pkg/rancher-desktop/components/Tabbed/index.vue 4:19          root stylesheet


 warning  in ./pkg/rancher-desktop/components/TheTitle.vue?vue&type=style&index=0&id=78a96cf3&lang=scss&scoped=true

Module Warning (from ./node_modules/sass-loader/dist/cjs.js):
Deprecation Warning on line 2, column 18 of file:///Users/jonathonbyrdziak/Sites/sulla/sulla-desktop/pkg/rancher-desktop/components/TheTitle.vue:2:18:
Sass @import rules are deprecated and will be removed in Dart Sass 3.0.0.

More info and automated migrator: https://sass-lang.com/d/import

2 |           @import "@pkg/assets/styles/base/_variables.scss";


pkg/rancher-desktop/components/TheTitle.vue 3:19  root stylesheet


 warning  in ./pkg/rancher-desktop/components/TheTitle.vue?vue&type=style&index=0&id=78a96cf3&lang=scss&scoped=true

Module Warning (from ./node_modules/sass-loader/dist/cjs.js):
Deprecation Warning on line 3, column 18 of file:///Users/jonathonbyrdziak/Sites/sulla/sulla-desktop/pkg/rancher-desktop/components/TheTitle.vue:3:18:
Sass @import rules are deprecated and will be removed in Dart Sass 3.0.0.

More info and automated migrator: https://sass-lang.com/d/import

3 |           @import "@pkg/assets/styles/base/_functions.scss";


pkg/rancher-desktop/components/TheTitle.vue 4:19  root stylesheet


 warning  in ./pkg/rancher-desktop/components/TheTitle.vue?vue&type=style&index=0&id=78a96cf3&lang=scss&scoped=true

Module Warning (from ./node_modules/sass-loader/dist/cjs.js):
Deprecation Warning on line 4, column 18 of file:///Users/jonathonbyrdziak/Sites/sulla/sulla-desktop/pkg/rancher-desktop/components/TheTitle.vue:4:18:
Sass @import rules are deprecated and will be removed in Dart Sass 3.0.0.

More info and automated migrator: https://sass-lang.com/d/import

4 |           @import "@pkg/assets/styles/base/_mixins.scss";


pkg/rancher-desktop/components/TheTitle.vue 5:19  root stylesheet


 warning  in ./pkg/rancher-desktop/components/TheTitle.vue?vue&type=style&index=0&id=78a96cf3&lang=scss&scoped=true

Module Warning (from ./node_modules/sass-loader/dist/cjs.js):
Deprecation Warning on line 22, column 12 of file:///Users/jonathonbyrdziak/Sites/sulla/sulla-desktop/pkg/rancher-desktop/assets/styles/base/_functions.scss:22:12:
The Sass if() syntax is deprecated in favor of the modern CSS syntax.

Suggestion: if(sass(math.abs($color-brightness - $light-text-brightness) > math.abs($color-brightness - $dark-text-brightness)): $light; else: $dark)

More info: https://sass-lang.com/d/if-function

22 |     @return if(math.abs($color-brightness - $light-text-brightness) > math.abs($color-brightness - $dark-text-brightness), $light, $dark);


pkg/rancher-desktop/assets/styles/base/_functions.scss 23:13  @import
pkg/rancher-desktop/components/TheTitle.vue 4:19              root stylesheet


 warning  in ./pkg/rancher-desktop/components/TroubleshootingLineItem.vue?vue&type=style&index=0&id=1e662ab3&lang=scss&scoped=true

Module Warning (from ./node_modules/sass-loader/dist/cjs.js):
Deprecation Warning on line 2, column 18 of file:///Users/jonathonbyrdziak/Sites/sulla/sulla-desktop/pkg/rancher-desktop/components/TroubleshootingLineItem.vue:2:18:
Sass @import rules are deprecated and will be removed in Dart Sass 3.0.0.

More info and automated migrator: https://sass-lang.com/d/import

2 |           @import "@pkg/assets/styles/base/_variables.scss";


pkg/rancher-desktop/components/TroubleshootingLineItem.vue 3:19  root stylesheet


 warning  in ./pkg/rancher-desktop/components/TroubleshootingLineItem.vue?vue&type=style&index=0&id=1e662ab3&lang=scss&scoped=true

Module Warning (from ./node_modules/sass-loader/dist/cjs.js):
Deprecation Warning on line 3, column 18 of file:///Users/jonathonbyrdziak/Sites/sulla/sulla-desktop/pkg/rancher-desktop/components/TroubleshootingLineItem.vue:3:18:
Sass @import rules are deprecated and will be removed in Dart Sass 3.0.0.

More info and automated migrator: https://sass-lang.com/d/import

3 |           @import "@pkg/assets/styles/base/_functions.scss";


pkg/rancher-desktop/components/TroubleshootingLineItem.vue 4:19  root stylesheet


 warning  in ./pkg/rancher-desktop/components/TroubleshootingLineItem.vue?vue&type=style&index=0&id=1e662ab3&lang=scss&scoped=true

Module Warning (from ./node_modules/sass-loader/dist/cjs.js):
Deprecation Warning on line 4, column 18 of file:///Users/jonathonbyrdziak/Sites/sulla/sulla-desktop/pkg/rancher-desktop/components/TroubleshootingLineItem.vue:4:18:
Sass @import rules are deprecated and will be removed in Dart Sass 3.0.0.

More info and automated migrator: https://sass-lang.com/d/import

4 |           @import "@pkg/assets/styles/base/_mixins.scss";


pkg/rancher-desktop/components/TroubleshootingLineItem.vue 5:19  root stylesheet


 warning  in ./pkg/rancher-desktop/components/TroubleshootingLineItem.vue?vue&type=style&index=0&id=1e662ab3&lang=scss&scoped=true

Module Warning (from ./node_modules/sass-loader/dist/cjs.js):
Deprecation Warning on line 22, column 12 of file:///Users/jonathonbyrdziak/Sites/sulla/sulla-desktop/pkg/rancher-desktop/assets/styles/base/_functions.scss:22:12:
The Sass if() syntax is deprecated in favor of the modern CSS syntax.

Suggestion: if(sass(math.abs($color-brightness - $light-text-brightness) > math.abs($color-brightness - $dark-text-brightness)): $light; else: $dark)

More info: https://sass-lang.com/d/if-function

22 |     @return if(math.abs($color-brightness - $light-text-brightness) > math.abs($color-brightness - $dark-text-brightness), $light, $dark);


pkg/rancher-desktop/assets/styles/base/_functions.scss 23:13     @import
pkg/rancher-desktop/components/TroubleshootingLineItem.vue 4:19  root stylesheet


 warning  in ./pkg/rancher-desktop/components/UpdateStatus.vue?vue&type=style&index=0&id=9ac4f8b0&lang=scss&scoped=true

Module Warning (from ./node_modules/sass-loader/dist/cjs.js):
Deprecation Warning on line 2, column 18 of file:///Users/jonathonbyrdziak/Sites/sulla/sulla-desktop/pkg/rancher-desktop/components/UpdateStatus.vue:2:18:
Sass @import rules are deprecated and will be removed in Dart Sass 3.0.0.

More info and automated migrator: https://sass-lang.com/d/import

2 |           @import "@pkg/assets/styles/base/_variables.scss";


pkg/rancher-desktop/components/UpdateStatus.vue 3:19  root stylesheet


 warning  in ./pkg/rancher-desktop/components/UpdateStatus.vue?vue&type=style&index=0&id=9ac4f8b0&lang=scss&scoped=true

Module Warning (from ./node_modules/sass-loader/dist/cjs.js):
Deprecation Warning on line 3, column 18 of file:///Users/jonathonbyrdziak/Sites/sulla/sulla-desktop/pkg/rancher-desktop/components/UpdateStatus.vue:3:18:
Sass @import rules are deprecated and will be removed in Dart Sass 3.0.0.

More info and automated migrator: https://sass-lang.com/d/import

3 |           @import "@pkg/assets/styles/base/_functions.scss";


pkg/rancher-desktop/components/UpdateStatus.vue 4:19  root stylesheet


 warning  in ./pkg/rancher-desktop/components/UpdateStatus.vue?vue&type=style&index=0&id=9ac4f8b0&lang=scss&scoped=true

Module Warning (from ./node_modules/sass-loader/dist/cjs.js):
Deprecation Warning on line 4, column 18 of file:///Users/jonathonbyrdziak/Sites/sulla/sulla-desktop/pkg/rancher-desktop/components/UpdateStatus.vue:4:18:
Sass @import rules are deprecated and will be removed in Dart Sass 3.0.0.

More info and automated migrator: https://sass-lang.com/d/import

4 |           @import "@pkg/assets/styles/base/_mixins.scss";


pkg/rancher-desktop/components/UpdateStatus.vue 5:19  root stylesheet


 warning  in ./pkg/rancher-desktop/components/UpdateStatus.vue?vue&type=style&index=0&id=9ac4f8b0&lang=scss&scoped=true

Module Warning (from ./node_modules/sass-loader/dist/cjs.js):
Deprecation Warning on line 22, column 12 of file:///Users/jonathonbyrdziak/Sites/sulla/sulla-desktop/pkg/rancher-desktop/assets/styles/base/_functions.scss:22:12:
The Sass if() syntax is deprecated in favor of the modern CSS syntax.

Suggestion: if(sass(math.abs($color-brightness - $light-text-brightness) > math.abs($color-brightness - $dark-text-brightness)): $light; else: $dark)

More info: https://sass-lang.com/d/if-function

22 |     @return if(math.abs($color-brightness - $light-text-brightness) > math.abs($color-brightness - $dark-text-brightness), $light, $dark);


pkg/rancher-desktop/assets/styles/base/_functions.scss 23:13  @import
pkg/rancher-desktop/components/UpdateStatus.vue 4:19          root stylesheet


 warning  in ./pkg/rancher-desktop/components/WSLIntegration.vue?vue&type=style&index=0&id=7676d5b4&lang=scss&scoped=true

Module Warning (from ./node_modules/sass-loader/dist/cjs.js):
Deprecation Warning on line 2, column 18 of file:///Users/jonathonbyrdziak/Sites/sulla/sulla-desktop/pkg/rancher-desktop/components/WSLIntegration.vue:2:18:
Sass @import rules are deprecated and will be removed in Dart Sass 3.0.0.

More info and automated migrator: https://sass-lang.com/d/import

2 |           @import "@pkg/assets/styles/base/_variables.scss";


pkg/rancher-desktop/components/WSLIntegration.vue 3:19  root stylesheet


 warning  in ./pkg/rancher-desktop/components/WSLIntegration.vue?vue&type=style&index=0&id=7676d5b4&lang=scss&scoped=true

Module Warning (from ./node_modules/sass-loader/dist/cjs.js):
Deprecation Warning on line 3, column 18 of file:///Users/jonathonbyrdziak/Sites/sulla/sulla-desktop/pkg/rancher-desktop/components/WSLIntegration.vue:3:18:
Sass @import rules are deprecated and will be removed in Dart Sass 3.0.0.

More info and automated migrator: https://sass-lang.com/d/import

3 |           @import "@pkg/assets/styles/base/_functions.scss";


pkg/rancher-desktop/components/WSLIntegration.vue 4:19  root stylesheet


 warning  in ./pkg/rancher-desktop/components/WSLIntegration.vue?vue&type=style&index=0&id=7676d5b4&lang=scss&scoped=true

Module Warning (from ./node_modules/sass-loader/dist/cjs.js):
Deprecation Warning on line 4, column 18 of file:///Users/jonathonbyrdziak/Sites/sulla/sulla-desktop/pkg/rancher-desktop/components/WSLIntegration.vue:4:18:
Sass @import rules are deprecated and will be removed in Dart Sass 3.0.0.

More info and automated migrator: https://sass-lang.com/d/import

4 |           @import "@pkg/assets/styles/base/_mixins.scss";


pkg/rancher-desktop/components/WSLIntegration.vue 5:19  root stylesheet


 warning  in ./pkg/rancher-desktop/components/WSLIntegration.vue?vue&type=style&index=0&id=7676d5b4&lang=scss&scoped=true

Module Warning (from ./node_modules/sass-loader/dist/cjs.js):
Deprecation Warning on line 22, column 12 of file:///Users/jonathonbyrdziak/Sites/sulla/sulla-desktop/pkg/rancher-desktop/assets/styles/base/_functions.scss:22:12:
The Sass if() syntax is deprecated in favor of the modern CSS syntax.

Suggestion: if(sass(math.abs($color-brightness - $light-text-brightness) > math.abs($color-brightness - $dark-text-brightness)): $light; else: $dark)

More info: https://sass-lang.com/d/if-function

22 |     @return if(math.abs($color-brightness - $light-text-brightness) > math.abs($color-brightness - $dark-text-brightness), $light, $dark);


pkg/rancher-desktop/assets/styles/base/_functions.scss 23:13  @import
pkg/rancher-desktop/components/WSLIntegration.vue 4:19        root stylesheet


 warning  in ./pkg/rancher-desktop/components/form/LabeledBadge.vue?vue&type=style&index=0&id=434e2df8&lang=scss&scoped=true

Module Warning (from ./node_modules/sass-loader/dist/cjs.js):
Deprecation Warning on line 2, column 18 of file:///Users/jonathonbyrdziak/Sites/sulla/sulla-desktop/pkg/rancher-desktop/components/form/LabeledBadge.vue:2:18:
Sass @import rules are deprecated and will be removed in Dart Sass 3.0.0.

More info and automated migrator: https://sass-lang.com/d/import

2 |           @import "@pkg/assets/styles/base/_variables.scss";


pkg/rancher-desktop/components/form/LabeledBadge.vue 3:19  root stylesheet


 warning  in ./pkg/rancher-desktop/components/form/LabeledBadge.vue?vue&type=style&index=0&id=434e2df8&lang=scss&scoped=true

Module Warning (from ./node_modules/sass-loader/dist/cjs.js):
Deprecation Warning on line 3, column 18 of file:///Users/jonathonbyrdziak/Sites/sulla/sulla-desktop/pkg/rancher-desktop/components/form/LabeledBadge.vue:3:18:
Sass @import rules are deprecated and will be removed in Dart Sass 3.0.0.

More info and automated migrator: https://sass-lang.com/d/import

3 |           @import "@pkg/assets/styles/base/_functions.scss";


pkg/rancher-desktop/components/form/LabeledBadge.vue 4:19  root stylesheet


 warning  in ./pkg/rancher-desktop/components/form/LabeledBadge.vue?vue&type=style&index=0&id=434e2df8&lang=scss&scoped=true

Module Warning (from ./node_modules/sass-loader/dist/cjs.js):
Deprecation Warning on line 4, column 18 of file:///Users/jonathonbyrdziak/Sites/sulla/sulla-desktop/pkg/rancher-desktop/components/form/LabeledBadge.vue:4:18:
Sass @import rules are deprecated and will be removed in Dart Sass 3.0.0.

More info and automated migrator: https://sass-lang.com/d/import

4 |           @import "@pkg/assets/styles/base/_mixins.scss";


pkg/rancher-desktop/components/form/LabeledBadge.vue 5:19  root stylesheet


 warning  in ./pkg/rancher-desktop/components/form/LabeledBadge.vue?vue&type=style&index=0&id=434e2df8&lang=scss&scoped=true

Module Warning (from ./node_modules/sass-loader/dist/cjs.js):
Deprecation Warning on line 22, column 12 of file:///Users/jonathonbyrdziak/Sites/sulla/sulla-desktop/pkg/rancher-desktop/assets/styles/base/_functions.scss:22:12:
The Sass if() syntax is deprecated in favor of the modern CSS syntax.

Suggestion: if(sass(math.abs($color-brightness - $light-text-brightness) > math.abs($color-brightness - $dark-text-brightness)): $light; else: $dark)

More info: https://sass-lang.com/d/if-function

22 |     @return if(math.abs($color-brightness - $light-text-brightness) > math.abs($color-brightness - $dark-text-brightness), $light, $dark);


pkg/rancher-desktop/assets/styles/base/_functions.scss 23:13  @import
pkg/rancher-desktop/components/form/LabeledBadge.vue 4:19     root stylesheet


 warning  in ./pkg/rancher-desktop/components/form/LabeledSelect.vue?vue&type=style&index=0&id=70cb4d1f&lang=scss&scoped=true

Module Warning (from ./node_modules/sass-loader/dist/cjs.js):
Deprecation Warning on line 2, column 18 of file:///Users/jonathonbyrdziak/Sites/sulla/sulla-desktop/pkg/rancher-desktop/components/form/LabeledSelect.vue:2:18:
Sass @import rules are deprecated and will be removed in Dart Sass 3.0.0.

More info and automated migrator: https://sass-lang.com/d/import

2 |           @import "@pkg/assets/styles/base/_variables.scss";


pkg/rancher-desktop/components/form/LabeledSelect.vue 3:19  root stylesheet


 warning  in ./pkg/rancher-desktop/components/form/LabeledSelect.vue?vue&type=style&index=0&id=70cb4d1f&lang=scss&scoped=true

Module Warning (from ./node_modules/sass-loader/dist/cjs.js):
Deprecation Warning on line 3, column 18 of file:///Users/jonathonbyrdziak/Sites/sulla/sulla-desktop/pkg/rancher-desktop/components/form/LabeledSelect.vue:3:18:
Sass @import rules are deprecated and will be removed in Dart Sass 3.0.0.

More info and automated migrator: https://sass-lang.com/d/import

3 |           @import "@pkg/assets/styles/base/_functions.scss";


pkg/rancher-desktop/components/form/LabeledSelect.vue 4:19  root stylesheet


 warning  in ./pkg/rancher-desktop/components/form/LabeledSelect.vue?vue&type=style&index=0&id=70cb4d1f&lang=scss&scoped=true

Module Warning (from ./node_modules/sass-loader/dist/cjs.js):
Deprecation Warning on line 4, column 18 of file:///Users/jonathonbyrdziak/Sites/sulla/sulla-desktop/pkg/rancher-desktop/components/form/LabeledSelect.vue:4:18:
Sass @import rules are deprecated and will be removed in Dart Sass 3.0.0.

More info and automated migrator: https://sass-lang.com/d/import

4 |           @import "@pkg/assets/styles/base/_mixins.scss";


pkg/rancher-desktop/components/form/LabeledSelect.vue 5:19  root stylesheet


 warning  in ./pkg/rancher-desktop/components/form/LabeledSelect.vue?vue&type=style&index=0&id=70cb4d1f&lang=scss&scoped=true

Module Warning (from ./node_modules/sass-loader/dist/cjs.js):
Deprecation Warning on line 22, column 12 of file:///Users/jonathonbyrdziak/Sites/sulla/sulla-desktop/pkg/rancher-desktop/assets/styles/base/_functions.scss:22:12:
The Sass if() syntax is deprecated in favor of the modern CSS syntax.

Suggestion: if(sass(math.abs($color-brightness - $light-text-brightness) > math.abs($color-brightness - $dark-text-brightness)): $light; else: $dark)

More info: https://sass-lang.com/d/if-function

22 |     @return if(math.abs($color-brightness - $light-text-brightness) > math.abs($color-brightness - $dark-text-brightness), $light, $dark);


pkg/rancher-desktop/assets/styles/base/_functions.scss 23:13  @import
pkg/rancher-desktop/components/form/LabeledSelect.vue 4:19    root stylesheet


 warning  in ./pkg/rancher-desktop/components/form/LabeledTooltip.vue?vue&type=style&index=0&id=fe71904c&lang=scss

Module Warning (from ./node_modules/sass-loader/dist/cjs.js):
Deprecation Warning on line 2, column 18 of file:///Users/jonathonbyrdziak/Sites/sulla/sulla-desktop/pkg/rancher-desktop/components/form/LabeledTooltip.vue:2:18:
Sass @import rules are deprecated and will be removed in Dart Sass 3.0.0.

More info and automated migrator: https://sass-lang.com/d/import

2 |           @import "@pkg/assets/styles/base/_variables.scss";


pkg/rancher-desktop/components/form/LabeledTooltip.vue 3:19  root stylesheet


 warning  in ./pkg/rancher-desktop/components/form/LabeledTooltip.vue?vue&type=style&index=0&id=fe71904c&lang=scss

Module Warning (from ./node_modules/sass-loader/dist/cjs.js):
Deprecation Warning on line 3, column 18 of file:///Users/jonathonbyrdziak/Sites/sulla/sulla-desktop/pkg/rancher-desktop/components/form/LabeledTooltip.vue:3:18:
Sass @import rules are deprecated and will be removed in Dart Sass 3.0.0.

More info and automated migrator: https://sass-lang.com/d/import

3 |           @import "@pkg/assets/styles/base/_functions.scss";


pkg/rancher-desktop/components/form/LabeledTooltip.vue 4:19  root stylesheet


 warning  in ./pkg/rancher-desktop/components/form/LabeledTooltip.vue?vue&type=style&index=0&id=fe71904c&lang=scss

Module Warning (from ./node_modules/sass-loader/dist/cjs.js):
Deprecation Warning on line 4, column 18 of file:///Users/jonathonbyrdziak/Sites/sulla/sulla-desktop/pkg/rancher-desktop/components/form/LabeledTooltip.vue:4:18:
Sass @import rules are deprecated and will be removed in Dart Sass 3.0.0.

More info and automated migrator: https://sass-lang.com/d/import

4 |           @import "@pkg/assets/styles/base/_mixins.scss";


pkg/rancher-desktop/components/form/LabeledTooltip.vue 5:19  root stylesheet


 warning  in ./pkg/rancher-desktop/components/form/LabeledTooltip.vue?vue&type=style&index=0&id=fe71904c&lang=scss

Module Warning (from ./node_modules/sass-loader/dist/cjs.js):
Deprecation Warning on line 22, column 12 of file:///Users/jonathonbyrdziak/Sites/sulla/sulla-desktop/pkg/rancher-desktop/assets/styles/base/_functions.scss:22:12:
The Sass if() syntax is deprecated in favor of the modern CSS syntax.

Suggestion: if(sass(math.abs($color-brightness - $light-text-brightness) > math.abs($color-brightness - $dark-text-brightness)): $light; else: $dark)

More info: https://sass-lang.com/d/if-function

22 |     @return if(math.abs($color-brightness - $light-text-brightness) > math.abs($color-brightness - $dark-text-brightness), $light, $dark);


pkg/rancher-desktop/assets/styles/base/_functions.scss 23:13  @import
pkg/rancher-desktop/components/form/LabeledTooltip.vue 4:19   root stylesheet


 warning  in ./pkg/rancher-desktop/components/form/LabeledTooltip.vue?vue&type=style&index=0&id=fe71904c&lang=scss

Module Warning (from ./node_modules/sass-loader/dist/cjs.js):
Deprecation Warning on line 31, column 6 of file:///Users/jonathonbyrdziak/Sites/sulla/sulla-desktop/pkg/rancher-desktop/assets/styles/base/_functions.scss:31:6:
Global built-in functions are deprecated and will be removed in Dart Sass 3.0.0.
Use map.has-key instead.

More info and automated migrator: https://sass-lang.com/d/import

31 |   @if map-has-key($z-indexes, $key) {


pkg/rancher-desktop/assets/styles/base/_functions.scss 32:7   z-index()
pkg/rancher-desktop/components/form/LabeledTooltip.vue 24:19  root stylesheet


 warning  in ./pkg/rancher-desktop/components/form/LabeledTooltip.vue?vue&type=style&index=0&id=fe71904c&lang=scss

Module Warning (from ./node_modules/sass-loader/dist/cjs.js):
Deprecation Warning on line 32, column 12 of file:///Users/jonathonbyrdziak/Sites/sulla/sulla-desktop/pkg/rancher-desktop/assets/styles/base/_functions.scss:32:12:
Global built-in functions are deprecated and will be removed in Dart Sass 3.0.0.
Use map.get instead.

More info and automated migrator: https://sass-lang.com/d/import

32 |     @return map-get($z-indexes, $key);


pkg/rancher-desktop/assets/styles/base/_functions.scss 33:13  z-index()
pkg/rancher-desktop/components/form/LabeledTooltip.vue 24:19  root stylesheet


 warning  in ./pkg/rancher-desktop/components/form/RdCheckbox.vue?vue&type=style&index=0&id=554af97a&lang=scss&scoped=true

Module Warning (from ./node_modules/sass-loader/dist/cjs.js):
Deprecation Warning on line 2, column 18 of file:///Users/jonathonbyrdziak/Sites/sulla/sulla-desktop/pkg/rancher-desktop/components/form/RdCheckbox.vue:2:18:
Sass @import rules are deprecated and will be removed in Dart Sass 3.0.0.

More info and automated migrator: https://sass-lang.com/d/import

2 |           @import "@pkg/assets/styles/base/_variables.scss";


pkg/rancher-desktop/components/form/RdCheckbox.vue 3:19  root stylesheet


 warning  in ./pkg/rancher-desktop/components/form/RdCheckbox.vue?vue&type=style&index=0&id=554af97a&lang=scss&scoped=true

Module Warning (from ./node_modules/sass-loader/dist/cjs.js):
Deprecation Warning on line 3, column 18 of file:///Users/jonathonbyrdziak/Sites/sulla/sulla-desktop/pkg/rancher-desktop/components/form/RdCheckbox.vue:3:18:
Sass @import rules are deprecated and will be removed in Dart Sass 3.0.0.

More info and automated migrator: https://sass-lang.com/d/import

3 |           @import "@pkg/assets/styles/base/_functions.scss";


pkg/rancher-desktop/components/form/RdCheckbox.vue 4:19  root stylesheet


 warning  in ./pkg/rancher-desktop/components/form/RdCheckbox.vue?vue&type=style&index=0&id=554af97a&lang=scss&scoped=true

Module Warning (from ./node_modules/sass-loader/dist/cjs.js):
Deprecation Warning on line 4, column 18 of file:///Users/jonathonbyrdziak/Sites/sulla/sulla-desktop/pkg/rancher-desktop/components/form/RdCheckbox.vue:4:18:
Sass @import rules are deprecated and will be removed in Dart Sass 3.0.0.

More info and automated migrator: https://sass-lang.com/d/import

4 |           @import "@pkg/assets/styles/base/_mixins.scss";


pkg/rancher-desktop/components/form/RdCheckbox.vue 5:19  root stylesheet


 warning  in ./pkg/rancher-desktop/components/form/RdCheckbox.vue?vue&type=style&index=0&id=554af97a&lang=scss&scoped=true

Module Warning (from ./node_modules/sass-loader/dist/cjs.js):
Deprecation Warning on line 22, column 12 of file:///Users/jonathonbyrdziak/Sites/sulla/sulla-desktop/pkg/rancher-desktop/assets/styles/base/_functions.scss:22:12:
The Sass if() syntax is deprecated in favor of the modern CSS syntax.

Suggestion: if(sass(math.abs($color-brightness - $light-text-brightness) > math.abs($color-brightness - $dark-text-brightness)): $light; else: $dark)

More info: https://sass-lang.com/d/if-function

22 |     @return if(math.abs($color-brightness - $light-text-brightness) > math.abs($color-brightness - $dark-text-brightness), $light, $dark);


pkg/rancher-desktop/assets/styles/base/_functions.scss 23:13  @import
pkg/rancher-desktop/components/form/RdCheckbox.vue 4:19       root stylesheet


 warning  in ./pkg/rancher-desktop/components/form/RdFieldset.vue?vue&type=style&index=0&id=2972b25c&lang=scss&scoped=true

Module Warning (from ./node_modules/sass-loader/dist/cjs.js):
Deprecation Warning on line 2, column 18 of file:///Users/jonathonbyrdziak/Sites/sulla/sulla-desktop/pkg/rancher-desktop/components/form/RdFieldset.vue:2:18:
Sass @import rules are deprecated and will be removed in Dart Sass 3.0.0.

More info and automated migrator: https://sass-lang.com/d/import

2 |           @import "@pkg/assets/styles/base/_variables.scss";


pkg/rancher-desktop/components/form/RdFieldset.vue 3:19  root stylesheet


 warning  in ./pkg/rancher-desktop/components/form/RdFieldset.vue?vue&type=style&index=0&id=2972b25c&lang=scss&scoped=true

Module Warning (from ./node_modules/sass-loader/dist/cjs.js):
Deprecation Warning on line 3, column 18 of file:///Users/jonathonbyrdziak/Sites/sulla/sulla-desktop/pkg/rancher-desktop/components/form/RdFieldset.vue:3:18:
Sass @import rules are deprecated and will be removed in Dart Sass 3.0.0.

More info and automated migrator: https://sass-lang.com/d/import

3 |           @import "@pkg/assets/styles/base/_functions.scss";


pkg/rancher-desktop/components/form/RdFieldset.vue 4:19  root stylesheet


 warning  in ./pkg/rancher-desktop/components/form/RdFieldset.vue?vue&type=style&index=0&id=2972b25c&lang=scss&scoped=true

Module Warning (from ./node_modules/sass-loader/dist/cjs.js):
Deprecation Warning on line 4, column 18 of file:///Users/jonathonbyrdziak/Sites/sulla/sulla-desktop/pkg/rancher-desktop/components/form/RdFieldset.vue:4:18:
Sass @import rules are deprecated and will be removed in Dart Sass 3.0.0.

More info and automated migrator: https://sass-lang.com/d/import

4 |           @import "@pkg/assets/styles/base/_mixins.scss";


pkg/rancher-desktop/components/form/RdFieldset.vue 5:19  root stylesheet


 warning  in ./pkg/rancher-desktop/components/form/RdFieldset.vue?vue&type=style&index=0&id=2972b25c&lang=scss&scoped=true

Module Warning (from ./node_modules/sass-loader/dist/cjs.js):
Deprecation Warning on line 22, column 12 of file:///Users/jonathonbyrdziak/Sites/sulla/sulla-desktop/pkg/rancher-desktop/assets/styles/base/_functions.scss:22:12:
The Sass if() syntax is deprecated in favor of the modern CSS syntax.

Suggestion: if(sass(math.abs($color-brightness - $light-text-brightness) > math.abs($color-brightness - $dark-text-brightness)): $light; else: $dark)

More info: https://sass-lang.com/d/if-function

22 |     @return if(math.abs($color-brightness - $light-text-brightness) > math.abs($color-brightness - $dark-text-brightness), $light, $dark);


pkg/rancher-desktop/assets/styles/base/_functions.scss 23:13  @import
pkg/rancher-desktop/components/form/RdFieldset.vue 4:19       root stylesheet


 warning  in ./pkg/rancher-desktop/components/form/RdSlider.vue?vue&type=style&index=0&id=88342cdc&lang=scss&scoped=true

Module Warning (from ./node_modules/sass-loader/dist/cjs.js):
Deprecation Warning on line 2, column 18 of file:///Users/jonathonbyrdziak/Sites/sulla/sulla-desktop/pkg/rancher-desktop/components/form/RdSlider.vue:2:18:
Sass @import rules are deprecated and will be removed in Dart Sass 3.0.0.

More info and automated migrator: https://sass-lang.com/d/import

2 |           @import "@pkg/assets/styles/base/_variables.scss";


pkg/rancher-desktop/components/form/RdSlider.vue 3:19  root stylesheet


 warning  in ./pkg/rancher-desktop/components/form/RdSlider.vue?vue&type=style&index=0&id=88342cdc&lang=scss&scoped=true

Module Warning (from ./node_modules/sass-loader/dist/cjs.js):
Deprecation Warning on line 3, column 18 of file:///Users/jonathonbyrdziak/Sites/sulla/sulla-desktop/pkg/rancher-desktop/components/form/RdSlider.vue:3:18:
Sass @import rules are deprecated and will be removed in Dart Sass 3.0.0.

More info and automated migrator: https://sass-lang.com/d/import

3 |           @import "@pkg/assets/styles/base/_functions.scss";


pkg/rancher-desktop/components/form/RdSlider.vue 4:19  root stylesheet


 warning  in ./pkg/rancher-desktop/components/form/RdSlider.vue?vue&type=style&index=0&id=88342cdc&lang=scss&scoped=true

Module Warning (from ./node_modules/sass-loader/dist/cjs.js):
Deprecation Warning on line 4, column 18 of file:///Users/jonathonbyrdziak/Sites/sulla/sulla-desktop/pkg/rancher-desktop/components/form/RdSlider.vue:4:18:
Sass @import rules are deprecated and will be removed in Dart Sass 3.0.0.

More info and automated migrator: https://sass-lang.com/d/import

4 |           @import "@pkg/assets/styles/base/_mixins.scss";


pkg/rancher-desktop/components/form/RdSlider.vue 5:19  root stylesheet


 warning  in ./pkg/rancher-desktop/components/form/RdSlider.vue?vue&type=style&index=0&id=88342cdc&lang=scss&scoped=true

Module Warning (from ./node_modules/sass-loader/dist/cjs.js):
Deprecation Warning on line 22, column 12 of file:///Users/jonathonbyrdziak/Sites/sulla/sulla-desktop/pkg/rancher-desktop/assets/styles/base/_functions.scss:22:12:
The Sass if() syntax is deprecated in favor of the modern CSS syntax.

Suggestion: if(sass(math.abs($color-brightness - $light-text-brightness) > math.abs($color-brightness - $dark-text-brightness)): $light; else: $dark)

More info: https://sass-lang.com/d/if-function

22 |     @return if(math.abs($color-brightness - $light-text-brightness) > math.abs($color-brightness - $dark-text-brightness), $light, $dark);


pkg/rancher-desktop/assets/styles/base/_functions.scss 23:13  @import
pkg/rancher-desktop/components/form/RdSlider.vue 4:19         root stylesheet


 warning  in ./pkg/rancher-desktop/components/form/SplitButton.vue?vue&type=style&index=0&id=289bdd1d&lang=scss&scoped=true

Module Warning (from ./node_modules/sass-loader/dist/cjs.js):
Deprecation Warning on line 2, column 18 of file:///Users/jonathonbyrdziak/Sites/sulla/sulla-desktop/pkg/rancher-desktop/components/form/SplitButton.vue:2:18:
Sass @import rules are deprecated and will be removed in Dart Sass 3.0.0.

More info and automated migrator: https://sass-lang.com/d/import

2 |           @import "@pkg/assets/styles/base/_variables.scss";


pkg/rancher-desktop/components/form/SplitButton.vue 3:19  root stylesheet


 warning  in ./pkg/rancher-desktop/components/form/SplitButton.vue?vue&type=style&index=0&id=289bdd1d&lang=scss&scoped=true

Module Warning (from ./node_modules/sass-loader/dist/cjs.js):
Deprecation Warning on line 3, column 18 of file:///Users/jonathonbyrdziak/Sites/sulla/sulla-desktop/pkg/rancher-desktop/components/form/SplitButton.vue:3:18:
Sass @import rules are deprecated and will be removed in Dart Sass 3.0.0.

More info and automated migrator: https://sass-lang.com/d/import

3 |           @import "@pkg/assets/styles/base/_functions.scss";


pkg/rancher-desktop/components/form/SplitButton.vue 4:19  root stylesheet


 warning  in ./pkg/rancher-desktop/components/form/SplitButton.vue?vue&type=style&index=0&id=289bdd1d&lang=scss&scoped=true

Module Warning (from ./node_modules/sass-loader/dist/cjs.js):
Deprecation Warning on line 4, column 18 of file:///Users/jonathonbyrdziak/Sites/sulla/sulla-desktop/pkg/rancher-desktop/components/form/SplitButton.vue:4:18:
Sass @import rules are deprecated and will be removed in Dart Sass 3.0.0.

More info and automated migrator: https://sass-lang.com/d/import

4 |           @import "@pkg/assets/styles/base/_mixins.scss";


pkg/rancher-desktop/components/form/SplitButton.vue 5:19  root stylesheet


 warning  in ./pkg/rancher-desktop/components/form/SplitButton.vue?vue&type=style&index=0&id=289bdd1d&lang=scss&scoped=true

Module Warning (from ./node_modules/sass-loader/dist/cjs.js):
Deprecation Warning on line 22, column 12 of file:///Users/jonathonbyrdziak/Sites/sulla/sulla-desktop/pkg/rancher-desktop/assets/styles/base/_functions.scss:22:12:
The Sass if() syntax is deprecated in favor of the modern CSS syntax.

Suggestion: if(sass(math.abs($color-brightness - $light-text-brightness) > math.abs($color-brightness - $dark-text-brightness)): $light; else: $dark)

More info: https://sass-lang.com/d/if-function

22 |     @return if(math.abs($color-brightness - $light-text-brightness) > math.abs($color-brightness - $dark-text-brightness), $light, $dark);


pkg/rancher-desktop/assets/styles/base/_functions.scss 23:13  @import
pkg/rancher-desktop/components/form/SplitButton.vue 4:19      root stylesheet


 warning  in ./pkg/rancher-desktop/components/form/SplitButton.vue?vue&type=style&index=0&id=289bdd1d&lang=scss&scoped=true

Module Warning (from ./node_modules/sass-loader/dist/cjs.js):
Deprecation Warning on line 31, column 6 of file:///Users/jonathonbyrdziak/Sites/sulla/sulla-desktop/pkg/rancher-desktop/assets/styles/base/_functions.scss:31:6:
Global built-in functions are deprecated and will be removed in Dart Sass 3.0.0.
Use map.has-key instead.

More info and automated migrator: https://sass-lang.com/d/import

31 |   @if map-has-key($z-indexes, $key) {


pkg/rancher-desktop/assets/styles/base/_functions.scss 32:7  z-index()
pkg/rancher-desktop/components/form/SplitButton.vue 39:14    root stylesheet


 warning  in ./pkg/rancher-desktop/components/form/SplitButton.vue?vue&type=style&index=0&id=289bdd1d&lang=scss&scoped=true

Module Warning (from ./node_modules/sass-loader/dist/cjs.js):
Deprecation Warning on line 32, column 12 of file:///Users/jonathonbyrdziak/Sites/sulla/sulla-desktop/pkg/rancher-desktop/assets/styles/base/_functions.scss:32:12:
Global built-in functions are deprecated and will be removed in Dart Sass 3.0.0.
Use map.get instead.

More info and automated migrator: https://sass-lang.com/d/import

32 |     @return map-get($z-indexes, $key);


pkg/rancher-desktop/assets/styles/base/_functions.scss 33:13  z-index()
pkg/rancher-desktop/components/form/SplitButton.vue 39:14     root stylesheet


 warning  in ./pkg/rancher-desktop/components/form/TooltipIcon.vue?vue&type=style&index=0&id=417fd79e&lang=scss&scoped=true

Module Warning (from ./node_modules/sass-loader/dist/cjs.js):
Deprecation Warning on line 2, column 18 of file:///Users/jonathonbyrdziak/Sites/sulla/sulla-desktop/pkg/rancher-desktop/components/form/TooltipIcon.vue:2:18:
Sass @import rules are deprecated and will be removed in Dart Sass 3.0.0.

More info and automated migrator: https://sass-lang.com/d/import

2 |           @import "@pkg/assets/styles/base/_variables.scss";


pkg/rancher-desktop/components/form/TooltipIcon.vue 3:19  root stylesheet


 warning  in ./pkg/rancher-desktop/components/form/TooltipIcon.vue?vue&type=style&index=0&id=417fd79e&lang=scss&scoped=true

Module Warning (from ./node_modules/sass-loader/dist/cjs.js):
Deprecation Warning on line 3, column 18 of file:///Users/jonathonbyrdziak/Sites/sulla/sulla-desktop/pkg/rancher-desktop/components/form/TooltipIcon.vue:3:18:
Sass @import rules are deprecated and will be removed in Dart Sass 3.0.0.

More info and automated migrator: https://sass-lang.com/d/import

3 |           @import "@pkg/assets/styles/base/_functions.scss";


pkg/rancher-desktop/components/form/TooltipIcon.vue 4:19  root stylesheet


 warning  in ./pkg/rancher-desktop/components/form/TooltipIcon.vue?vue&type=style&index=0&id=417fd79e&lang=scss&scoped=true

Module Warning (from ./node_modules/sass-loader/dist/cjs.js):
Deprecation Warning on line 4, column 18 of file:///Users/jonathonbyrdziak/Sites/sulla/sulla-desktop/pkg/rancher-desktop/components/form/TooltipIcon.vue:4:18:
Sass @import rules are deprecated and will be removed in Dart Sass 3.0.0.

More info and automated migrator: https://sass-lang.com/d/import

4 |           @import "@pkg/assets/styles/base/_mixins.scss";


pkg/rancher-desktop/components/form/TooltipIcon.vue 5:19  root stylesheet


 warning  in ./pkg/rancher-desktop/components/form/TooltipIcon.vue?vue&type=style&index=0&id=417fd79e&lang=scss&scoped=true

Module Warning (from ./node_modules/sass-loader/dist/cjs.js):
Deprecation Warning on line 22, column 12 of file:///Users/jonathonbyrdziak/Sites/sulla/sulla-desktop/pkg/rancher-desktop/assets/styles/base/_functions.scss:22:12:
The Sass if() syntax is deprecated in favor of the modern CSS syntax.

Suggestion: if(sass(math.abs($color-brightness - $light-text-brightness) > math.abs($color-brightness - $dark-text-brightness)): $light; else: $dark)

More info: https://sass-lang.com/d/if-function

22 |     @return if(math.abs($color-brightness - $light-text-brightness) > math.abs($color-brightness - $dark-text-brightness), $light, $dark);


pkg/rancher-desktop/assets/styles/base/_functions.scss 23:13  @import
pkg/rancher-desktop/components/form/TooltipIcon.vue 4:19      root stylesheet


 warning  in ./pkg/rancher-desktop/components/routines/ActSection.vue?vue&type=style&index=0&id=6de496bd&scoped=true&lang=scss

Module Warning (from ./node_modules/sass-loader/dist/cjs.js):
Deprecation Warning on line 2, column 18 of file:///Users/jonathonbyrdziak/Sites/sulla/sulla-desktop/pkg/rancher-desktop/components/routines/ActSection.vue:2:18:
Sass @import rules are deprecated and will be removed in Dart Sass 3.0.0.

More info and automated migrator: https://sass-lang.com/d/import

2 |           @import "@pkg/assets/styles/base/_variables.scss";


pkg/rancher-desktop/components/routines/ActSection.vue 3:19  root stylesheet


 warning  in ./pkg/rancher-desktop/components/routines/ActSection.vue?vue&type=style&index=0&id=6de496bd&scoped=true&lang=scss

Module Warning (from ./node_modules/sass-loader/dist/cjs.js):
Deprecation Warning on line 3, column 18 of file:///Users/jonathonbyrdziak/Sites/sulla/sulla-desktop/pkg/rancher-desktop/components/routines/ActSection.vue:3:18:
Sass @import rules are deprecated and will be removed in Dart Sass 3.0.0.

More info and automated migrator: https://sass-lang.com/d/import

3 |           @import "@pkg/assets/styles/base/_functions.scss";


pkg/rancher-desktop/components/routines/ActSection.vue 4:19  root stylesheet


 warning  in ./pkg/rancher-desktop/components/routines/ActSection.vue?vue&type=style&index=0&id=6de496bd&scoped=true&lang=scss

Module Warning (from ./node_modules/sass-loader/dist/cjs.js):
Deprecation Warning on line 4, column 18 of file:///Users/jonathonbyrdziak/Sites/sulla/sulla-desktop/pkg/rancher-desktop/components/routines/ActSection.vue:4:18:
Sass @import rules are deprecated and will be removed in Dart Sass 3.0.0.

More info and automated migrator: https://sass-lang.com/d/import

4 |           @import "@pkg/assets/styles/base/_mixins.scss";


pkg/rancher-desktop/components/routines/ActSection.vue 5:19  root stylesheet


 warning  in ./pkg/rancher-desktop/components/routines/ActSection.vue?vue&type=style&index=0&id=6de496bd&scoped=true&lang=scss

Module Warning (from ./node_modules/sass-loader/dist/cjs.js):
Deprecation Warning on line 22, column 12 of file:///Users/jonathonbyrdziak/Sites/sulla/sulla-desktop/pkg/rancher-desktop/assets/styles/base/_functions.scss:22:12:
The Sass if() syntax is deprecated in favor of the modern CSS syntax.

Suggestion: if(sass(math.abs($color-brightness - $light-text-brightness) > math.abs($color-brightness - $dark-text-brightness)): $light; else: $dark)

More info: https://sass-lang.com/d/if-function

22 |     @return if(math.abs($color-brightness - $light-text-brightness) > math.abs($color-brightness - $dark-text-brightness), $light, $dark);


pkg/rancher-desktop/assets/styles/base/_functions.scss 23:13  @import
pkg/rancher-desktop/components/routines/ActSection.vue 4:19   root stylesheet


 warning  in ./pkg/rancher-desktop/components/routines/EmptyState.vue?vue&type=style&index=0&id=0da3b644&scoped=true&lang=scss

Module Warning (from ./node_modules/sass-loader/dist/cjs.js):
Deprecation Warning on line 2, column 18 of file:///Users/jonathonbyrdziak/Sites/sulla/sulla-desktop/pkg/rancher-desktop/components/routines/EmptyState.vue:2:18:
Sass @import rules are deprecated and will be removed in Dart Sass 3.0.0.

More info and automated migrator: https://sass-lang.com/d/import

2 |           @import "@pkg/assets/styles/base/_variables.scss";


pkg/rancher-desktop/components/routines/EmptyState.vue 3:19  root stylesheet


 warning  in ./pkg/rancher-desktop/components/routines/EmptyState.vue?vue&type=style&index=0&id=0da3b644&scoped=true&lang=scss

Module Warning (from ./node_modules/sass-loader/dist/cjs.js):
Deprecation Warning on line 3, column 18 of file:///Users/jonathonbyrdziak/Sites/sulla/sulla-desktop/pkg/rancher-desktop/components/routines/EmptyState.vue:3:18:
Sass @import rules are deprecated and will be removed in Dart Sass 3.0.0.

More info and automated migrator: https://sass-lang.com/d/import

3 |           @import "@pkg/assets/styles/base/_functions.scss";


pkg/rancher-desktop/components/routines/EmptyState.vue 4:19  root stylesheet


 warning  in ./pkg/rancher-desktop/components/routines/EmptyState.vue?vue&type=style&index=0&id=0da3b644&scoped=true&lang=scss

Module Warning (from ./node_modules/sass-loader/dist/cjs.js):
Deprecation Warning on line 4, column 18 of file:///Users/jonathonbyrdziak/Sites/sulla/sulla-desktop/pkg/rancher-desktop/components/routines/EmptyState.vue:4:18:
Sass @import rules are deprecated and will be removed in Dart Sass 3.0.0.

More info and automated migrator: https://sass-lang.com/d/import

4 |           @import "@pkg/assets/styles/base/_mixins.scss";


pkg/rancher-desktop/components/routines/EmptyState.vue 5:19  root stylesheet


 warning  in ./pkg/rancher-desktop/components/routines/EmptyState.vue?vue&type=style&index=0&id=0da3b644&scoped=true&lang=scss

Module Warning (from ./node_modules/sass-loader/dist/cjs.js):
Deprecation Warning on line 22, column 12 of file:///Users/jonathonbyrdziak/Sites/sulla/sulla-desktop/pkg/rancher-desktop/assets/styles/base/_functions.scss:22:12:
The Sass if() syntax is deprecated in favor of the modern CSS syntax.

Suggestion: if(sass(math.abs($color-brightness - $light-text-brightness) > math.abs($color-brightness - $dark-text-brightness)): $light; else: $dark)

More info: https://sass-lang.com/d/if-function

22 |     @return if(math.abs($color-brightness - $light-text-brightness) > math.abs($color-brightness - $dark-text-brightness), $light, $dark);


pkg/rancher-desktop/assets/styles/base/_functions.scss 23:13  @import
pkg/rancher-desktop/components/routines/EmptyState.vue 4:19   root stylesheet


 warning  in ./pkg/rancher-desktop/components/routines/LibraryDraftDetail.vue?vue&type=style&index=0&id=07effee0&scoped=true&lang=scss

Module Warning (from ./node_modules/sass-loader/dist/cjs.js):
Deprecation Warning on line 2, column 18 of file:///Users/jonathonbyrdziak/Sites/sulla/sulla-desktop/pkg/rancher-desktop/components/routines/LibraryDraftDetail.vue:2:18:
Sass @import rules are deprecated and will be removed in Dart Sass 3.0.0.

More info and automated migrator: https://sass-lang.com/d/import

2 |           @import "@pkg/assets/styles/base/_variables.scss";


pkg/rancher-desktop/components/routines/LibraryDraftDetail.vue 3:19  root stylesheet


 warning  in ./pkg/rancher-desktop/components/routines/LibraryDraftDetail.vue?vue&type=style&index=0&id=07effee0&scoped=true&lang=scss

Module Warning (from ./node_modules/sass-loader/dist/cjs.js):
Deprecation Warning on line 3, column 18 of file:///Users/jonathonbyrdziak/Sites/sulla/sulla-desktop/pkg/rancher-desktop/components/routines/LibraryDraftDetail.vue:3:18:
Sass @import rules are deprecated and will be removed in Dart Sass 3.0.0.

More info and automated migrator: https://sass-lang.com/d/import

3 |           @import "@pkg/assets/styles/base/_functions.scss";


pkg/rancher-desktop/components/routines/LibraryDraftDetail.vue 4:19  root stylesheet


 warning  in ./pkg/rancher-desktop/components/routines/LibraryDraftDetail.vue?vue&type=style&index=0&id=07effee0&scoped=true&lang=scss

Module Warning (from ./node_modules/sass-loader/dist/cjs.js):
Deprecation Warning on line 4, column 18 of file:///Users/jonathonbyrdziak/Sites/sulla/sulla-desktop/pkg/rancher-desktop/components/routines/LibraryDraftDetail.vue:4:18:
Sass @import rules are deprecated and will be removed in Dart Sass 3.0.0.

More info and automated migrator: https://sass-lang.com/d/import

4 |           @import "@pkg/assets/styles/base/_mixins.scss";


pkg/rancher-desktop/components/routines/LibraryDraftDetail.vue 5:19  root stylesheet


 warning  in ./pkg/rancher-desktop/components/routines/LibraryDraftDetail.vue?vue&type=style&index=0&id=07effee0&scoped=true&lang=scss

Module Warning (from ./node_modules/sass-loader/dist/cjs.js):
Deprecation Warning on line 22, column 12 of file:///Users/jonathonbyrdziak/Sites/sulla/sulla-desktop/pkg/rancher-desktop/assets/styles/base/_functions.scss:22:12:
The Sass if() syntax is deprecated in favor of the modern CSS syntax.

Suggestion: if(sass(math.abs($color-brightness - $light-text-brightness) > math.abs($color-brightness - $dark-text-brightness)): $light; else: $dark)

More info: https://sass-lang.com/d/if-function

22 |     @return if(math.abs($color-brightness - $light-text-brightness) > math.abs($color-brightness - $dark-text-brightness), $light, $dark);


pkg/rancher-desktop/assets/styles/base/_functions.scss 23:13         @import
pkg/rancher-desktop/components/routines/LibraryDraftDetail.vue 4:19  root stylesheet


 warning  in ./pkg/rancher-desktop/components/routines/LibraryItemStrip.vue?vue&type=style&index=0&id=d0c63e68&scoped=true&lang=scss

Module Warning (from ./node_modules/sass-loader/dist/cjs.js):
Deprecation Warning on line 2, column 18 of file:///Users/jonathonbyrdziak/Sites/sulla/sulla-desktop/pkg/rancher-desktop/components/routines/LibraryItemStrip.vue:2:18:
Sass @import rules are deprecated and will be removed in Dart Sass 3.0.0.

More info and automated migrator: https://sass-lang.com/d/import

2 |           @import "@pkg/assets/styles/base/_variables.scss";


pkg/rancher-desktop/components/routines/LibraryItemStrip.vue 3:19  root stylesheet


 warning  in ./pkg/rancher-desktop/components/routines/LibraryItemStrip.vue?vue&type=style&index=0&id=d0c63e68&scoped=true&lang=scss

Module Warning (from ./node_modules/sass-loader/dist/cjs.js):
Deprecation Warning on line 3, column 18 of file:///Users/jonathonbyrdziak/Sites/sulla/sulla-desktop/pkg/rancher-desktop/components/routines/LibraryItemStrip.vue:3:18:
Sass @import rules are deprecated and will be removed in Dart Sass 3.0.0.

More info and automated migrator: https://sass-lang.com/d/import

3 |           @import "@pkg/assets/styles/base/_functions.scss";


pkg/rancher-desktop/components/routines/LibraryItemStrip.vue 4:19  root stylesheet


 warning  in ./pkg/rancher-desktop/components/routines/LibraryItemStrip.vue?vue&type=style&index=0&id=d0c63e68&scoped=true&lang=scss

Module Warning (from ./node_modules/sass-loader/dist/cjs.js):
Deprecation Warning on line 4, column 6 of file:///Users/jonathonbyrdziak/Sites/sulla/sulla-desktop/pkg/rancher-desktop/assets/styles/base/_functions.scss:4:6:
Global built-in functions are deprecated and will be removed in Dart Sass 3.0.0.
Use meta.type-of instead.

More info and automated migrator: https://sass-lang.com/d/import

4 |   @if type-of($color) == color {


pkg/rancher-desktop/assets/styles/base/_functions.scss 5:7           brightness()
pkg/rancher-desktop/components/routines/LibraryItemStrip.vue 168:35  root stylesheet


 warning  in ./pkg/rancher-desktop/components/routines/LibraryItemStrip.vue?vue&type=style&index=0&id=d0c63e68&scoped=true&lang=scss

Module Warning (from ./node_modules/sass-loader/dist/cjs.js):
Deprecation Warning on line 4, column 18 of file:///Users/jonathonbyrdziak/Sites/sulla/sulla-desktop/pkg/rancher-desktop/components/routines/LibraryItemStrip.vue:4:18:
Sass @import rules are deprecated and will be removed in Dart Sass 3.0.0.

More info and automated migrator: https://sass-lang.com/d/import

4 |           @import "@pkg/assets/styles/base/_mixins.scss";


pkg/rancher-desktop/components/routines/LibraryItemStrip.vue 5:19  root stylesheet


 warning  in ./pkg/rancher-desktop/components/routines/LibraryItemStrip.vue?vue&type=style&index=0&id=d0c63e68&scoped=true&lang=scss

Module Warning (from ./node_modules/sass-loader/dist/cjs.js):
Deprecation Warning on line 8, column 12 of file:///Users/jonathonbyrdziak/Sites/sulla/sulla-desktop/pkg/rancher-desktop/assets/styles/base/_functions.scss:8:12:
Global built-in functions are deprecated and will be removed in Dart Sass 3.0.0.
Use string.unquote instead.

More info and automated migrator: https://sass-lang.com/d/import

8 |     @return unquote("brightness(#{$color})");


pkg/rancher-desktop/assets/styles/base/_functions.scss 9:13          brightness()
pkg/rancher-desktop/components/routines/LibraryItemStrip.vue 168:35  root stylesheet


 warning  in ./pkg/rancher-desktop/components/routines/LibraryItemStrip.vue?vue&type=style&index=0&id=d0c63e68&scoped=true&lang=scss

Module Warning (from ./node_modules/sass-loader/dist/cjs.js):
Deprecation Warning on line 22, column 12 of file:///Users/jonathonbyrdziak/Sites/sulla/sulla-desktop/pkg/rancher-desktop/assets/styles/base/_functions.scss:22:12:
The Sass if() syntax is deprecated in favor of the modern CSS syntax.

Suggestion: if(sass(math.abs($color-brightness - $light-text-brightness) > math.abs($color-brightness - $dark-text-brightness)): $light; else: $dark)

More info: https://sass-lang.com/d/if-function

22 |     @return if(math.abs($color-brightness - $light-text-brightness) > math.abs($color-brightness - $dark-text-brightness), $light, $dark);


pkg/rancher-desktop/assets/styles/base/_functions.scss 23:13       @import
pkg/rancher-desktop/components/routines/LibraryItemStrip.vue 4:19  root stylesheet


 warning  in ./pkg/rancher-desktop/components/routines/LibraryTab.vue?vue&type=style&index=0&id=a3827a76&scoped=true&lang=scss

Module Warning (from ./node_modules/sass-loader/dist/cjs.js):
Deprecation Warning on line 2, column 18 of file:///Users/jonathonbyrdziak/Sites/sulla/sulla-desktop/pkg/rancher-desktop/components/routines/LibraryTab.vue:2:18:
Sass @import rules are deprecated and will be removed in Dart Sass 3.0.0.

More info and automated migrator: https://sass-lang.com/d/import

2 |           @import "@pkg/assets/styles/base/_variables.scss";


pkg/rancher-desktop/components/routines/LibraryTab.vue 3:19  root stylesheet


 warning  in ./pkg/rancher-desktop/components/routines/LibraryTab.vue?vue&type=style&index=0&id=a3827a76&scoped=true&lang=scss

Module Warning (from ./node_modules/sass-loader/dist/cjs.js):
Deprecation Warning on line 3, column 18 of file:///Users/jonathonbyrdziak/Sites/sulla/sulla-desktop/pkg/rancher-desktop/components/routines/LibraryTab.vue:3:18:
Sass @import rules are deprecated and will be removed in Dart Sass 3.0.0.

More info and automated migrator: https://sass-lang.com/d/import

3 |           @import "@pkg/assets/styles/base/_functions.scss";


pkg/rancher-desktop/components/routines/LibraryTab.vue 4:19  root stylesheet


 warning  in ./pkg/rancher-desktop/components/routines/LibraryTab.vue?vue&type=style&index=0&id=a3827a76&scoped=true&lang=scss

Module Warning (from ./node_modules/sass-loader/dist/cjs.js):
Deprecation Warning on line 4, column 18 of file:///Users/jonathonbyrdziak/Sites/sulla/sulla-desktop/pkg/rancher-desktop/components/routines/LibraryTab.vue:4:18:
Sass @import rules are deprecated and will be removed in Dart Sass 3.0.0.

More info and automated migrator: https://sass-lang.com/d/import

4 |           @import "@pkg/assets/styles/base/_mixins.scss";


pkg/rancher-desktop/components/routines/LibraryTab.vue 5:19  root stylesheet


 warning  in ./pkg/rancher-desktop/components/routines/LibraryTab.vue?vue&type=style&index=0&id=a3827a76&scoped=true&lang=scss

Module Warning (from ./node_modules/sass-loader/dist/cjs.js):
Deprecation Warning on line 22, column 12 of file:///Users/jonathonbyrdziak/Sites/sulla/sulla-desktop/pkg/rancher-desktop/assets/styles/base/_functions.scss:22:12:
The Sass if() syntax is deprecated in favor of the modern CSS syntax.

Suggestion: if(sass(math.abs($color-brightness - $light-text-brightness) > math.abs($color-brightness - $dark-text-brightness)): $light; else: $dark)

More info: https://sass-lang.com/d/if-function

22 |     @return if(math.abs($color-brightness - $light-text-brightness) > math.abs($color-brightness - $dark-text-brightness), $light, $dark);


pkg/rancher-desktop/assets/styles/base/_functions.scss 23:13  @import
pkg/rancher-desktop/components/routines/LibraryTab.vue 4:19   root stylesheet


 warning  in ./pkg/rancher-desktop/components/routines/MarketplaceDetail.vue?vue&type=style&index=0&id=c9bb6dd8&scoped=true&lang=scss

Module Warning (from ./node_modules/sass-loader/dist/cjs.js):
Deprecation Warning on line 2, column 18 of file:///Users/jonathonbyrdziak/Sites/sulla/sulla-desktop/pkg/rancher-desktop/components/routines/MarketplaceDetail.vue:2:18:
Sass @import rules are deprecated and will be removed in Dart Sass 3.0.0.

More info and automated migrator: https://sass-lang.com/d/import

2 |           @import "@pkg/assets/styles/base/_variables.scss";


pkg/rancher-desktop/components/routines/MarketplaceDetail.vue 3:19  root stylesheet


 warning  in ./pkg/rancher-desktop/components/routines/MarketplaceDetail.vue?vue&type=style&index=0&id=c9bb6dd8&scoped=true&lang=scss

Module Warning (from ./node_modules/sass-loader/dist/cjs.js):
Deprecation Warning on line 3, column 18 of file:///Users/jonathonbyrdziak/Sites/sulla/sulla-desktop/pkg/rancher-desktop/components/routines/MarketplaceDetail.vue:3:18:
Sass @import rules are deprecated and will be removed in Dart Sass 3.0.0.

More info and automated migrator: https://sass-lang.com/d/import

3 |           @import "@pkg/assets/styles/base/_functions.scss";


pkg/rancher-desktop/components/routines/MarketplaceDetail.vue 4:19  root stylesheet


 warning  in ./pkg/rancher-desktop/components/routines/MarketplaceDetail.vue?vue&type=style&index=0&id=c9bb6dd8&scoped=true&lang=scss

Module Warning (from ./node_modules/sass-loader/dist/cjs.js):
Deprecation Warning on line 4, column 6 of file:///Users/jonathonbyrdziak/Sites/sulla/sulla-desktop/pkg/rancher-desktop/assets/styles/base/_functions.scss:4:6:
Global built-in functions are deprecated and will be removed in Dart Sass 3.0.0.
Use meta.type-of instead.

More info and automated migrator: https://sass-lang.com/d/import

4 |   @if type-of($color) == color {


pkg/rancher-desktop/assets/styles/base/_functions.scss 5:7           brightness()
pkg/rancher-desktop/components/routines/MarketplaceDetail.vue 96:45  root stylesheet


 warning  in ./pkg/rancher-desktop/components/routines/MarketplaceDetail.vue?vue&type=style&index=0&id=c9bb6dd8&scoped=true&lang=scss

Module Warning (from ./node_modules/sass-loader/dist/cjs.js):
Deprecation Warning on line 4, column 18 of file:///Users/jonathonbyrdziak/Sites/sulla/sulla-desktop/pkg/rancher-desktop/components/routines/MarketplaceDetail.vue:4:18:
Sass @import rules are deprecated and will be removed in Dart Sass 3.0.0.

More info and automated migrator: https://sass-lang.com/d/import

4 |           @import "@pkg/assets/styles/base/_mixins.scss";


pkg/rancher-desktop/components/routines/MarketplaceDetail.vue 5:19  root stylesheet


 warning  in ./pkg/rancher-desktop/components/routines/MarketplaceDetail.vue?vue&type=style&index=0&id=c9bb6dd8&scoped=true&lang=scss

Module Warning (from ./node_modules/sass-loader/dist/cjs.js):
Deprecation Warning on line 8, column 12 of file:///Users/jonathonbyrdziak/Sites/sulla/sulla-desktop/pkg/rancher-desktop/assets/styles/base/_functions.scss:8:12:
Global built-in functions are deprecated and will be removed in Dart Sass 3.0.0.
Use string.unquote instead.

More info and automated migrator: https://sass-lang.com/d/import

8 |     @return unquote("brightness(#{$color})");


pkg/rancher-desktop/assets/styles/base/_functions.scss 9:13          brightness()
pkg/rancher-desktop/components/routines/MarketplaceDetail.vue 96:45  root stylesheet


 warning  in ./pkg/rancher-desktop/components/routines/MarketplaceDetail.vue?vue&type=style&index=0&id=c9bb6dd8&scoped=true&lang=scss

Module Warning (from ./node_modules/sass-loader/dist/cjs.js):
Deprecation Warning on line 22, column 12 of file:///Users/jonathonbyrdziak/Sites/sulla/sulla-desktop/pkg/rancher-desktop/assets/styles/base/_functions.scss:22:12:
The Sass if() syntax is deprecated in favor of the modern CSS syntax.

Suggestion: if(sass(math.abs($color-brightness - $light-text-brightness) > math.abs($color-brightness - $dark-text-brightness)): $light; else: $dark)

More info: https://sass-lang.com/d/if-function

22 |     @return if(math.abs($color-brightness - $light-text-brightness) > math.abs($color-brightness - $dark-text-brightness), $light, $dark);


pkg/rancher-desktop/assets/styles/base/_functions.scss 23:13        @import
pkg/rancher-desktop/components/routines/MarketplaceDetail.vue 4:19  root stylesheet


 warning  in ./pkg/rancher-desktop/components/routines/MarketplaceStrip.vue?vue&type=style&index=0&id=88749dee&scoped=true&lang=scss

Module Warning (from ./node_modules/sass-loader/dist/cjs.js):
Deprecation Warning on line 2, column 18 of file:///Users/jonathonbyrdziak/Sites/sulla/sulla-desktop/pkg/rancher-desktop/components/routines/MarketplaceStrip.vue:2:18:
Sass @import rules are deprecated and will be removed in Dart Sass 3.0.0.

More info and automated migrator: https://sass-lang.com/d/import

2 |           @import "@pkg/assets/styles/base/_variables.scss";


pkg/rancher-desktop/components/routines/MarketplaceStrip.vue 3:19  root stylesheet


 warning  in ./pkg/rancher-desktop/components/routines/MarketplaceStrip.vue?vue&type=style&index=0&id=88749dee&scoped=true&lang=scss

Module Warning (from ./node_modules/sass-loader/dist/cjs.js):
Deprecation Warning on line 3, column 18 of file:///Users/jonathonbyrdziak/Sites/sulla/sulla-desktop/pkg/rancher-desktop/components/routines/MarketplaceStrip.vue:3:18:
Sass @import rules are deprecated and will be removed in Dart Sass 3.0.0.

More info and automated migrator: https://sass-lang.com/d/import

3 |           @import "@pkg/assets/styles/base/_functions.scss";


pkg/rancher-desktop/components/routines/MarketplaceStrip.vue 4:19  root stylesheet


 warning  in ./pkg/rancher-desktop/components/routines/MarketplaceStrip.vue?vue&type=style&index=0&id=88749dee&scoped=true&lang=scss

Module Warning (from ./node_modules/sass-loader/dist/cjs.js):
Deprecation Warning on line 4, column 6 of file:///Users/jonathonbyrdziak/Sites/sulla/sulla-desktop/pkg/rancher-desktop/assets/styles/base/_functions.scss:4:6:
Global built-in functions are deprecated and will be removed in Dart Sass 3.0.0.
Use meta.type-of instead.

More info and automated migrator: https://sass-lang.com/d/import

4 |   @if type-of($color) == color {


pkg/rancher-desktop/assets/styles/base/_functions.scss 5:7           brightness()
pkg/rancher-desktop/components/routines/MarketplaceStrip.vue 217:35  root stylesheet


 warning  in ./pkg/rancher-desktop/components/routines/MarketplaceStrip.vue?vue&type=style&index=0&id=88749dee&scoped=true&lang=scss

Module Warning (from ./node_modules/sass-loader/dist/cjs.js):
Deprecation Warning on line 4, column 18 of file:///Users/jonathonbyrdziak/Sites/sulla/sulla-desktop/pkg/rancher-desktop/components/routines/MarketplaceStrip.vue:4:18:
Sass @import rules are deprecated and will be removed in Dart Sass 3.0.0.

More info and automated migrator: https://sass-lang.com/d/import

4 |           @import "@pkg/assets/styles/base/_mixins.scss";


pkg/rancher-desktop/components/routines/MarketplaceStrip.vue 5:19  root stylesheet


 warning  in ./pkg/rancher-desktop/components/routines/MarketplaceStrip.vue?vue&type=style&index=0&id=88749dee&scoped=true&lang=scss

Module Warning (from ./node_modules/sass-loader/dist/cjs.js):
Deprecation Warning on line 8, column 12 of file:///Users/jonathonbyrdziak/Sites/sulla/sulla-desktop/pkg/rancher-desktop/assets/styles/base/_functions.scss:8:12:
Global built-in functions are deprecated and will be removed in Dart Sass 3.0.0.
Use string.unquote instead.

More info and automated migrator: https://sass-lang.com/d/import

8 |     @return unquote("brightness(#{$color})");


pkg/rancher-desktop/assets/styles/base/_functions.scss 9:13          brightness()
pkg/rancher-desktop/components/routines/MarketplaceStrip.vue 217:35  root stylesheet


 warning  in ./pkg/rancher-desktop/components/routines/MarketplaceStrip.vue?vue&type=style&index=0&id=88749dee&scoped=true&lang=scss

Module Warning (from ./node_modules/sass-loader/dist/cjs.js):
Deprecation Warning on line 22, column 12 of file:///Users/jonathonbyrdziak/Sites/sulla/sulla-desktop/pkg/rancher-desktop/assets/styles/base/_functions.scss:22:12:
The Sass if() syntax is deprecated in favor of the modern CSS syntax.

Suggestion: if(sass(math.abs($color-brightness - $light-text-brightness) > math.abs($color-brightness - $dark-text-brightness)): $light; else: $dark)

More info: https://sass-lang.com/d/if-function

22 |     @return if(math.abs($color-brightness - $light-text-brightness) > math.abs($color-brightness - $dark-text-brightness), $light, $dark);


pkg/rancher-desktop/assets/styles/base/_functions.scss 23:13       @import
pkg/rancher-desktop/components/routines/MarketplaceStrip.vue 4:19  root stylesheet


 warning  in ./pkg/rancher-desktop/components/routines/MarketplaceTab.vue?vue&type=style&index=0&id=874c7a50&scoped=true&lang=scss

Module Warning (from ./node_modules/sass-loader/dist/cjs.js):
Deprecation Warning on line 2, column 18 of file:///Users/jonathonbyrdziak/Sites/sulla/sulla-desktop/pkg/rancher-desktop/components/routines/MarketplaceTab.vue:2:18:
Sass @import rules are deprecated and will be removed in Dart Sass 3.0.0.

More info and automated migrator: https://sass-lang.com/d/import

2 |           @import "@pkg/assets/styles/base/_variables.scss";


pkg/rancher-desktop/components/routines/MarketplaceTab.vue 3:19  root stylesheet


 warning  in ./pkg/rancher-desktop/components/routines/MarketplaceTab.vue?vue&type=style&index=0&id=874c7a50&scoped=true&lang=scss

Module Warning (from ./node_modules/sass-loader/dist/cjs.js):
Deprecation Warning on line 3, column 18 of file:///Users/jonathonbyrdziak/Sites/sulla/sulla-desktop/pkg/rancher-desktop/components/routines/MarketplaceTab.vue:3:18:
Sass @import rules are deprecated and will be removed in Dart Sass 3.0.0.

More info and automated migrator: https://sass-lang.com/d/import

3 |           @import "@pkg/assets/styles/base/_functions.scss";


pkg/rancher-desktop/components/routines/MarketplaceTab.vue 4:19  root stylesheet


 warning  in ./pkg/rancher-desktop/components/routines/MarketplaceTab.vue?vue&type=style&index=0&id=874c7a50&scoped=true&lang=scss

Module Warning (from ./node_modules/sass-loader/dist/cjs.js):
Deprecation Warning on line 4, column 18 of file:///Users/jonathonbyrdziak/Sites/sulla/sulla-desktop/pkg/rancher-desktop/components/routines/MarketplaceTab.vue:4:18:
Sass @import rules are deprecated and will be removed in Dart Sass 3.0.0.

More info and automated migrator: https://sass-lang.com/d/import

4 |           @import "@pkg/assets/styles/base/_mixins.scss";


pkg/rancher-desktop/components/routines/MarketplaceTab.vue 5:19  root stylesheet


 warning  in ./pkg/rancher-desktop/components/routines/MarketplaceTab.vue?vue&type=style&index=0&id=874c7a50&scoped=true&lang=scss

Module Warning (from ./node_modules/sass-loader/dist/cjs.js):
Deprecation Warning on line 22, column 12 of file:///Users/jonathonbyrdziak/Sites/sulla/sulla-desktop/pkg/rancher-desktop/assets/styles/base/_functions.scss:22:12:
The Sass if() syntax is deprecated in favor of the modern CSS syntax.

Suggestion: if(sass(math.abs($color-brightness - $light-text-brightness) > math.abs($color-brightness - $dark-text-brightness)): $light; else: $dark)

More info: https://sass-lang.com/d/if-function

22 |     @return if(math.abs($color-brightness - $light-text-brightness) > math.abs($color-brightness - $dark-text-brightness), $light, $dark);


pkg/rancher-desktop/assets/styles/base/_functions.scss 23:13     @import
pkg/rancher-desktop/components/routines/MarketplaceTab.vue 4:19  root stylesheet


 warning  in ./pkg/rancher-desktop/components/routines/RoutineStrip.vue?vue&type=style&index=0&id=63974d42&scoped=true&lang=scss

Module Warning (from ./node_modules/sass-loader/dist/cjs.js):
Deprecation Warning on line 2, column 18 of file:///Users/jonathonbyrdziak/Sites/sulla/sulla-desktop/pkg/rancher-desktop/components/routines/RoutineStrip.vue:2:18:
Sass @import rules are deprecated and will be removed in Dart Sass 3.0.0.

More info and automated migrator: https://sass-lang.com/d/import

2 |           @import "@pkg/assets/styles/base/_variables.scss";


pkg/rancher-desktop/components/routines/RoutineStrip.vue 3:19  root stylesheet


 warning  in ./pkg/rancher-desktop/components/routines/RoutineStrip.vue?vue&type=style&index=0&id=63974d42&scoped=true&lang=scss

Module Warning (from ./node_modules/sass-loader/dist/cjs.js):
Deprecation Warning on line 3, column 18 of file:///Users/jonathonbyrdziak/Sites/sulla/sulla-desktop/pkg/rancher-desktop/components/routines/RoutineStrip.vue:3:18:
Sass @import rules are deprecated and will be removed in Dart Sass 3.0.0.

More info and automated migrator: https://sass-lang.com/d/import

3 |           @import "@pkg/assets/styles/base/_functions.scss";


pkg/rancher-desktop/components/routines/RoutineStrip.vue 4:19  root stylesheet


 warning  in ./pkg/rancher-desktop/components/routines/RoutineStrip.vue?vue&type=style&index=0&id=63974d42&scoped=true&lang=scss

Module Warning (from ./node_modules/sass-loader/dist/cjs.js):
Deprecation Warning on line 4, column 18 of file:///Users/jonathonbyrdziak/Sites/sulla/sulla-desktop/pkg/rancher-desktop/components/routines/RoutineStrip.vue:4:18:
Sass @import rules are deprecated and will be removed in Dart Sass 3.0.0.

More info and automated migrator: https://sass-lang.com/d/import

4 |           @import "@pkg/assets/styles/base/_mixins.scss";


pkg/rancher-desktop/components/routines/RoutineStrip.vue 5:19  root stylesheet


 warning  in ./pkg/rancher-desktop/components/routines/RoutineStrip.vue?vue&type=style&index=0&id=63974d42&scoped=true&lang=scss

Module Warning (from ./node_modules/sass-loader/dist/cjs.js):
Deprecation Warning on line 22, column 12 of file:///Users/jonathonbyrdziak/Sites/sulla/sulla-desktop/pkg/rancher-desktop/assets/styles/base/_functions.scss:22:12:
The Sass if() syntax is deprecated in favor of the modern CSS syntax.

Suggestion: if(sass(math.abs($color-brightness - $light-text-brightness) > math.abs($color-brightness - $dark-text-brightness)): $light; else: $dark)

More info: https://sass-lang.com/d/if-function

22 |     @return if(math.abs($color-brightness - $light-text-brightness) > math.abs($color-brightness - $dark-text-brightness), $light, $dark);


pkg/rancher-desktop/assets/styles/base/_functions.scss 23:13   @import
pkg/rancher-desktop/components/routines/RoutineStrip.vue 4:19  root stylesheet


 warning  in ./pkg/rancher-desktop/components/routines/TemplateStrip.vue?vue&type=style&index=0&id=508e9a6d&scoped=true&lang=scss

Module Warning (from ./node_modules/sass-loader/dist/cjs.js):
Deprecation Warning on line 2, column 18 of file:///Users/jonathonbyrdziak/Sites/sulla/sulla-desktop/pkg/rancher-desktop/components/routines/TemplateStrip.vue:2:18:
Sass @import rules are deprecated and will be removed in Dart Sass 3.0.0.

More info and automated migrator: https://sass-lang.com/d/import

2 |           @import "@pkg/assets/styles/base/_variables.scss";


pkg/rancher-desktop/components/routines/TemplateStrip.vue 3:19  root stylesheet


 warning  in ./pkg/rancher-desktop/components/routines/TemplateStrip.vue?vue&type=style&index=0&id=508e9a6d&scoped=true&lang=scss

Module Warning (from ./node_modules/sass-loader/dist/cjs.js):
Deprecation Warning on line 3, column 18 of file:///Users/jonathonbyrdziak/Sites/sulla/sulla-desktop/pkg/rancher-desktop/components/routines/TemplateStrip.vue:3:18:
Sass @import rules are deprecated and will be removed in Dart Sass 3.0.0.

More info and automated migrator: https://sass-lang.com/d/import

3 |           @import "@pkg/assets/styles/base/_functions.scss";


pkg/rancher-desktop/components/routines/TemplateStrip.vue 4:19  root stylesheet


 warning  in ./pkg/rancher-desktop/components/routines/TemplateStrip.vue?vue&type=style&index=0&id=508e9a6d&scoped=true&lang=scss

Module Warning (from ./node_modules/sass-loader/dist/cjs.js):
Deprecation Warning on line 4, column 18 of file:///Users/jonathonbyrdziak/Sites/sulla/sulla-desktop/pkg/rancher-desktop/components/routines/TemplateStrip.vue:4:18:
Sass @import rules are deprecated and will be removed in Dart Sass 3.0.0.

More info and automated migrator: https://sass-lang.com/d/import

4 |           @import "@pkg/assets/styles/base/_mixins.scss";


pkg/rancher-desktop/components/routines/TemplateStrip.vue 5:19  root stylesheet


 warning  in ./pkg/rancher-desktop/components/routines/TemplateStrip.vue?vue&type=style&index=0&id=508e9a6d&scoped=true&lang=scss

Module Warning (from ./node_modules/sass-loader/dist/cjs.js):
Deprecation Warning on line 22, column 12 of file:///Users/jonathonbyrdziak/Sites/sulla/sulla-desktop/pkg/rancher-desktop/assets/styles/base/_functions.scss:22:12:
The Sass if() syntax is deprecated in favor of the modern CSS syntax.

Suggestion: if(sass(math.abs($color-brightness - $light-text-brightness) > math.abs($color-brightness - $dark-text-brightness)): $light; else: $dark)

More info: https://sass-lang.com/d/if-function

22 |     @return if(math.abs($color-brightness - $light-text-brightness) > math.abs($color-brightness - $dark-text-brightness), $light, $dark);


pkg/rancher-desktop/assets/styles/base/_functions.scss 23:13    @import
pkg/rancher-desktop/components/routines/TemplateStrip.vue 4:19  root stylesheet


 warning  in ./pkg/rancher-desktop/components/routines/forms/FunctionManifestForm.vue?vue&type=style&index=0&id=cc15e1ac&scoped=true&lang=scss

Module Warning (from ./node_modules/sass-loader/dist/cjs.js):
Deprecation Warning on line 2, column 18 of file:///Users/jonathonbyrdziak/Sites/sulla/sulla-desktop/pkg/rancher-desktop/components/routines/forms/FunctionManifestForm.vue:2:18:
Sass @import rules are deprecated and will be removed in Dart Sass 3.0.0.

More info and automated migrator: https://sass-lang.com/d/import

2 |           @import "@pkg/assets/styles/base/_variables.scss";


pkg/rancher-desktop/components/routines/forms/FunctionManifestForm.vue 3:19  root stylesheet


 warning  in ./pkg/rancher-desktop/components/routines/forms/FunctionManifestForm.vue?vue&type=style&index=0&id=cc15e1ac&scoped=true&lang=scss

Module Warning (from ./node_modules/sass-loader/dist/cjs.js):
Deprecation Warning on line 3, column 18 of file:///Users/jonathonbyrdziak/Sites/sulla/sulla-desktop/pkg/rancher-desktop/components/routines/forms/FunctionManifestForm.vue:3:18:
Sass @import rules are deprecated and will be removed in Dart Sass 3.0.0.

More info and automated migrator: https://sass-lang.com/d/import

3 |           @import "@pkg/assets/styles/base/_functions.scss";


pkg/rancher-desktop/components/routines/forms/FunctionManifestForm.vue 4:19  root stylesheet


 warning  in ./pkg/rancher-desktop/components/routines/forms/FunctionManifestForm.vue?vue&type=style&index=0&id=cc15e1ac&scoped=true&lang=scss

Module Warning (from ./node_modules/sass-loader/dist/cjs.js):
Deprecation Warning on line 4, column 18 of file:///Users/jonathonbyrdziak/Sites/sulla/sulla-desktop/pkg/rancher-desktop/components/routines/forms/FunctionManifestForm.vue:4:18:
Sass @import rules are deprecated and will be removed in Dart Sass 3.0.0.

More info and automated migrator: https://sass-lang.com/d/import

4 |           @import "@pkg/assets/styles/base/_mixins.scss";


pkg/rancher-desktop/components/routines/forms/FunctionManifestForm.vue 5:19  root stylesheet


 warning  in ./pkg/rancher-desktop/components/routines/forms/FunctionManifestForm.vue?vue&type=style&index=0&id=cc15e1ac&scoped=true&lang=scss

Module Warning (from ./node_modules/sass-loader/dist/cjs.js):
Deprecation Warning on line 22, column 12 of file:///Users/jonathonbyrdziak/Sites/sulla/sulla-desktop/pkg/rancher-desktop/assets/styles/base/_functions.scss:22:12:
The Sass if() syntax is deprecated in favor of the modern CSS syntax.

Suggestion: if(sass(math.abs($color-brightness - $light-text-brightness) > math.abs($color-brightness - $dark-text-brightness)): $light; else: $dark)

More info: https://sass-lang.com/d/if-function

22 |     @return if(math.abs($color-brightness - $light-text-brightness) > math.abs($color-brightness - $dark-text-brightness), $light, $dark);


pkg/rancher-desktop/assets/styles/base/_functions.scss 23:13                 @import
pkg/rancher-desktop/components/routines/forms/FunctionManifestForm.vue 4:19  root stylesheet


 warning  in ./pkg/rancher-desktop/components/routines/forms/IntegrationManifestForm.vue?vue&type=style&index=0&id=29968c59&scoped=true&lang=scss

Module Warning (from ./node_modules/sass-loader/dist/cjs.js):
Deprecation Warning on line 2, column 18 of file:///Users/jonathonbyrdziak/Sites/sulla/sulla-desktop/pkg/rancher-desktop/components/routines/forms/IntegrationManifestForm.vue:2:18:
Sass @import rules are deprecated and will be removed in Dart Sass 3.0.0.

More info and automated migrator: https://sass-lang.com/d/import

2 |           @import "@pkg/assets/styles/base/_variables.scss";


pkg/rancher-desktop/components/routines/forms/IntegrationManifestForm.vue 3:19  root stylesheet


 warning  in ./pkg/rancher-desktop/components/routines/forms/IntegrationManifestForm.vue?vue&type=style&index=0&id=29968c59&scoped=true&lang=scss

Module Warning (from ./node_modules/sass-loader/dist/cjs.js):
Deprecation Warning on line 3, column 18 of file:///Users/jonathonbyrdziak/Sites/sulla/sulla-desktop/pkg/rancher-desktop/components/routines/forms/IntegrationManifestForm.vue:3:18:
Sass @import rules are deprecated and will be removed in Dart Sass 3.0.0.

More info and automated migrator: https://sass-lang.com/d/import

3 |           @import "@pkg/assets/styles/base/_functions.scss";


pkg/rancher-desktop/components/routines/forms/IntegrationManifestForm.vue 4:19  root stylesheet


 warning  in ./pkg/rancher-desktop/components/routines/forms/IntegrationManifestForm.vue?vue&type=style&index=0&id=29968c59&scoped=true&lang=scss

Module Warning (from ./node_modules/sass-loader/dist/cjs.js):
Deprecation Warning on line 4, column 18 of file:///Users/jonathonbyrdziak/Sites/sulla/sulla-desktop/pkg/rancher-desktop/components/routines/forms/IntegrationManifestForm.vue:4:18:
Sass @import rules are deprecated and will be removed in Dart Sass 3.0.0.

More info and automated migrator: https://sass-lang.com/d/import

4 |           @import "@pkg/assets/styles/base/_mixins.scss";


pkg/rancher-desktop/components/routines/forms/IntegrationManifestForm.vue 5:19  root stylesheet


 warning  in ./pkg/rancher-desktop/components/routines/forms/IntegrationManifestForm.vue?vue&type=style&index=0&id=29968c59&scoped=true&lang=scss

Module Warning (from ./node_modules/sass-loader/dist/cjs.js):
Deprecation Warning on line 22, column 12 of file:///Users/jonathonbyrdziak/Sites/sulla/sulla-desktop/pkg/rancher-desktop/assets/styles/base/_functions.scss:22:12:
The Sass if() syntax is deprecated in favor of the modern CSS syntax.

Suggestion: if(sass(math.abs($color-brightness - $light-text-brightness) > math.abs($color-brightness - $dark-text-brightness)): $light; else: $dark)

More info: https://sass-lang.com/d/if-function

22 |     @return if(math.abs($color-brightness - $light-text-brightness) > math.abs($color-brightness - $dark-text-brightness), $light, $dark);


pkg/rancher-desktop/assets/styles/base/_functions.scss 23:13                    @import
pkg/rancher-desktop/components/routines/forms/IntegrationManifestForm.vue 4:19  root stylesheet


 warning  in ./pkg/rancher-desktop/components/routines/forms/MetadataFields.vue?vue&type=style&index=0&id=c4a5295a&scoped=true&lang=scss

Module Warning (from ./node_modules/sass-loader/dist/cjs.js):
Deprecation Warning on line 2, column 18 of file:///Users/jonathonbyrdziak/Sites/sulla/sulla-desktop/pkg/rancher-desktop/components/routines/forms/MetadataFields.vue:2:18:
Sass @import rules are deprecated and will be removed in Dart Sass 3.0.0.

More info and automated migrator: https://sass-lang.com/d/import

2 |           @import "@pkg/assets/styles/base/_variables.scss";


pkg/rancher-desktop/components/routines/forms/MetadataFields.vue 3:19  root stylesheet


 warning  in ./pkg/rancher-desktop/components/routines/forms/MetadataFields.vue?vue&type=style&index=0&id=c4a5295a&scoped=true&lang=scss

Module Warning (from ./node_modules/sass-loader/dist/cjs.js):
Deprecation Warning on line 3, column 18 of file:///Users/jonathonbyrdziak/Sites/sulla/sulla-desktop/pkg/rancher-desktop/components/routines/forms/MetadataFields.vue:3:18:
Sass @import rules are deprecated and will be removed in Dart Sass 3.0.0.

More info and automated migrator: https://sass-lang.com/d/import

3 |           @import "@pkg/assets/styles/base/_functions.scss";


pkg/rancher-desktop/components/routines/forms/MetadataFields.vue 4:19  root stylesheet


 warning  in ./pkg/rancher-desktop/components/routines/forms/MetadataFields.vue?vue&type=style&index=0&id=c4a5295a&scoped=true&lang=scss

Module Warning (from ./node_modules/sass-loader/dist/cjs.js):
Deprecation Warning on line 4, column 18 of file:///Users/jonathonbyrdziak/Sites/sulla/sulla-desktop/pkg/rancher-desktop/components/routines/forms/MetadataFields.vue:4:18:
Sass @import rules are deprecated and will be removed in Dart Sass 3.0.0.

More info and automated migrator: https://sass-lang.com/d/import

4 |           @import "@pkg/assets/styles/base/_mixins.scss";


pkg/rancher-desktop/components/routines/forms/MetadataFields.vue 5:19  root stylesheet


 warning  in ./pkg/rancher-desktop/components/routines/forms/MetadataFields.vue?vue&type=style&index=0&id=c4a5295a&scoped=true&lang=scss

Module Warning (from ./node_modules/sass-loader/dist/cjs.js):
Deprecation Warning on line 22, column 12 of file:///Users/jonathonbyrdziak/Sites/sulla/sulla-desktop/pkg/rancher-desktop/assets/styles/base/_functions.scss:22:12:
The Sass if() syntax is deprecated in favor of the modern CSS syntax.

Suggestion: if(sass(math.abs($color-brightness - $light-text-brightness) > math.abs($color-brightness - $dark-text-brightness)): $light; else: $dark)

More info: https://sass-lang.com/d/if-function

22 |     @return if(math.abs($color-brightness - $light-text-brightness) > math.abs($color-brightness - $dark-text-brightness), $light, $dark);


pkg/rancher-desktop/assets/styles/base/_functions.scss 23:13           @import
pkg/rancher-desktop/components/routines/forms/MetadataFields.vue 4:19  root stylesheet


 warning  in ./pkg/rancher-desktop/components/routines/forms/RecipeManifestForm.vue?vue&type=style&index=0&id=f2138516&scoped=true&lang=scss

Module Warning (from ./node_modules/sass-loader/dist/cjs.js):
Deprecation Warning on line 2, column 18 of file:///Users/jonathonbyrdziak/Sites/sulla/sulla-desktop/pkg/rancher-desktop/components/routines/forms/RecipeManifestForm.vue:2:18:
Sass @import rules are deprecated and will be removed in Dart Sass 3.0.0.

More info and automated migrator: https://sass-lang.com/d/import

2 |           @import "@pkg/assets/styles/base/_variables.scss";


pkg/rancher-desktop/components/routines/forms/RecipeManifestForm.vue 3:19  root stylesheet


 warning  in ./pkg/rancher-desktop/components/routines/forms/RecipeManifestForm.vue?vue&type=style&index=0&id=f2138516&scoped=true&lang=scss

Module Warning (from ./node_modules/sass-loader/dist/cjs.js):
Deprecation Warning on line 3, column 18 of file:///Users/jonathonbyrdziak/Sites/sulla/sulla-desktop/pkg/rancher-desktop/components/routines/forms/RecipeManifestForm.vue:3:18:
Sass @import rules are deprecated and will be removed in Dart Sass 3.0.0.

More info and automated migrator: https://sass-lang.com/d/import

3 |           @import "@pkg/assets/styles/base/_functions.scss";


pkg/rancher-desktop/components/routines/forms/RecipeManifestForm.vue 4:19  root stylesheet


 warning  in ./pkg/rancher-desktop/components/routines/forms/RecipeManifestForm.vue?vue&type=style&index=0&id=f2138516&scoped=true&lang=scss

Module Warning (from ./node_modules/sass-loader/dist/cjs.js):
Deprecation Warning on line 4, column 18 of file:///Users/jonathonbyrdziak/Sites/sulla/sulla-desktop/pkg/rancher-desktop/components/routines/forms/RecipeManifestForm.vue:4:18:
Sass @import rules are deprecated and will be removed in Dart Sass 3.0.0.

More info and automated migrator: https://sass-lang.com/d/import

4 |           @import "@pkg/assets/styles/base/_mixins.scss";


pkg/rancher-desktop/components/routines/forms/RecipeManifestForm.vue 5:19  root stylesheet


 warning  in ./pkg/rancher-desktop/components/routines/forms/RecipeManifestForm.vue?vue&type=style&index=0&id=f2138516&scoped=true&lang=scss

Module Warning (from ./node_modules/sass-loader/dist/cjs.js):
Deprecation Warning on line 22, column 12 of file:///Users/jonathonbyrdziak/Sites/sulla/sulla-desktop/pkg/rancher-desktop/assets/styles/base/_functions.scss:22:12:
The Sass if() syntax is deprecated in favor of the modern CSS syntax.

Suggestion: if(sass(math.abs($color-brightness - $light-text-brightness) > math.abs($color-brightness - $dark-text-brightness)): $light; else: $dark)

More info: https://sass-lang.com/d/if-function

22 |     @return if(math.abs($color-brightness - $light-text-brightness) > math.abs($color-brightness - $dark-text-brightness), $light, $dark);


pkg/rancher-desktop/assets/styles/base/_functions.scss 23:13               @import
pkg/rancher-desktop/components/routines/forms/RecipeManifestForm.vue 4:19  root stylesheet


 warning  in ./pkg/rancher-desktop/components/routines/forms/SkillManifestForm.vue?vue&type=style&index=0&id=5d944738&scoped=true&lang=scss

Module Warning (from ./node_modules/sass-loader/dist/cjs.js):
Deprecation Warning on line 2, column 18 of file:///Users/jonathonbyrdziak/Sites/sulla/sulla-desktop/pkg/rancher-desktop/components/routines/forms/SkillManifestForm.vue:2:18:
Sass @import rules are deprecated and will be removed in Dart Sass 3.0.0.

More info and automated migrator: https://sass-lang.com/d/import

2 |           @import "@pkg/assets/styles/base/_variables.scss";


pkg/rancher-desktop/components/routines/forms/SkillManifestForm.vue 3:19  root stylesheet


 warning  in ./pkg/rancher-desktop/components/routines/forms/SkillManifestForm.vue?vue&type=style&index=0&id=5d944738&scoped=true&lang=scss

Module Warning (from ./node_modules/sass-loader/dist/cjs.js):
Deprecation Warning on line 3, column 18 of file:///Users/jonathonbyrdziak/Sites/sulla/sulla-desktop/pkg/rancher-desktop/components/routines/forms/SkillManifestForm.vue:3:18:
Sass @import rules are deprecated and will be removed in Dart Sass 3.0.0.

More info and automated migrator: https://sass-lang.com/d/import

3 |           @import "@pkg/assets/styles/base/_functions.scss";


pkg/rancher-desktop/components/routines/forms/SkillManifestForm.vue 4:19  root stylesheet


 warning  in ./pkg/rancher-desktop/components/routines/forms/SkillManifestForm.vue?vue&type=style&index=0&id=5d944738&scoped=true&lang=scss

Module Warning (from ./node_modules/sass-loader/dist/cjs.js):
Deprecation Warning on line 4, column 18 of file:///Users/jonathonbyrdziak/Sites/sulla/sulla-desktop/pkg/rancher-desktop/components/routines/forms/SkillManifestForm.vue:4:18:
Sass @import rules are deprecated and will be removed in Dart Sass 3.0.0.

More info and automated migrator: https://sass-lang.com/d/import

4 |           @import "@pkg/assets/styles/base/_mixins.scss";


pkg/rancher-desktop/components/routines/forms/SkillManifestForm.vue 5:19  root stylesheet


 warning  in ./pkg/rancher-desktop/components/routines/forms/SkillManifestForm.vue?vue&type=style&index=0&id=5d944738&scoped=true&lang=scss

Module Warning (from ./node_modules/sass-loader/dist/cjs.js):
Deprecation Warning on line 22, column 12 of file:///Users/jonathonbyrdziak/Sites/sulla/sulla-desktop/pkg/rancher-desktop/assets/styles/base/_functions.scss:22:12:
The Sass if() syntax is deprecated in favor of the modern CSS syntax.

Suggestion: if(sass(math.abs($color-brightness - $light-text-brightness) > math.abs($color-brightness - $dark-text-brightness)): $light; else: $dark)

More info: https://sass-lang.com/d/if-function

22 |     @return if(math.abs($color-brightness - $light-text-brightness) > math.abs($color-brightness - $dark-text-brightness), $light, $dark);


pkg/rancher-desktop/assets/styles/base/_functions.scss 23:13              @import
pkg/rancher-desktop/components/routines/forms/SkillManifestForm.vue 4:19  root stylesheet


 warning  in ./pkg/rancher-desktop/layouts/default.vue?vue&type=style&index=1&id=8afc1c44&lang=scss&scoped=true

Module Warning (from ./node_modules/sass-loader/dist/cjs.js):
Deprecation Warning on line 2, column 18 of file:///Users/jonathonbyrdziak/Sites/sulla/sulla-desktop/pkg/rancher-desktop/layouts/default.vue:2:18:
Sass @import rules are deprecated and will be removed in Dart Sass 3.0.0.

More info and automated migrator: https://sass-lang.com/d/import

2 |           @import "@pkg/assets/styles/base/_variables.scss";


pkg/rancher-desktop/layouts/default.vue 3:19  root stylesheet


 warning  in ./pkg/rancher-desktop/layouts/default.vue?vue&type=style&index=1&id=8afc1c44&lang=scss&scoped=true

Module Warning (from ./node_modules/sass-loader/dist/cjs.js):
Deprecation Warning on line 3, column 18 of file:///Users/jonathonbyrdziak/Sites/sulla/sulla-desktop/pkg/rancher-desktop/layouts/default.vue:3:18:
Sass @import rules are deprecated and will be removed in Dart Sass 3.0.0.

More info and automated migrator: https://sass-lang.com/d/import

3 |           @import "@pkg/assets/styles/base/_functions.scss";


pkg/rancher-desktop/layouts/default.vue 4:19  root stylesheet


 warning  in ./pkg/rancher-desktop/layouts/default.vue?vue&type=style&index=1&id=8afc1c44&lang=scss&scoped=true

Module Warning (from ./node_modules/sass-loader/dist/cjs.js):
Deprecation Warning on line 4, column 18 of file:///Users/jonathonbyrdziak/Sites/sulla/sulla-desktop/pkg/rancher-desktop/layouts/default.vue:4:18:
Sass @import rules are deprecated and will be removed in Dart Sass 3.0.0.

More info and automated migrator: https://sass-lang.com/d/import

4 |           @import "@pkg/assets/styles/base/_mixins.scss";


pkg/rancher-desktop/layouts/default.vue 5:19  root stylesheet


 warning  in ./pkg/rancher-desktop/layouts/default.vue?vue&type=style&index=1&id=8afc1c44&lang=scss&scoped=true

Module Warning (from ./node_modules/sass-loader/dist/cjs.js):
Deprecation Warning on line 22, column 12 of file:///Users/jonathonbyrdziak/Sites/sulla/sulla-desktop/pkg/rancher-desktop/assets/styles/base/_functions.scss:22:12:
The Sass if() syntax is deprecated in favor of the modern CSS syntax.

Suggestion: if(sass(math.abs($color-brightness - $light-text-brightness) > math.abs($color-brightness - $dark-text-brightness)): $light; else: $dark)

More info: https://sass-lang.com/d/if-function

22 |     @return if(math.abs($color-brightness - $light-text-brightness) > math.abs($color-brightness - $dark-text-brightness), $light, $dark);


pkg/rancher-desktop/assets/styles/base/_functions.scss 23:13  @import
pkg/rancher-desktop/layouts/default.vue 4:19                  root stylesheet


 warning  in ./pkg/rancher-desktop/layouts/dialog.vue?vue&type=style&index=0&id=78369fad&lang=scss

Module Warning (from ./node_modules/sass-loader/dist/cjs.js):
Deprecation Warning on line 2, column 18 of file:///Users/jonathonbyrdziak/Sites/sulla/sulla-desktop/pkg/rancher-desktop/layouts/dialog.vue:2:18:
Sass @import rules are deprecated and will be removed in Dart Sass 3.0.0.

More info and automated migrator: https://sass-lang.com/d/import

2 |           @import "@pkg/assets/styles/base/_variables.scss";


pkg/rancher-desktop/layouts/dialog.vue 3:19  root stylesheet


 warning  in ./pkg/rancher-desktop/layouts/dialog.vue?vue&type=style&index=0&id=78369fad&lang=scss

Module Warning (from ./node_modules/sass-loader/dist/cjs.js):
Deprecation Warning on line 3, column 18 of file:///Users/jonathonbyrdziak/Sites/sulla/sulla-desktop/pkg/rancher-desktop/layouts/dialog.vue:3:18:
Sass @import rules are deprecated and will be removed in Dart Sass 3.0.0.

More info and automated migrator: https://sass-lang.com/d/import

3 |           @import "@pkg/assets/styles/base/_functions.scss";


pkg/rancher-desktop/layouts/dialog.vue 4:19  root stylesheet


 warning  in ./pkg/rancher-desktop/layouts/dialog.vue?vue&type=style&index=0&id=78369fad&lang=scss

Module Warning (from ./node_modules/sass-loader/dist/cjs.js):
Deprecation Warning on line 4, column 18 of file:///Users/jonathonbyrdziak/Sites/sulla/sulla-desktop/pkg/rancher-desktop/layouts/dialog.vue:4:18:
Sass @import rules are deprecated and will be removed in Dart Sass 3.0.0.

More info and automated migrator: https://sass-lang.com/d/import

4 |           @import "@pkg/assets/styles/base/_mixins.scss";


pkg/rancher-desktop/layouts/dialog.vue 5:19  root stylesheet


 warning  in ./pkg/rancher-desktop/layouts/dialog.vue?vue&type=style&index=0&id=78369fad&lang=scss

Module Warning (from ./node_modules/sass-loader/dist/cjs.js):
Deprecation Warning on line 22, column 12 of file:///Users/jonathonbyrdziak/Sites/sulla/sulla-desktop/pkg/rancher-desktop/assets/styles/base/_functions.scss:22:12:
The Sass if() syntax is deprecated in favor of the modern CSS syntax.

Suggestion: if(sass(math.abs($color-brightness - $light-text-brightness) > math.abs($color-brightness - $dark-text-brightness)): $light; else: $dark)

More info: https://sass-lang.com/d/if-function

22 |     @return if(math.abs($color-brightness - $light-text-brightness) > math.abs($color-brightness - $dark-text-brightness), $light, $dark);


pkg/rancher-desktop/assets/styles/base/_functions.scss 23:13  @import
pkg/rancher-desktop/layouts/dialog.vue 4:19                   root stylesheet


 warning  in ./pkg/rancher-desktop/layouts/preferences.vue?vue&type=style&index=1&id=0ae0acb4&lang=scss&scoped=true

Module Warning (from ./node_modules/sass-loader/dist/cjs.js):
Deprecation Warning on line 2, column 18 of file:///Users/jonathonbyrdziak/Sites/sulla/sulla-desktop/pkg/rancher-desktop/layouts/preferences.vue:2:18:
Sass @import rules are deprecated and will be removed in Dart Sass 3.0.0.

More info and automated migrator: https://sass-lang.com/d/import

2 |           @import "@pkg/assets/styles/base/_variables.scss";


pkg/rancher-desktop/layouts/preferences.vue 3:19  root stylesheet


 warning  in ./pkg/rancher-desktop/layouts/preferences.vue?vue&type=style&index=1&id=0ae0acb4&lang=scss&scoped=true

Module Warning (from ./node_modules/sass-loader/dist/cjs.js):
Deprecation Warning on line 3, column 18 of file:///Users/jonathonbyrdziak/Sites/sulla/sulla-desktop/pkg/rancher-desktop/layouts/preferences.vue:3:18:
Sass @import rules are deprecated and will be removed in Dart Sass 3.0.0.

More info and automated migrator: https://sass-lang.com/d/import

3 |           @import "@pkg/assets/styles/base/_functions.scss";


pkg/rancher-desktop/layouts/preferences.vue 4:19  root stylesheet


 warning  in ./pkg/rancher-desktop/layouts/preferences.vue?vue&type=style&index=1&id=0ae0acb4&lang=scss&scoped=true

Module Warning (from ./node_modules/sass-loader/dist/cjs.js):
Deprecation Warning on line 4, column 18 of file:///Users/jonathonbyrdziak/Sites/sulla/sulla-desktop/pkg/rancher-desktop/layouts/preferences.vue:4:18:
Sass @import rules are deprecated and will be removed in Dart Sass 3.0.0.

More info and automated migrator: https://sass-lang.com/d/import

4 |           @import "@pkg/assets/styles/base/_mixins.scss";


pkg/rancher-desktop/layouts/preferences.vue 5:19  root stylesheet


 warning  in ./pkg/rancher-desktop/layouts/preferences.vue?vue&type=style&index=1&id=0ae0acb4&lang=scss&scoped=true

Module Warning (from ./node_modules/sass-loader/dist/cjs.js):
Deprecation Warning on line 22, column 12 of file:///Users/jonathonbyrdziak/Sites/sulla/sulla-desktop/pkg/rancher-desktop/assets/styles/base/_functions.scss:22:12:
The Sass if() syntax is deprecated in favor of the modern CSS syntax.

Suggestion: if(sass(math.abs($color-brightness - $light-text-brightness) > math.abs($color-brightness - $dark-text-brightness)): $light; else: $dark)

More info: https://sass-lang.com/d/if-function

22 |     @return if(math.abs($color-brightness - $light-text-brightness) > math.abs($color-brightness - $dark-text-brightness), $light, $dark);


pkg/rancher-desktop/assets/styles/base/_functions.scss 23:13  @import
pkg/rancher-desktop/layouts/preferences.vue 4:19              root stylesheet


 warning  in ./pkg/rancher-desktop/pages/AudioSettings.vue?vue&type=style&index=0&id=19c4a88a&lang=scss&scoped=true

Module Warning (from ./node_modules/sass-loader/dist/cjs.js):
Deprecation Warning on line 2, column 18 of file:///Users/jonathonbyrdziak/Sites/sulla/sulla-desktop/pkg/rancher-desktop/pages/AudioSettings.vue:2:18:
Sass @import rules are deprecated and will be removed in Dart Sass 3.0.0.

More info and automated migrator: https://sass-lang.com/d/import

2 |           @import "@pkg/assets/styles/base/_variables.scss";


pkg/rancher-desktop/pages/AudioSettings.vue 3:19  root stylesheet


 warning  in ./pkg/rancher-desktop/pages/AudioSettings.vue?vue&type=style&index=0&id=19c4a88a&lang=scss&scoped=true

Module Warning (from ./node_modules/sass-loader/dist/cjs.js):
Deprecation Warning on line 3, column 18 of file:///Users/jonathonbyrdziak/Sites/sulla/sulla-desktop/pkg/rancher-desktop/pages/AudioSettings.vue:3:18:
Sass @import rules are deprecated and will be removed in Dart Sass 3.0.0.

More info and automated migrator: https://sass-lang.com/d/import

3 |           @import "@pkg/assets/styles/base/_functions.scss";


pkg/rancher-desktop/pages/AudioSettings.vue 4:19  root stylesheet


 warning  in ./pkg/rancher-desktop/pages/AudioSettings.vue?vue&type=style&index=0&id=19c4a88a&lang=scss&scoped=true

Module Warning (from ./node_modules/sass-loader/dist/cjs.js):
Deprecation Warning on line 4, column 18 of file:///Users/jonathonbyrdziak/Sites/sulla/sulla-desktop/pkg/rancher-desktop/pages/AudioSettings.vue:4:18:
Sass @import rules are deprecated and will be removed in Dart Sass 3.0.0.

More info and automated migrator: https://sass-lang.com/d/import

4 |           @import "@pkg/assets/styles/base/_mixins.scss";


pkg/rancher-desktop/pages/AudioSettings.vue 5:19  root stylesheet


 warning  in ./pkg/rancher-desktop/pages/AudioSettings.vue?vue&type=style&index=0&id=19c4a88a&lang=scss&scoped=true

Module Warning (from ./node_modules/sass-loader/dist/cjs.js):
Deprecation Warning on line 22, column 12 of file:///Users/jonathonbyrdziak/Sites/sulla/sulla-desktop/pkg/rancher-desktop/assets/styles/base/_functions.scss:22:12:
The Sass if() syntax is deprecated in favor of the modern CSS syntax.

Suggestion: if(sass(math.abs($color-brightness - $light-text-brightness) > math.abs($color-brightness - $dark-text-brightness)): $light; else: $dark)

More info: https://sass-lang.com/d/if-function

22 |     @return if(math.abs($color-brightness - $light-text-brightness) > math.abs($color-brightness - $dark-text-brightness), $light, $dark);


pkg/rancher-desktop/assets/styles/base/_functions.scss 23:13  @import
pkg/rancher-desktop/pages/AudioSettings.vue 4:19              root stylesheet


 warning  in ./pkg/rancher-desktop/pages/ComputerUseSettings.vue?vue&type=style&index=0&id=cb73277c&lang=scss&scoped=true

Module Warning (from ./node_modules/sass-loader/dist/cjs.js):
Deprecation Warning on line 2, column 18 of file:///Users/jonathonbyrdziak/Sites/sulla/sulla-desktop/pkg/rancher-desktop/pages/ComputerUseSettings.vue:2:18:
Sass @import rules are deprecated and will be removed in Dart Sass 3.0.0.

More info and automated migrator: https://sass-lang.com/d/import

2 |           @import "@pkg/assets/styles/base/_variables.scss";


pkg/rancher-desktop/pages/ComputerUseSettings.vue 3:19  root stylesheet


 warning  in ./pkg/rancher-desktop/pages/ComputerUseSettings.vue?vue&type=style&index=0&id=cb73277c&lang=scss&scoped=true

Module Warning (from ./node_modules/sass-loader/dist/cjs.js):
Deprecation Warning on line 3, column 18 of file:///Users/jonathonbyrdziak/Sites/sulla/sulla-desktop/pkg/rancher-desktop/pages/ComputerUseSettings.vue:3:18:
Sass @import rules are deprecated and will be removed in Dart Sass 3.0.0.

More info and automated migrator: https://sass-lang.com/d/import

3 |           @import "@pkg/assets/styles/base/_functions.scss";


pkg/rancher-desktop/pages/ComputerUseSettings.vue 4:19  root stylesheet


 warning  in ./pkg/rancher-desktop/pages/ComputerUseSettings.vue?vue&type=style&index=0&id=cb73277c&lang=scss&scoped=true

Module Warning (from ./node_modules/sass-loader/dist/cjs.js):
Deprecation Warning on line 4, column 18 of file:///Users/jonathonbyrdziak/Sites/sulla/sulla-desktop/pkg/rancher-desktop/pages/ComputerUseSettings.vue:4:18:
Sass @import rules are deprecated and will be removed in Dart Sass 3.0.0.

More info and automated migrator: https://sass-lang.com/d/import

4 |           @import "@pkg/assets/styles/base/_mixins.scss";


pkg/rancher-desktop/pages/ComputerUseSettings.vue 5:19  root stylesheet


 warning  in ./pkg/rancher-desktop/pages/ComputerUseSettings.vue?vue&type=style&index=0&id=cb73277c&lang=scss&scoped=true

Module Warning (from ./node_modules/sass-loader/dist/cjs.js):
Deprecation Warning on line 22, column 12 of file:///Users/jonathonbyrdziak/Sites/sulla/sulla-desktop/pkg/rancher-desktop/assets/styles/base/_functions.scss:22:12:
The Sass if() syntax is deprecated in favor of the modern CSS syntax.

Suggestion: if(sass(math.abs($color-brightness - $light-text-brightness) > math.abs($color-brightness - $dark-text-brightness)): $light; else: $dark)

More info: https://sass-lang.com/d/if-function

22 |     @return if(math.abs($color-brightness - $light-text-brightness) > math.abs($color-brightness - $dark-text-brightness), $light, $dark);


pkg/rancher-desktop/assets/styles/base/_functions.scss 23:13  @import
pkg/rancher-desktop/pages/ComputerUseSettings.vue 4:19        root stylesheet


 warning  in ./pkg/rancher-desktop/pages/Containers.vue?vue&type=style&index=0&id=471ab424&lang=scss&scoped=true

Module Warning (from ./node_modules/sass-loader/dist/cjs.js):
Deprecation Warning on line 2, column 18 of file:///Users/jonathonbyrdziak/Sites/sulla/sulla-desktop/pkg/rancher-desktop/pages/Containers.vue:2:18:
Sass @import rules are deprecated and will be removed in Dart Sass 3.0.0.

More info and automated migrator: https://sass-lang.com/d/import

2 |           @import "@pkg/assets/styles/base/_variables.scss";


pkg/rancher-desktop/pages/Containers.vue 3:19  root stylesheet


 warning  in ./pkg/rancher-desktop/pages/Containers.vue?vue&type=style&index=0&id=471ab424&lang=scss&scoped=true

Module Warning (from ./node_modules/sass-loader/dist/cjs.js):
Deprecation Warning on line 3, column 18 of file:///Users/jonathonbyrdziak/Sites/sulla/sulla-desktop/pkg/rancher-desktop/pages/Containers.vue:3:18:
Sass @import rules are deprecated and will be removed in Dart Sass 3.0.0.

More info and automated migrator: https://sass-lang.com/d/import

3 |           @import "@pkg/assets/styles/base/_functions.scss";


pkg/rancher-desktop/pages/Containers.vue 4:19  root stylesheet


 warning  in ./pkg/rancher-desktop/pages/Containers.vue?vue&type=style&index=0&id=471ab424&lang=scss&scoped=true

Module Warning (from ./node_modules/sass-loader/dist/cjs.js):
Deprecation Warning on line 4, column 18 of file:///Users/jonathonbyrdziak/Sites/sulla/sulla-desktop/pkg/rancher-desktop/pages/Containers.vue:4:18:
Sass @import rules are deprecated and will be removed in Dart Sass 3.0.0.

More info and automated migrator: https://sass-lang.com/d/import

4 |           @import "@pkg/assets/styles/base/_mixins.scss";


pkg/rancher-desktop/pages/Containers.vue 5:19  root stylesheet


 warning  in ./pkg/rancher-desktop/pages/Containers.vue?vue&type=style&index=0&id=471ab424&lang=scss&scoped=true

Module Warning (from ./node_modules/sass-loader/dist/cjs.js):
Deprecation Warning on line 22, column 12 of file:///Users/jonathonbyrdziak/Sites/sulla/sulla-desktop/pkg/rancher-desktop/assets/styles/base/_functions.scss:22:12:
The Sass if() syntax is deprecated in favor of the modern CSS syntax.

Suggestion: if(sass(math.abs($color-brightness - $light-text-brightness) > math.abs($color-brightness - $dark-text-brightness)): $light; else: $dark)

More info: https://sass-lang.com/d/if-function

22 |     @return if(math.abs($color-brightness - $light-text-brightness) > math.abs($color-brightness - $dark-text-brightness), $light, $dark);


pkg/rancher-desktop/assets/styles/base/_functions.scss 23:13  @import
pkg/rancher-desktop/pages/Containers.vue 4:19                 root stylesheet


 warning  in ./pkg/rancher-desktop/pages/DenyRoot.vue?vue&type=style&index=0&id=c38f1096&lang=scss&scoped=true

Module Warning (from ./node_modules/sass-loader/dist/cjs.js):
Deprecation Warning on line 2, column 18 of file:///Users/jonathonbyrdziak/Sites/sulla/sulla-desktop/pkg/rancher-desktop/pages/DenyRoot.vue:2:18:
Sass @import rules are deprecated and will be removed in Dart Sass 3.0.0.

More info and automated migrator: https://sass-lang.com/d/import

2 |           @import "@pkg/assets/styles/base/_variables.scss";


pkg/rancher-desktop/pages/DenyRoot.vue 3:19  root stylesheet


 warning  in ./pkg/rancher-desktop/pages/DenyRoot.vue?vue&type=style&index=0&id=c38f1096&lang=scss&scoped=true

Module Warning (from ./node_modules/sass-loader/dist/cjs.js):
Deprecation Warning on line 3, column 18 of file:///Users/jonathonbyrdziak/Sites/sulla/sulla-desktop/pkg/rancher-desktop/pages/DenyRoot.vue:3:18:
Sass @import rules are deprecated and will be removed in Dart Sass 3.0.0.

More info and automated migrator: https://sass-lang.com/d/import

3 |           @import "@pkg/assets/styles/base/_functions.scss";


pkg/rancher-desktop/pages/DenyRoot.vue 4:19  root stylesheet


 warning  in ./pkg/rancher-desktop/pages/DenyRoot.vue?vue&type=style&index=0&id=c38f1096&lang=scss&scoped=true

Module Warning (from ./node_modules/sass-loader/dist/cjs.js):
Deprecation Warning on line 4, column 18 of file:///Users/jonathonbyrdziak/Sites/sulla/sulla-desktop/pkg/rancher-desktop/pages/DenyRoot.vue:4:18:
Sass @import rules are deprecated and will be removed in Dart Sass 3.0.0.

More info and automated migrator: https://sass-lang.com/d/import

4 |           @import "@pkg/assets/styles/base/_mixins.scss";


pkg/rancher-desktop/pages/DenyRoot.vue 5:19  root stylesheet


 warning  in ./pkg/rancher-desktop/pages/DenyRoot.vue?vue&type=style&index=0&id=c38f1096&lang=scss&scoped=true

Module Warning (from ./node_modules/sass-loader/dist/cjs.js):
Deprecation Warning on line 22, column 12 of file:///Users/jonathonbyrdziak/Sites/sulla/sulla-desktop/pkg/rancher-desktop/assets/styles/base/_functions.scss:22:12:
The Sass if() syntax is deprecated in favor of the modern CSS syntax.

Suggestion: if(sass(math.abs($color-brightness - $light-text-brightness) > math.abs($color-brightness - $dark-text-brightness)): $light; else: $dark)

More info: https://sass-lang.com/d/if-function

22 |     @return if(math.abs($color-brightness - $light-text-brightness) > math.abs($color-brightness - $dark-text-brightness), $light, $dark);


pkg/rancher-desktop/assets/styles/base/_functions.scss 23:13  @import
pkg/rancher-desktop/pages/DenyRoot.vue 4:19                   root stylesheet


 warning  in ./pkg/rancher-desktop/pages/Dialog.vue?vue&type=style&index=0&id=5dabd99c&lang=scss&scoped=true

Module Warning (from ./node_modules/sass-loader/dist/cjs.js):
Deprecation Warning on line 2, column 18 of file:///Users/jonathonbyrdziak/Sites/sulla/sulla-desktop/pkg/rancher-desktop/pages/Dialog.vue:2:18:
Sass @import rules are deprecated and will be removed in Dart Sass 3.0.0.

More info and automated migrator: https://sass-lang.com/d/import

2 |           @import "@pkg/assets/styles/base/_variables.scss";


pkg/rancher-desktop/pages/Dialog.vue 3:19  root stylesheet


 warning  in ./pkg/rancher-desktop/pages/Dialog.vue?vue&type=style&index=0&id=5dabd99c&lang=scss&scoped=true

Module Warning (from ./node_modules/sass-loader/dist/cjs.js):
Deprecation Warning on line 3, column 18 of file:///Users/jonathonbyrdziak/Sites/sulla/sulla-desktop/pkg/rancher-desktop/pages/Dialog.vue:3:18:
Sass @import rules are deprecated and will be removed in Dart Sass 3.0.0.

More info and automated migrator: https://sass-lang.com/d/import

3 |           @import "@pkg/assets/styles/base/_functions.scss";


pkg/rancher-desktop/pages/Dialog.vue 4:19  root stylesheet


 warning  in ./pkg/rancher-desktop/pages/Dialog.vue?vue&type=style&index=0&id=5dabd99c&lang=scss&scoped=true

Module Warning (from ./node_modules/sass-loader/dist/cjs.js):
Deprecation Warning on line 4, column 18 of file:///Users/jonathonbyrdziak/Sites/sulla/sulla-desktop/pkg/rancher-desktop/pages/Dialog.vue:4:18:
Sass @import rules are deprecated and will be removed in Dart Sass 3.0.0.

More info and automated migrator: https://sass-lang.com/d/import

4 |           @import "@pkg/assets/styles/base/_mixins.scss";


pkg/rancher-desktop/pages/Dialog.vue 5:19  root stylesheet


 warning  in ./pkg/rancher-desktop/pages/Dialog.vue?vue&type=style&index=0&id=5dabd99c&lang=scss&scoped=true

Module Warning (from ./node_modules/sass-loader/dist/cjs.js):
Deprecation Warning on line 22, column 12 of file:///Users/jonathonbyrdziak/Sites/sulla/sulla-desktop/pkg/rancher-desktop/assets/styles/base/_functions.scss:22:12:
The Sass if() syntax is deprecated in favor of the modern CSS syntax.

Suggestion: if(sass(math.abs($color-brightness - $light-text-brightness) > math.abs($color-brightness - $dark-text-brightness)): $light; else: $dark)

More info: https://sass-lang.com/d/if-function

22 |     @return if(math.abs($color-brightness - $light-text-brightness) > math.abs($color-brightness - $dark-text-brightness), $light, $dark);


pkg/rancher-desktop/assets/styles/base/_functions.scss 23:13  @import
pkg/rancher-desktop/pages/Dialog.vue 4:19                     root stylesheet


 warning  in ./pkg/rancher-desktop/pages/FirstRun.vue?vue&type=style&index=0&id=34dd4c0a&lang=scss&scoped=true

Module Warning (from ./node_modules/sass-loader/dist/cjs.js):
Deprecation Warning on line 2, column 18 of file:///Users/jonathonbyrdziak/Sites/sulla/sulla-desktop/pkg/rancher-desktop/pages/FirstRun.vue:2:18:
Sass @import rules are deprecated and will be removed in Dart Sass 3.0.0.

More info and automated migrator: https://sass-lang.com/d/import

2 |           @import "@pkg/assets/styles/base/_variables.scss";


pkg/rancher-desktop/pages/FirstRun.vue 3:19  root stylesheet


 warning  in ./pkg/rancher-desktop/pages/FirstRun.vue?vue&type=style&index=0&id=34dd4c0a&lang=scss&scoped=true

Module Warning (from ./node_modules/sass-loader/dist/cjs.js):
Deprecation Warning on line 3, column 18 of file:///Users/jonathonbyrdziak/Sites/sulla/sulla-desktop/pkg/rancher-desktop/pages/FirstRun.vue:3:18:
Sass @import rules are deprecated and will be removed in Dart Sass 3.0.0.

More info and automated migrator: https://sass-lang.com/d/import

3 |           @import "@pkg/assets/styles/base/_functions.scss";


pkg/rancher-desktop/pages/FirstRun.vue 4:19  root stylesheet


 warning  in ./pkg/rancher-desktop/pages/FirstRun.vue?vue&type=style&index=0&id=34dd4c0a&lang=scss&scoped=true

Module Warning (from ./node_modules/sass-loader/dist/cjs.js):
Deprecation Warning on line 4, column 18 of file:///Users/jonathonbyrdziak/Sites/sulla/sulla-desktop/pkg/rancher-desktop/pages/FirstRun.vue:4:18:
Sass @import rules are deprecated and will be removed in Dart Sass 3.0.0.

More info and automated migrator: https://sass-lang.com/d/import

4 |           @import "@pkg/assets/styles/base/_mixins.scss";


pkg/rancher-desktop/pages/FirstRun.vue 5:19  root stylesheet


 warning  in ./pkg/rancher-desktop/pages/FirstRun.vue?vue&type=style&index=0&id=34dd4c0a&lang=scss&scoped=true

Module Warning (from ./node_modules/sass-loader/dist/cjs.js):
Deprecation Warning on line 22, column 12 of file:///Users/jonathonbyrdziak/Sites/sulla/sulla-desktop/pkg/rancher-desktop/assets/styles/base/_functions.scss:22:12:
The Sass if() syntax is deprecated in favor of the modern CSS syntax.

Suggestion: if(sass(math.abs($color-brightness - $light-text-brightness) > math.abs($color-brightness - $dark-text-brightness)): $light; else: $dark)

More info: https://sass-lang.com/d/if-function

22 |     @return if(math.abs($color-brightness - $light-text-brightness) > math.abs($color-brightness - $dark-text-brightness), $light, $dark);


pkg/rancher-desktop/assets/styles/base/_functions.scss 23:13  @import
pkg/rancher-desktop/pages/FirstRun.vue 4:19                   root stylesheet


 warning  in ./pkg/rancher-desktop/pages/FirstRunRemoteModel.vue?vue&type=style&index=0&id=eb1b7a9c&lang=scss&scoped=true

Module Warning (from ./node_modules/sass-loader/dist/cjs.js):
Deprecation Warning on line 2, column 18 of file:///Users/jonathonbyrdziak/Sites/sulla/sulla-desktop/pkg/rancher-desktop/pages/FirstRunRemoteModel.vue:2:18:
Sass @import rules are deprecated and will be removed in Dart Sass 3.0.0.

More info and automated migrator: https://sass-lang.com/d/import

2 |           @import "@pkg/assets/styles/base/_variables.scss";


pkg/rancher-desktop/pages/FirstRunRemoteModel.vue 3:19  root stylesheet


 warning  in ./pkg/rancher-desktop/pages/FirstRunRemoteModel.vue?vue&type=style&index=0&id=eb1b7a9c&lang=scss&scoped=true

Module Warning (from ./node_modules/sass-loader/dist/cjs.js):
Deprecation Warning on line 3, column 18 of file:///Users/jonathonbyrdziak/Sites/sulla/sulla-desktop/pkg/rancher-desktop/pages/FirstRunRemoteModel.vue:3:18:
Sass @import rules are deprecated and will be removed in Dart Sass 3.0.0.

More info and automated migrator: https://sass-lang.com/d/import

3 |           @import "@pkg/assets/styles/base/_functions.scss";


pkg/rancher-desktop/pages/FirstRunRemoteModel.vue 4:19  root stylesheet


 warning  in ./pkg/rancher-desktop/pages/FirstRunRemoteModel.vue?vue&type=style&index=0&id=eb1b7a9c&lang=scss&scoped=true

Module Warning (from ./node_modules/sass-loader/dist/cjs.js):
Deprecation Warning on line 4, column 6 of file:///Users/jonathonbyrdziak/Sites/sulla/sulla-desktop/pkg/rancher-desktop/assets/styles/base/_functions.scss:4:6:
Global built-in functions are deprecated and will be removed in Dart Sass 3.0.0.
Use meta.type-of instead.

More info and automated migrator: https://sass-lang.com/d/import

4 |   @if type-of($color) == color {


pkg/rancher-desktop/assets/styles/base/_functions.scss 5:7  brightness()
pkg/rancher-desktop/pages/FirstRunRemoteModel.vue 87:13     root stylesheet


 warning  in ./pkg/rancher-desktop/pages/FirstRunRemoteModel.vue?vue&type=style&index=0&id=eb1b7a9c&lang=scss&scoped=true

Module Warning (from ./node_modules/sass-loader/dist/cjs.js):
Deprecation Warning on line 4, column 18 of file:///Users/jonathonbyrdziak/Sites/sulla/sulla-desktop/pkg/rancher-desktop/pages/FirstRunRemoteModel.vue:4:18:
Sass @import rules are deprecated and will be removed in Dart Sass 3.0.0.

More info and automated migrator: https://sass-lang.com/d/import

4 |           @import "@pkg/assets/styles/base/_mixins.scss";


pkg/rancher-desktop/pages/FirstRunRemoteModel.vue 5:19  root stylesheet


 warning  in ./pkg/rancher-desktop/pages/FirstRunRemoteModel.vue?vue&type=style&index=0&id=eb1b7a9c&lang=scss&scoped=true

Module Warning (from ./node_modules/sass-loader/dist/cjs.js):
Deprecation Warning on line 8, column 12 of file:///Users/jonathonbyrdziak/Sites/sulla/sulla-desktop/pkg/rancher-desktop/assets/styles/base/_functions.scss:8:12:
Global built-in functions are deprecated and will be removed in Dart Sass 3.0.0.
Use string.unquote instead.

More info and automated migrator: https://sass-lang.com/d/import

8 |     @return unquote("brightness(#{$color})");


pkg/rancher-desktop/assets/styles/base/_functions.scss 9:13  brightness()
pkg/rancher-desktop/pages/FirstRunRemoteModel.vue 87:13      root stylesheet


 warning  in ./pkg/rancher-desktop/pages/FirstRunRemoteModel.vue?vue&type=style&index=0&id=eb1b7a9c&lang=scss&scoped=true

Module Warning (from ./node_modules/sass-loader/dist/cjs.js):
Deprecation Warning on line 22, column 12 of file:///Users/jonathonbyrdziak/Sites/sulla/sulla-desktop/pkg/rancher-desktop/assets/styles/base/_functions.scss:22:12:
The Sass if() syntax is deprecated in favor of the modern CSS syntax.

Suggestion: if(sass(math.abs($color-brightness - $light-text-brightness) > math.abs($color-brightness - $dark-text-brightness)): $light; else: $dark)

More info: https://sass-lang.com/d/if-function

22 |     @return if(math.abs($color-brightness - $light-text-brightness) > math.abs($color-brightness - $dark-text-brightness), $light, $dark);


pkg/rancher-desktop/assets/styles/base/_functions.scss 23:13  @import
pkg/rancher-desktop/pages/FirstRunRemoteModel.vue 4:19        root stylesheet


 warning  in ./pkg/rancher-desktop/pages/FirstRunResources.vue?vue&type=style&index=0&id=808cb91e&lang=scss&scoped=true

Module Warning (from ./node_modules/sass-loader/dist/cjs.js):
Deprecation Warning on line 2, column 18 of file:///Users/jonathonbyrdziak/Sites/sulla/sulla-desktop/pkg/rancher-desktop/pages/FirstRunResources.vue:2:18:
Sass @import rules are deprecated and will be removed in Dart Sass 3.0.0.

More info and automated migrator: https://sass-lang.com/d/import

2 |           @import "@pkg/assets/styles/base/_variables.scss";


pkg/rancher-desktop/pages/FirstRunResources.vue 3:19  root stylesheet


 warning  in ./pkg/rancher-desktop/pages/FirstRunResources.vue?vue&type=style&index=0&id=808cb91e&lang=scss&scoped=true

Module Warning (from ./node_modules/sass-loader/dist/cjs.js):
Deprecation Warning on line 3, column 18 of file:///Users/jonathonbyrdziak/Sites/sulla/sulla-desktop/pkg/rancher-desktop/pages/FirstRunResources.vue:3:18:
Sass @import rules are deprecated and will be removed in Dart Sass 3.0.0.

More info and automated migrator: https://sass-lang.com/d/import

3 |           @import "@pkg/assets/styles/base/_functions.scss";


pkg/rancher-desktop/pages/FirstRunResources.vue 4:19  root stylesheet


 warning  in ./pkg/rancher-desktop/pages/FirstRunResources.vue?vue&type=style&index=0&id=808cb91e&lang=scss&scoped=true

Module Warning (from ./node_modules/sass-loader/dist/cjs.js):
Deprecation Warning on line 4, column 18 of file:///Users/jonathonbyrdziak/Sites/sulla/sulla-desktop/pkg/rancher-desktop/pages/FirstRunResources.vue:4:18:
Sass @import rules are deprecated and will be removed in Dart Sass 3.0.0.

More info and automated migrator: https://sass-lang.com/d/import

4 |           @import "@pkg/assets/styles/base/_mixins.scss";


pkg/rancher-desktop/pages/FirstRunResources.vue 5:19  root stylesheet


 warning  in ./pkg/rancher-desktop/pages/FirstRunResources.vue?vue&type=style&index=0&id=808cb91e&lang=scss&scoped=true

Module Warning (from ./node_modules/sass-loader/dist/cjs.js):
Deprecation Warning on line 22, column 12 of file:///Users/jonathonbyrdziak/Sites/sulla/sulla-desktop/pkg/rancher-desktop/assets/styles/base/_functions.scss:22:12:
The Sass if() syntax is deprecated in favor of the modern CSS syntax.

Suggestion: if(sass(math.abs($color-brightness - $light-text-brightness) > math.abs($color-brightness - $dark-text-brightness)): $light; else: $dark)

More info: https://sass-lang.com/d/if-function

22 |     @return if(math.abs($color-brightness - $light-text-brightness) > math.abs($color-brightness - $dark-text-brightness), $light, $dark);


pkg/rancher-desktop/assets/styles/base/_functions.scss 23:13  @import
pkg/rancher-desktop/pages/FirstRunResources.vue 4:19          root stylesheet


 warning  in ./pkg/rancher-desktop/pages/FirstRunWaiting.vue?vue&type=style&index=0&id=9ffe7808&lang=scss&scoped=true

Module Warning (from ./node_modules/sass-loader/dist/cjs.js):
Deprecation Warning on line 2, column 18 of file:///Users/jonathonbyrdziak/Sites/sulla/sulla-desktop/pkg/rancher-desktop/pages/FirstRunWaiting.vue:2:18:
Sass @import rules are deprecated and will be removed in Dart Sass 3.0.0.

More info and automated migrator: https://sass-lang.com/d/import

2 |           @import "@pkg/assets/styles/base/_variables.scss";


pkg/rancher-desktop/pages/FirstRunWaiting.vue 3:19  root stylesheet


 warning  in ./pkg/rancher-desktop/pages/FirstRunWaiting.vue?vue&type=style&index=0&id=9ffe7808&lang=scss&scoped=true

Module Warning (from ./node_modules/sass-loader/dist/cjs.js):
Deprecation Warning on line 3, column 18 of file:///Users/jonathonbyrdziak/Sites/sulla/sulla-desktop/pkg/rancher-desktop/pages/FirstRunWaiting.vue:3:18:
Sass @import rules are deprecated and will be removed in Dart Sass 3.0.0.

More info and automated migrator: https://sass-lang.com/d/import

3 |           @import "@pkg/assets/styles/base/_functions.scss";


pkg/rancher-desktop/pages/FirstRunWaiting.vue 4:19  root stylesheet


 warning  in ./pkg/rancher-desktop/pages/FirstRunWaiting.vue?vue&type=style&index=0&id=9ffe7808&lang=scss&scoped=true

Module Warning (from ./node_modules/sass-loader/dist/cjs.js):
Deprecation Warning on line 4, column 18 of file:///Users/jonathonbyrdziak/Sites/sulla/sulla-desktop/pkg/rancher-desktop/pages/FirstRunWaiting.vue:4:18:
Sass @import rules are deprecated and will be removed in Dart Sass 3.0.0.

More info and automated migrator: https://sass-lang.com/d/import

4 |           @import "@pkg/assets/styles/base/_mixins.scss";


pkg/rancher-desktop/pages/FirstRunWaiting.vue 5:19  root stylesheet


 warning  in ./pkg/rancher-desktop/pages/FirstRunWaiting.vue?vue&type=style&index=0&id=9ffe7808&lang=scss&scoped=true

Module Warning (from ./node_modules/sass-loader/dist/cjs.js):
Deprecation Warning on line 22, column 12 of file:///Users/jonathonbyrdziak/Sites/sulla/sulla-desktop/pkg/rancher-desktop/assets/styles/base/_functions.scss:22:12:
The Sass if() syntax is deprecated in favor of the modern CSS syntax.

Suggestion: if(sass(math.abs($color-brightness - $light-text-brightness) > math.abs($color-brightness - $dark-text-brightness)): $light; else: $dark)

More info: https://sass-lang.com/d/if-function

22 |     @return if(math.abs($color-brightness - $light-text-brightness) > math.abs($color-brightness - $dark-text-brightness), $light, $dark);


pkg/rancher-desktop/assets/styles/base/_functions.scss 23:13  @import
pkg/rancher-desktop/pages/FirstRunWaiting.vue 4:19            root stylesheet


 warning  in ./pkg/rancher-desktop/pages/FirstRunWelcome.vue?vue&type=style&index=0&id=6c5980fd&lang=scss&scoped=true

Module Warning (from ./node_modules/sass-loader/dist/cjs.js):
Deprecation Warning on line 2, column 18 of file:///Users/jonathonbyrdziak/Sites/sulla/sulla-desktop/pkg/rancher-desktop/pages/FirstRunWelcome.vue:2:18:
Sass @import rules are deprecated and will be removed in Dart Sass 3.0.0.

More info and automated migrator: https://sass-lang.com/d/import

2 |           @import "@pkg/assets/styles/base/_variables.scss";


pkg/rancher-desktop/pages/FirstRunWelcome.vue 3:19  root stylesheet


 warning  in ./pkg/rancher-desktop/pages/FirstRunWelcome.vue?vue&type=style&index=0&id=6c5980fd&lang=scss&scoped=true

Module Warning (from ./node_modules/sass-loader/dist/cjs.js):
Deprecation Warning on line 3, column 18 of file:///Users/jonathonbyrdziak/Sites/sulla/sulla-desktop/pkg/rancher-desktop/pages/FirstRunWelcome.vue:3:18:
Sass @import rules are deprecated and will be removed in Dart Sass 3.0.0.

More info and automated migrator: https://sass-lang.com/d/import

3 |           @import "@pkg/assets/styles/base/_functions.scss";


pkg/rancher-desktop/pages/FirstRunWelcome.vue 4:19  root stylesheet


 warning  in ./pkg/rancher-desktop/pages/FirstRunWelcome.vue?vue&type=style&index=0&id=6c5980fd&lang=scss&scoped=true

Module Warning (from ./node_modules/sass-loader/dist/cjs.js):
Deprecation Warning on line 4, column 18 of file:///Users/jonathonbyrdziak/Sites/sulla/sulla-desktop/pkg/rancher-desktop/pages/FirstRunWelcome.vue:4:18:
Sass @import rules are deprecated and will be removed in Dart Sass 3.0.0.

More info and automated migrator: https://sass-lang.com/d/import

4 |           @import "@pkg/assets/styles/base/_mixins.scss";


pkg/rancher-desktop/pages/FirstRunWelcome.vue 5:19  root stylesheet


 warning  in ./pkg/rancher-desktop/pages/FirstRunWelcome.vue?vue&type=style&index=0&id=6c5980fd&lang=scss&scoped=true

Module Warning (from ./node_modules/sass-loader/dist/cjs.js):
Deprecation Warning on line 22, column 12 of file:///Users/jonathonbyrdziak/Sites/sulla/sulla-desktop/pkg/rancher-desktop/assets/styles/base/_functions.scss:22:12:
The Sass if() syntax is deprecated in favor of the modern CSS syntax.

Suggestion: if(sass(math.abs($color-brightness - $light-text-brightness) > math.abs($color-brightness - $dark-text-brightness)): $light; else: $dark)

More info: https://sass-lang.com/d/if-function

22 |     @return if(math.abs($color-brightness - $light-text-brightness) > math.abs($color-brightness - $dark-text-brightness), $light, $dark);


pkg/rancher-desktop/assets/styles/base/_functions.scss 23:13  @import
pkg/rancher-desktop/pages/FirstRunWelcome.vue 4:19            root stylesheet


 warning  in ./pkg/rancher-desktop/pages/KubernetesError.vue?vue&type=style&index=0&id=675c5f94&lang=scss&scoped=true

Module Warning (from ./node_modules/sass-loader/dist/cjs.js):
Deprecation Warning on line 2, column 18 of file:///Users/jonathonbyrdziak/Sites/sulla/sulla-desktop/pkg/rancher-desktop/pages/KubernetesError.vue:2:18:
Sass @import rules are deprecated and will be removed in Dart Sass 3.0.0.

More info and automated migrator: https://sass-lang.com/d/import

2 |           @import "@pkg/assets/styles/base/_variables.scss";


pkg/rancher-desktop/pages/KubernetesError.vue 3:19  root stylesheet


 warning  in ./pkg/rancher-desktop/pages/KubernetesError.vue?vue&type=style&index=0&id=675c5f94&lang=scss&scoped=true

Module Warning (from ./node_modules/sass-loader/dist/cjs.js):
Deprecation Warning on line 3, column 18 of file:///Users/jonathonbyrdziak/Sites/sulla/sulla-desktop/pkg/rancher-desktop/pages/KubernetesError.vue:3:18:
Sass @import rules are deprecated and will be removed in Dart Sass 3.0.0.

More info and automated migrator: https://sass-lang.com/d/import

3 |           @import "@pkg/assets/styles/base/_functions.scss";


pkg/rancher-desktop/pages/KubernetesError.vue 4:19  root stylesheet


 warning  in ./pkg/rancher-desktop/pages/KubernetesError.vue?vue&type=style&index=0&id=675c5f94&lang=scss&scoped=true

Module Warning (from ./node_modules/sass-loader/dist/cjs.js):
Deprecation Warning on line 4, column 18 of file:///Users/jonathonbyrdziak/Sites/sulla/sulla-desktop/pkg/rancher-desktop/pages/KubernetesError.vue:4:18:
Sass @import rules are deprecated and will be removed in Dart Sass 3.0.0.

More info and automated migrator: https://sass-lang.com/d/import

4 |           @import "@pkg/assets/styles/base/_mixins.scss";


pkg/rancher-desktop/pages/KubernetesError.vue 5:19  root stylesheet


 warning  in ./pkg/rancher-desktop/pages/KubernetesError.vue?vue&type=style&index=0&id=675c5f94&lang=scss&scoped=true

Module Warning (from ./node_modules/sass-loader/dist/cjs.js):
Deprecation Warning on line 22, column 12 of file:///Users/jonathonbyrdziak/Sites/sulla/sulla-desktop/pkg/rancher-desktop/assets/styles/base/_functions.scss:22:12:
The Sass if() syntax is deprecated in favor of the modern CSS syntax.

Suggestion: if(sass(math.abs($color-brightness - $light-text-brightness) > math.abs($color-brightness - $dark-text-brightness)): $light; else: $dark)

More info: https://sass-lang.com/d/if-function

22 |     @return if(math.abs($color-brightness - $light-text-brightness) > math.abs($color-brightness - $dark-text-brightness), $light, $dark);


pkg/rancher-desktop/assets/styles/base/_functions.scss 23:13  @import
pkg/rancher-desktop/pages/KubernetesError.vue 4:19            root stylesheet


 warning  in ./pkg/rancher-desktop/pages/LanguageModelSettings.vue?vue&type=style&index=1&id=511d26d0&lang=scss&scoped=true

Module Warning (from ./node_modules/sass-loader/dist/cjs.js):
Deprecation Warning on line 2, column 18 of file:///Users/jonathonbyrdziak/Sites/sulla/sulla-desktop/pkg/rancher-desktop/pages/LanguageModelSettings.vue:2:18:
Sass @import rules are deprecated and will be removed in Dart Sass 3.0.0.

More info and automated migrator: https://sass-lang.com/d/import

2 |           @import "@pkg/assets/styles/base/_variables.scss";


pkg/rancher-desktop/pages/LanguageModelSettings.vue 3:19  root stylesheet


 warning  in ./pkg/rancher-desktop/pages/LanguageModelSettings.vue?vue&type=style&index=1&id=511d26d0&lang=scss&scoped=true

Module Warning (from ./node_modules/sass-loader/dist/cjs.js):
Deprecation Warning on line 3, column 18 of file:///Users/jonathonbyrdziak/Sites/sulla/sulla-desktop/pkg/rancher-desktop/pages/LanguageModelSettings.vue:3:18:
Sass @import rules are deprecated and will be removed in Dart Sass 3.0.0.

More info and automated migrator: https://sass-lang.com/d/import

3 |           @import "@pkg/assets/styles/base/_functions.scss";


pkg/rancher-desktop/pages/LanguageModelSettings.vue 4:19  root stylesheet


 warning  in ./pkg/rancher-desktop/pages/LanguageModelSettings.vue?vue&type=style&index=1&id=511d26d0&lang=scss&scoped=true

Module Warning (from ./node_modules/sass-loader/dist/cjs.js):
Deprecation Warning on line 4, column 18 of file:///Users/jonathonbyrdziak/Sites/sulla/sulla-desktop/pkg/rancher-desktop/pages/LanguageModelSettings.vue:4:18:
Sass @import rules are deprecated and will be removed in Dart Sass 3.0.0.

More info and automated migrator: https://sass-lang.com/d/import

4 |           @import "@pkg/assets/styles/base/_mixins.scss";


pkg/rancher-desktop/pages/LanguageModelSettings.vue 5:19  root stylesheet


 warning  in ./pkg/rancher-desktop/pages/LanguageModelSettings.vue?vue&type=style&index=1&id=511d26d0&lang=scss&scoped=true

Module Warning (from ./node_modules/sass-loader/dist/cjs.js):
Deprecation Warning on line 22, column 12 of file:///Users/jonathonbyrdziak/Sites/sulla/sulla-desktop/pkg/rancher-desktop/assets/styles/base/_functions.scss:22:12:
The Sass if() syntax is deprecated in favor of the modern CSS syntax.

Suggestion: if(sass(math.abs($color-brightness - $light-text-brightness) > math.abs($color-brightness - $dark-text-brightness)): $light; else: $dark)

More info: https://sass-lang.com/d/if-function

22 |     @return if(math.abs($color-brightness - $light-text-brightness) > math.abs($color-brightness - $dark-text-brightness), $light, $dark);


pkg/rancher-desktop/assets/styles/base/_functions.scss 23:13  @import
pkg/rancher-desktop/pages/LanguageModelSettings.vue 4:19      root stylesheet


 warning  in ./pkg/rancher-desktop/pages/Preferences.vue?vue&type=style&index=0&id=40e739d8&lang=scss

Module Warning (from ./node_modules/sass-loader/dist/cjs.js):
Deprecation Warning on line 2, column 18 of file:///Users/jonathonbyrdziak/Sites/sulla/sulla-desktop/pkg/rancher-desktop/pages/Preferences.vue:2:18:
Sass @import rules are deprecated and will be removed in Dart Sass 3.0.0.

More info and automated migrator: https://sass-lang.com/d/import

2 |           @import "@pkg/assets/styles/base/_variables.scss";


pkg/rancher-desktop/pages/Preferences.vue 3:19  root stylesheet


 warning  in ./pkg/rancher-desktop/pages/Preferences.vue?vue&type=style&index=0&id=40e739d8&lang=scss

Module Warning (from ./node_modules/sass-loader/dist/cjs.js):
Deprecation Warning on line 3, column 18 of file:///Users/jonathonbyrdziak/Sites/sulla/sulla-desktop/pkg/rancher-desktop/pages/Preferences.vue:3:18:
Sass @import rules are deprecated and will be removed in Dart Sass 3.0.0.

More info and automated migrator: https://sass-lang.com/d/import

3 |           @import "@pkg/assets/styles/base/_functions.scss";


pkg/rancher-desktop/pages/Preferences.vue 4:19  root stylesheet


 warning  in ./pkg/rancher-desktop/pages/Preferences.vue?vue&type=style&index=0&id=40e739d8&lang=scss

Module Warning (from ./node_modules/sass-loader/dist/cjs.js):
Deprecation Warning on line 4, column 18 of file:///Users/jonathonbyrdziak/Sites/sulla/sulla-desktop/pkg/rancher-desktop/pages/Preferences.vue:4:18:
Sass @import rules are deprecated and will be removed in Dart Sass 3.0.0.

More info and automated migrator: https://sass-lang.com/d/import

4 |           @import "@pkg/assets/styles/base/_mixins.scss";


pkg/rancher-desktop/pages/Preferences.vue 5:19  root stylesheet


 warning  in ./pkg/rancher-desktop/pages/Preferences.vue?vue&type=style&index=0&id=40e739d8&lang=scss

Module Warning (from ./node_modules/sass-loader/dist/cjs.js):
Deprecation Warning on line 22, column 12 of file:///Users/jonathonbyrdziak/Sites/sulla/sulla-desktop/pkg/rancher-desktop/assets/styles/base/_functions.scss:22:12:
The Sass if() syntax is deprecated in favor of the modern CSS syntax.

Suggestion: if(sass(math.abs($color-brightness - $light-text-brightness) > math.abs($color-brightness - $dark-text-brightness)): $light; else: $dark)

More info: https://sass-lang.com/d/if-function

22 |     @return if(math.abs($color-brightness - $light-text-brightness) > math.abs($color-brightness - $dark-text-brightness), $light, $dark);


pkg/rancher-desktop/assets/styles/base/_functions.scss 23:13  @import
pkg/rancher-desktop/pages/Preferences.vue 4:19                root stylesheet


 warning  in ./pkg/rancher-desktop/pages/RoutinesHome.vue?vue&type=style&index=0&id=1a5de232&scoped=true&lang=scss

Module Warning (from ./node_modules/sass-loader/dist/cjs.js):
Deprecation Warning on line 2, column 18 of file:///Users/jonathonbyrdziak/Sites/sulla/sulla-desktop/pkg/rancher-desktop/pages/RoutinesHome.vue:2:18:
Sass @import rules are deprecated and will be removed in Dart Sass 3.0.0.

More info and automated migrator: https://sass-lang.com/d/import

2 |           @import "@pkg/assets/styles/base/_variables.scss";


pkg/rancher-desktop/pages/RoutinesHome.vue 3:19  root stylesheet


 warning  in ./pkg/rancher-desktop/pages/RoutinesHome.vue?vue&type=style&index=0&id=1a5de232&scoped=true&lang=scss

Module Warning (from ./node_modules/sass-loader/dist/cjs.js):
Deprecation Warning on line 3, column 18 of file:///Users/jonathonbyrdziak/Sites/sulla/sulla-desktop/pkg/rancher-desktop/pages/RoutinesHome.vue:3:18:
Sass @import rules are deprecated and will be removed in Dart Sass 3.0.0.

More info and automated migrator: https://sass-lang.com/d/import

3 |           @import "@pkg/assets/styles/base/_functions.scss";


pkg/rancher-desktop/pages/RoutinesHome.vue 4:19  root stylesheet


 warning  in ./pkg/rancher-desktop/pages/RoutinesHome.vue?vue&type=style&index=0&id=1a5de232&scoped=true&lang=scss

Module Warning (from ./node_modules/sass-loader/dist/cjs.js):
Deprecation Warning on line 4, column 18 of file:///Users/jonathonbyrdziak/Sites/sulla/sulla-desktop/pkg/rancher-desktop/pages/RoutinesHome.vue:4:18:
Sass @import rules are deprecated and will be removed in Dart Sass 3.0.0.

More info and automated migrator: https://sass-lang.com/d/import

4 |           @import "@pkg/assets/styles/base/_mixins.scss";


pkg/rancher-desktop/pages/RoutinesHome.vue 5:19  root stylesheet


 warning  in ./pkg/rancher-desktop/pages/RoutinesHome.vue?vue&type=style&index=0&id=1a5de232&scoped=true&lang=scss

Module Warning (from ./node_modules/sass-loader/dist/cjs.js):
Deprecation Warning on line 7, column 8 of file:///Users/jonathonbyrdziak/Sites/sulla/sulla-desktop/pkg/rancher-desktop/pages/RoutinesHome.vue:7:8:
Sass @import rules are deprecated and will be removed in Dart Sass 3.0.0.

More info and automated migrator: https://sass-lang.com/d/import

7 | @import '@pkg/assets/styles/routines-theme.scss';


pkg/rancher-desktop/pages/RoutinesHome.vue 8:9  root stylesheet


 warning  in ./pkg/rancher-desktop/pages/RoutinesHome.vue?vue&type=style&index=0&id=1a5de232&scoped=true&lang=scss

Module Warning (from ./node_modules/sass-loader/dist/cjs.js):
Deprecation Warning on line 22, column 12 of file:///Users/jonathonbyrdziak/Sites/sulla/sulla-desktop/pkg/rancher-desktop/assets/styles/base/_functions.scss:22:12:
The Sass if() syntax is deprecated in favor of the modern CSS syntax.

Suggestion: if(sass(math.abs($color-brightness - $light-text-brightness) > math.abs($color-brightness - $dark-text-brightness)): $light; else: $dark)

More info: https://sass-lang.com/d/if-function

22 |     @return if(math.abs($color-brightness - $light-text-brightness) > math.abs($color-brightness - $dark-text-brightness), $light, $dark);


pkg/rancher-desktop/assets/styles/base/_functions.scss 23:13  @import
pkg/rancher-desktop/pages/RoutinesHome.vue 4:19               root stylesheet


 warning  in ./pkg/rancher-desktop/pages/SudoPrompt.vue?vue&type=style&index=0&id=69f8365a&lang=scss

Module Warning (from ./node_modules/sass-loader/dist/cjs.js):
Deprecation Warning on line 2, column 18 of file:///Users/jonathonbyrdziak/Sites/sulla/sulla-desktop/pkg/rancher-desktop/pages/SudoPrompt.vue:2:18:
Sass @import rules are deprecated and will be removed in Dart Sass 3.0.0.

More info and automated migrator: https://sass-lang.com/d/import

2 |           @import "@pkg/assets/styles/base/_variables.scss";


pkg/rancher-desktop/pages/SudoPrompt.vue 3:19  root stylesheet


 warning  in ./pkg/rancher-desktop/pages/SudoPrompt.vue?vue&type=style&index=0&id=69f8365a&lang=scss

Module Warning (from ./node_modules/sass-loader/dist/cjs.js):
Deprecation Warning on line 3, column 18 of file:///Users/jonathonbyrdziak/Sites/sulla/sulla-desktop/pkg/rancher-desktop/pages/SudoPrompt.vue:3:18:
Sass @import rules are deprecated and will be removed in Dart Sass 3.0.0.

More info and automated migrator: https://sass-lang.com/d/import

3 |           @import "@pkg/assets/styles/base/_functions.scss";


pkg/rancher-desktop/pages/SudoPrompt.vue 4:19  root stylesheet


 warning  in ./pkg/rancher-desktop/pages/SudoPrompt.vue?vue&type=style&index=0&id=69f8365a&lang=scss

Module Warning (from ./node_modules/sass-loader/dist/cjs.js):
Deprecation Warning on line 4, column 18 of file:///Users/jonathonbyrdziak/Sites/sulla/sulla-desktop/pkg/rancher-desktop/pages/SudoPrompt.vue:4:18:
Sass @import rules are deprecated and will be removed in Dart Sass 3.0.0.

More info and automated migrator: https://sass-lang.com/d/import

4 |           @import "@pkg/assets/styles/base/_mixins.scss";


pkg/rancher-desktop/pages/SudoPrompt.vue 5:19  root stylesheet


 warning  in ./pkg/rancher-desktop/pages/SudoPrompt.vue?vue&type=style&index=0&id=69f8365a&lang=scss

Module Warning (from ./node_modules/sass-loader/dist/cjs.js):
Deprecation Warning on line 22, column 12 of file:///Users/jonathonbyrdziak/Sites/sulla/sulla-desktop/pkg/rancher-desktop/assets/styles/base/_functions.scss:22:12:
The Sass if() syntax is deprecated in favor of the modern CSS syntax.

Suggestion: if(sass(math.abs($color-brightness - $light-text-brightness) > math.abs($color-brightness - $dark-text-brightness)): $light; else: $dark)

More info: https://sass-lang.com/d/if-function

22 |     @return if(math.abs($color-brightness - $light-text-brightness) > math.abs($color-brightness - $dark-text-brightness), $light, $dark);


pkg/rancher-desktop/assets/styles/base/_functions.scss 23:13  @import
pkg/rancher-desktop/pages/SudoPrompt.vue 4:19                 root stylesheet


 warning  in ./pkg/rancher-desktop/pages/Troubleshooting.vue?vue&type=style&index=0&id=eaf6eed6&lang=scss&scoped=true

Module Warning (from ./node_modules/sass-loader/dist/cjs.js):
Deprecation Warning on line 2, column 18 of file:///Users/jonathonbyrdziak/Sites/sulla/sulla-desktop/pkg/rancher-desktop/pages/Troubleshooting.vue:2:18:
Sass @import rules are deprecated and will be removed in Dart Sass 3.0.0.

More info and automated migrator: https://sass-lang.com/d/import

2 |           @import "@pkg/assets/styles/base/_variables.scss";


pkg/rancher-desktop/pages/Troubleshooting.vue 3:19  root stylesheet


 warning  in ./pkg/rancher-desktop/pages/Troubleshooting.vue?vue&type=style&index=0&id=eaf6eed6&lang=scss&scoped=true

Module Warning (from ./node_modules/sass-loader/dist/cjs.js):
Deprecation Warning on line 3, column 18 of file:///Users/jonathonbyrdziak/Sites/sulla/sulla-desktop/pkg/rancher-desktop/pages/Troubleshooting.vue:3:18:
Sass @import rules are deprecated and will be removed in Dart Sass 3.0.0.

More info and automated migrator: https://sass-lang.com/d/import

3 |           @import "@pkg/assets/styles/base/_functions.scss";


pkg/rancher-desktop/pages/Troubleshooting.vue 4:19  root stylesheet


 warning  in ./pkg/rancher-desktop/pages/Troubleshooting.vue?vue&type=style&index=0&id=eaf6eed6&lang=scss&scoped=true

Module Warning (from ./node_modules/sass-loader/dist/cjs.js):
Deprecation Warning on line 4, column 18 of file:///Users/jonathonbyrdziak/Sites/sulla/sulla-desktop/pkg/rancher-desktop/pages/Troubleshooting.vue:4:18:
Sass @import rules are deprecated and will be removed in Dart Sass 3.0.0.

More info and automated migrator: https://sass-lang.com/d/import

4 |           @import "@pkg/assets/styles/base/_mixins.scss";


pkg/rancher-desktop/pages/Troubleshooting.vue 5:19  root stylesheet


 warning  in ./pkg/rancher-desktop/pages/Troubleshooting.vue?vue&type=style&index=0&id=eaf6eed6&lang=scss&scoped=true

Module Warning (from ./node_modules/sass-loader/dist/cjs.js):
Deprecation Warning on line 22, column 12 of file:///Users/jonathonbyrdziak/Sites/sulla/sulla-desktop/pkg/rancher-desktop/assets/styles/base/_functions.scss:22:12:
The Sass if() syntax is deprecated in favor of the modern CSS syntax.

Suggestion: if(sass(math.abs($color-brightness - $light-text-brightness) > math.abs($color-brightness - $dark-text-brightness)): $light; else: $dark)

More info: https://sass-lang.com/d/if-function

22 |     @return if(math.abs($color-brightness - $light-text-brightness) > math.abs($color-brightness - $dark-text-brightness), $light, $dark);


pkg/rancher-desktop/assets/styles/base/_functions.scss 23:13  @import
pkg/rancher-desktop/pages/Troubleshooting.vue 4:19            root stylesheet


 warning  in ./pkg/rancher-desktop/pages/UnmetPrerequisites.vue?vue&type=style&index=0&id=4e577a26&lang=scss&scoped=true

Module Warning (from ./node_modules/sass-loader/dist/cjs.js):
Deprecation Warning on line 2, column 18 of file:///Users/jonathonbyrdziak/Sites/sulla/sulla-desktop/pkg/rancher-desktop/pages/UnmetPrerequisites.vue:2:18:
Sass @import rules are deprecated and will be removed in Dart Sass 3.0.0.

More info and automated migrator: https://sass-lang.com/d/import

2 |           @import "@pkg/assets/styles/base/_variables.scss";


pkg/rancher-desktop/pages/UnmetPrerequisites.vue 3:19  root stylesheet


 warning  in ./pkg/rancher-desktop/pages/UnmetPrerequisites.vue?vue&type=style&index=0&id=4e577a26&lang=scss&scoped=true

Module Warning (from ./node_modules/sass-loader/dist/cjs.js):
Deprecation Warning on line 3, column 18 of file:///Users/jonathonbyrdziak/Sites/sulla/sulla-desktop/pkg/rancher-desktop/pages/UnmetPrerequisites.vue:3:18:
Sass @import rules are deprecated and will be removed in Dart Sass 3.0.0.

More info and automated migrator: https://sass-lang.com/d/import

3 |           @import "@pkg/assets/styles/base/_functions.scss";


pkg/rancher-desktop/pages/UnmetPrerequisites.vue 4:19  root stylesheet


 warning  in ./pkg/rancher-desktop/pages/UnmetPrerequisites.vue?vue&type=style&index=0&id=4e577a26&lang=scss&scoped=true

Module Warning (from ./node_modules/sass-loader/dist/cjs.js):
Deprecation Warning on line 4, column 18 of file:///Users/jonathonbyrdziak/Sites/sulla/sulla-desktop/pkg/rancher-desktop/pages/UnmetPrerequisites.vue:4:18:
Sass @import rules are deprecated and will be removed in Dart Sass 3.0.0.

More info and automated migrator: https://sass-lang.com/d/import

4 |           @import "@pkg/assets/styles/base/_mixins.scss";


pkg/rancher-desktop/pages/UnmetPrerequisites.vue 5:19  root stylesheet


 warning  in ./pkg/rancher-desktop/pages/UnmetPrerequisites.vue?vue&type=style&index=0&id=4e577a26&lang=scss&scoped=true

Module Warning (from ./node_modules/sass-loader/dist/cjs.js):
Deprecation Warning on line 22, column 12 of file:///Users/jonathonbyrdziak/Sites/sulla/sulla-desktop/pkg/rancher-desktop/assets/styles/base/_functions.scss:22:12:
The Sass if() syntax is deprecated in favor of the modern CSS syntax.

Suggestion: if(sass(math.abs($color-brightness - $light-text-brightness) > math.abs($color-brightness - $dark-text-brightness)): $light; else: $dark)

More info: https://sass-lang.com/d/if-function

22 |     @return if(math.abs($color-brightness - $light-text-brightness) > math.abs($color-brightness - $dark-text-brightness), $light, $dark);


pkg/rancher-desktop/assets/styles/base/_functions.scss 23:13  @import
pkg/rancher-desktop/pages/UnmetPrerequisites.vue 4:19         root stylesheet


 warning  in ./pkg/rancher-desktop/pages/Updates.vue?vue&type=style&index=0&id=56da20f2&lang=scss&scoped=true

Module Warning (from ./node_modules/sass-loader/dist/cjs.js):
Deprecation Warning on line 2, column 18 of file:///Users/jonathonbyrdziak/Sites/sulla/sulla-desktop/pkg/rancher-desktop/pages/Updates.vue:2:18:
Sass @import rules are deprecated and will be removed in Dart Sass 3.0.0.

More info and automated migrator: https://sass-lang.com/d/import

2 |           @import "@pkg/assets/styles/base/_variables.scss";


pkg/rancher-desktop/pages/Updates.vue 3:19  root stylesheet


 warning  in ./pkg/rancher-desktop/pages/Updates.vue?vue&type=style&index=0&id=56da20f2&lang=scss&scoped=true

Module Warning (from ./node_modules/sass-loader/dist/cjs.js):
Deprecation Warning on line 3, column 18 of file:///Users/jonathonbyrdziak/Sites/sulla/sulla-desktop/pkg/rancher-desktop/pages/Updates.vue:3:18:
Sass @import rules are deprecated and will be removed in Dart Sass 3.0.0.

More info and automated migrator: https://sass-lang.com/d/import

3 |           @import "@pkg/assets/styles/base/_functions.scss";


pkg/rancher-desktop/pages/Updates.vue 4:19  root stylesheet


 warning  in ./pkg/rancher-desktop/pages/Updates.vue?vue&type=style&index=0&id=56da20f2&lang=scss&scoped=true

Module Warning (from ./node_modules/sass-loader/dist/cjs.js):
Deprecation Warning on line 4, column 18 of file:///Users/jonathonbyrdziak/Sites/sulla/sulla-desktop/pkg/rancher-desktop/pages/Updates.vue:4:18:
Sass @import rules are deprecated and will be removed in Dart Sass 3.0.0.

More info and automated migrator: https://sass-lang.com/d/import

4 |           @import "@pkg/assets/styles/base/_mixins.scss";


pkg/rancher-desktop/pages/Updates.vue 5:19  root stylesheet


 warning  in ./pkg/rancher-desktop/pages/Updates.vue?vue&type=style&index=0&id=56da20f2&lang=scss&scoped=true

Module Warning (from ./node_modules/sass-loader/dist/cjs.js):
Deprecation Warning on line 22, column 12 of file:///Users/jonathonbyrdziak/Sites/sulla/sulla-desktop/pkg/rancher-desktop/assets/styles/base/_functions.scss:22:12:
The Sass if() syntax is deprecated in favor of the modern CSS syntax.

Suggestion: if(sass(math.abs($color-brightness - $light-text-brightness) > math.abs($color-brightness - $dark-text-brightness)): $light; else: $dark)

More info: https://sass-lang.com/d/if-function

22 |     @return if(math.abs($color-brightness - $light-text-brightness) > math.abs($color-brightness - $dark-text-brightness), $light, $dark);


pkg/rancher-desktop/assets/styles/base/_functions.scss 23:13  @import
pkg/rancher-desktop/pages/Updates.vue 4:19                    root stylesheet


 warning  in ./pkg/rancher-desktop/pages/Volumes.vue?vue&type=style&index=0&id=6aa83fa2&lang=scss&scoped=true

Module Warning (from ./node_modules/sass-loader/dist/cjs.js):
Deprecation Warning on line 2, column 18 of file:///Users/jonathonbyrdziak/Sites/sulla/sulla-desktop/pkg/rancher-desktop/pages/Volumes.vue:2:18:
Sass @import rules are deprecated and will be removed in Dart Sass 3.0.0.

More info and automated migrator: https://sass-lang.com/d/import

2 |           @import "@pkg/assets/styles/base/_variables.scss";


pkg/rancher-desktop/pages/Volumes.vue 3:19  root stylesheet


 warning  in ./pkg/rancher-desktop/pages/Volumes.vue?vue&type=style&index=0&id=6aa83fa2&lang=scss&scoped=true

Module Warning (from ./node_modules/sass-loader/dist/cjs.js):
Deprecation Warning on line 3, column 18 of file:///Users/jonathonbyrdziak/Sites/sulla/sulla-desktop/pkg/rancher-desktop/pages/Volumes.vue:3:18:
Sass @import rules are deprecated and will be removed in Dart Sass 3.0.0.

More info and automated migrator: https://sass-lang.com/d/import

3 |           @import "@pkg/assets/styles/base/_functions.scss";


pkg/rancher-desktop/pages/Volumes.vue 4:19  root stylesheet


 warning  in ./pkg/rancher-desktop/pages/Volumes.vue?vue&type=style&index=0&id=6aa83fa2&lang=scss&scoped=true

Module Warning (from ./node_modules/sass-loader/dist/cjs.js):
Deprecation Warning on line 4, column 18 of file:///Users/jonathonbyrdziak/Sites/sulla/sulla-desktop/pkg/rancher-desktop/pages/Volumes.vue:4:18:
Sass @import rules are deprecated and will be removed in Dart Sass 3.0.0.

More info and automated migrator: https://sass-lang.com/d/import

4 |           @import "@pkg/assets/styles/base/_mixins.scss";


pkg/rancher-desktop/pages/Volumes.vue 5:19  root stylesheet


 warning  in ./pkg/rancher-desktop/pages/Volumes.vue?vue&type=style&index=0&id=6aa83fa2&lang=scss&scoped=true

Module Warning (from ./node_modules/sass-loader/dist/cjs.js):
Deprecation Warning on line 22, column 12 of file:///Users/jonathonbyrdziak/Sites/sulla/sulla-desktop/pkg/rancher-desktop/assets/styles/base/_functions.scss:22:12:
The Sass if() syntax is deprecated in favor of the modern CSS syntax.

Suggestion: if(sass(math.abs($color-brightness - $light-text-brightness) > math.abs($color-brightness - $dark-text-brightness)): $light; else: $dark)

More info: https://sass-lang.com/d/if-function

22 |     @return if(math.abs($color-brightness - $light-text-brightness) > math.abs($color-brightness - $dark-text-brightness), $light, $dark);


pkg/rancher-desktop/assets/styles/base/_functions.scss 23:13  @import
pkg/rancher-desktop/pages/Volumes.vue 4:19                    root stylesheet


 warning  in ./pkg/rancher-desktop/pages/agent/SimpleHeader.vue?vue&type=style&index=0&id=06fa826f&lang=scss&scoped=true

Module Warning (from ./node_modules/sass-loader/dist/cjs.js):
Deprecation Warning on line 2, column 18 of file:///Users/jonathonbyrdziak/Sites/sulla/sulla-desktop/pkg/rancher-desktop/pages/agent/SimpleHeader.vue:2:18:
Sass @import rules are deprecated and will be removed in Dart Sass 3.0.0.

More info and automated migrator: https://sass-lang.com/d/import

2 |           @import "@pkg/assets/styles/base/_variables.scss";


pkg/rancher-desktop/pages/agent/SimpleHeader.vue 3:19  root stylesheet


 warning  in ./pkg/rancher-desktop/pages/agent/SimpleHeader.vue?vue&type=style&index=0&id=06fa826f&lang=scss&scoped=true

Module Warning (from ./node_modules/sass-loader/dist/cjs.js):
Deprecation Warning on line 3, column 18 of file:///Users/jonathonbyrdziak/Sites/sulla/sulla-desktop/pkg/rancher-desktop/pages/agent/SimpleHeader.vue:3:18:
Sass @import rules are deprecated and will be removed in Dart Sass 3.0.0.

More info and automated migrator: https://sass-lang.com/d/import

3 |           @import "@pkg/assets/styles/base/_functions.scss";


pkg/rancher-desktop/pages/agent/SimpleHeader.vue 4:19  root stylesheet


 warning  in ./pkg/rancher-desktop/pages/agent/SimpleHeader.vue?vue&type=style&index=0&id=06fa826f&lang=scss&scoped=true

Module Warning (from ./node_modules/sass-loader/dist/cjs.js):
Deprecation Warning on line 4, column 18 of file:///Users/jonathonbyrdziak/Sites/sulla/sulla-desktop/pkg/rancher-desktop/pages/agent/SimpleHeader.vue:4:18:
Sass @import rules are deprecated and will be removed in Dart Sass 3.0.0.

More info and automated migrator: https://sass-lang.com/d/import

4 |           @import "@pkg/assets/styles/base/_mixins.scss";


pkg/rancher-desktop/pages/agent/SimpleHeader.vue 5:19  root stylesheet


 warning  in ./pkg/rancher-desktop/pages/agent/SimpleHeader.vue?vue&type=style&index=0&id=06fa826f&lang=scss&scoped=true

Module Warning (from ./node_modules/sass-loader/dist/cjs.js):
Deprecation Warning on line 22, column 12 of file:///Users/jonathonbyrdziak/Sites/sulla/sulla-desktop/pkg/rancher-desktop/assets/styles/base/_functions.scss:22:12:
The Sass if() syntax is deprecated in favor of the modern CSS syntax.

Suggestion: if(sass(math.abs($color-brightness - $light-text-brightness) > math.abs($color-brightness - $dark-text-brightness)): $light; else: $dark)

More info: https://sass-lang.com/d/if-function

22 |     @return if(math.abs($color-brightness - $light-text-brightness) > math.abs($color-brightness - $dark-text-brightness), $light, $dark);


pkg/rancher-desktop/assets/styles/base/_functions.scss 23:13  @import
pkg/rancher-desktop/pages/agent/SimpleHeader.vue 4:19         root stylesheet


 warning  in ./pkg/rancher-desktop/pages/containers/ContainerInfo.vue?vue&type=style&index=0&id=5d05750e&lang=scss&scoped=true

Module Warning (from ./node_modules/sass-loader/dist/cjs.js):
Deprecation Warning on line 2, column 18 of file:///Users/jonathonbyrdziak/Sites/sulla/sulla-desktop/pkg/rancher-desktop/pages/containers/ContainerInfo.vue:2:18:
Sass @import rules are deprecated and will be removed in Dart Sass 3.0.0.

More info and automated migrator: https://sass-lang.com/d/import

2 |           @import "@pkg/assets/styles/base/_variables.scss";


pkg/rancher-desktop/pages/containers/ContainerInfo.vue 3:19  root stylesheet


 warning  in ./pkg/rancher-desktop/pages/containers/ContainerInfo.vue?vue&type=style&index=0&id=5d05750e&lang=scss&scoped=true

Module Warning (from ./node_modules/sass-loader/dist/cjs.js):
Deprecation Warning on line 3, column 18 of file:///Users/jonathonbyrdziak/Sites/sulla/sulla-desktop/pkg/rancher-desktop/pages/containers/ContainerInfo.vue:3:18:
Sass @import rules are deprecated and will be removed in Dart Sass 3.0.0.

More info and automated migrator: https://sass-lang.com/d/import

3 |           @import "@pkg/assets/styles/base/_functions.scss";


pkg/rancher-desktop/pages/containers/ContainerInfo.vue 4:19  root stylesheet


 warning  in ./pkg/rancher-desktop/pages/containers/ContainerInfo.vue?vue&type=style&index=0&id=5d05750e&lang=scss&scoped=true

Module Warning (from ./node_modules/sass-loader/dist/cjs.js):
Deprecation Warning on line 4, column 18 of file:///Users/jonathonbyrdziak/Sites/sulla/sulla-desktop/pkg/rancher-desktop/pages/containers/ContainerInfo.vue:4:18:
Sass @import rules are deprecated and will be removed in Dart Sass 3.0.0.

More info and automated migrator: https://sass-lang.com/d/import

4 |           @import "@pkg/assets/styles/base/_mixins.scss";


pkg/rancher-desktop/pages/containers/ContainerInfo.vue 5:19  root stylesheet


 warning  in ./pkg/rancher-desktop/pages/containers/ContainerInfo.vue?vue&type=style&index=0&id=5d05750e&lang=scss&scoped=true

Module Warning (from ./node_modules/sass-loader/dist/cjs.js):
Deprecation Warning on line 22, column 12 of file:///Users/jonathonbyrdziak/Sites/sulla/sulla-desktop/pkg/rancher-desktop/assets/styles/base/_functions.scss:22:12:
The Sass if() syntax is deprecated in favor of the modern CSS syntax.

Suggestion: if(sass(math.abs($color-brightness - $light-text-brightness) > math.abs($color-brightness - $dark-text-brightness)): $light; else: $dark)

More info: https://sass-lang.com/d/if-function

22 |     @return if(math.abs($color-brightness - $light-text-brightness) > math.abs($color-brightness - $dark-text-brightness), $light, $dark);


pkg/rancher-desktop/assets/styles/base/_functions.scss 23:13  @import
pkg/rancher-desktop/pages/containers/ContainerInfo.vue 4:19   root stylesheet


 warning  in ./pkg/rancher-desktop/pages/extensions/_root/_src/_id.vue?vue&type=style&index=0&id=bd71cef8&lang=scss&scoped=true

Module Warning (from ./node_modules/sass-loader/dist/cjs.js):
Deprecation Warning on line 2, column 18 of file:///Users/jonathonbyrdziak/Sites/sulla/sulla-desktop/pkg/rancher-desktop/pages/extensions/_root/_src/_id.vue:2:18:
Sass @import rules are deprecated and will be removed in Dart Sass 3.0.0.

More info and automated migrator: https://sass-lang.com/d/import

2 |           @import "@pkg/assets/styles/base/_variables.scss";


pkg/rancher-desktop/pages/extensions/_root/_src/_id.vue 3:19  root stylesheet


 warning  in ./pkg/rancher-desktop/pages/extensions/_root/_src/_id.vue?vue&type=style&index=0&id=bd71cef8&lang=scss&scoped=true

Module Warning (from ./node_modules/sass-loader/dist/cjs.js):
Deprecation Warning on line 3, column 18 of file:///Users/jonathonbyrdziak/Sites/sulla/sulla-desktop/pkg/rancher-desktop/pages/extensions/_root/_src/_id.vue:3:18:
Sass @import rules are deprecated and will be removed in Dart Sass 3.0.0.

More info and automated migrator: https://sass-lang.com/d/import

3 |           @import "@pkg/assets/styles/base/_functions.scss";


pkg/rancher-desktop/pages/extensions/_root/_src/_id.vue 4:19  root stylesheet


 warning  in ./pkg/rancher-desktop/pages/extensions/_root/_src/_id.vue?vue&type=style&index=0&id=bd71cef8&lang=scss&scoped=true

Module Warning (from ./node_modules/sass-loader/dist/cjs.js):
Deprecation Warning on line 4, column 18 of file:///Users/jonathonbyrdziak/Sites/sulla/sulla-desktop/pkg/rancher-desktop/pages/extensions/_root/_src/_id.vue:4:18:
Sass @import rules are deprecated and will be removed in Dart Sass 3.0.0.

More info and automated migrator: https://sass-lang.com/d/import

4 |           @import "@pkg/assets/styles/base/_mixins.scss";


pkg/rancher-desktop/pages/extensions/_root/_src/_id.vue 5:19  root stylesheet


 warning  in ./pkg/rancher-desktop/pages/extensions/_root/_src/_id.vue?vue&type=style&index=0&id=bd71cef8&lang=scss&scoped=true

Module Warning (from ./node_modules/sass-loader/dist/cjs.js):
Deprecation Warning on line 22, column 12 of file:///Users/jonathonbyrdziak/Sites/sulla/sulla-desktop/pkg/rancher-desktop/assets/styles/base/_functions.scss:22:12:
The Sass if() syntax is deprecated in favor of the modern CSS syntax.

Suggestion: if(sass(math.abs($color-brightness - $light-text-brightness) > math.abs($color-brightness - $dark-text-brightness)): $light; else: $dark)

More info: https://sass-lang.com/d/if-function

22 |     @return if(math.abs($color-brightness - $light-text-brightness) > math.abs($color-brightness - $dark-text-brightness), $light, $dark);


pkg/rancher-desktop/assets/styles/base/_functions.scss 23:13  @import
pkg/rancher-desktop/pages/extensions/_root/_src/_id.vue 4:19  root stylesheet


 warning  in ./pkg/rancher-desktop/pages/images/add.vue?vue&type=style&index=0&id=1ae4fc39&lang=scss&scoped=true

Module Warning (from ./node_modules/sass-loader/dist/cjs.js):
Deprecation Warning on line 2, column 18 of file:///Users/jonathonbyrdziak/Sites/sulla/sulla-desktop/pkg/rancher-desktop/pages/images/add.vue:2:18:
Sass @import rules are deprecated and will be removed in Dart Sass 3.0.0.

More info and automated migrator: https://sass-lang.com/d/import

2 |           @import "@pkg/assets/styles/base/_variables.scss";


pkg/rancher-desktop/pages/images/add.vue 3:19  root stylesheet


 warning  in ./pkg/rancher-desktop/pages/images/add.vue?vue&type=style&index=0&id=1ae4fc39&lang=scss&scoped=true

Module Warning (from ./node_modules/sass-loader/dist/cjs.js):
Deprecation Warning on line 3, column 18 of file:///Users/jonathonbyrdziak/Sites/sulla/sulla-desktop/pkg/rancher-desktop/pages/images/add.vue:3:18:
Sass @import rules are deprecated and will be removed in Dart Sass 3.0.0.

More info and automated migrator: https://sass-lang.com/d/import

3 |           @import "@pkg/assets/styles/base/_functions.scss";


pkg/rancher-desktop/pages/images/add.vue 4:19  root stylesheet


 warning  in ./pkg/rancher-desktop/pages/images/add.vue?vue&type=style&index=0&id=1ae4fc39&lang=scss&scoped=true

Module Warning (from ./node_modules/sass-loader/dist/cjs.js):
Deprecation Warning on line 4, column 18 of file:///Users/jonathonbyrdziak/Sites/sulla/sulla-desktop/pkg/rancher-desktop/pages/images/add.vue:4:18:
Sass @import rules are deprecated and will be removed in Dart Sass 3.0.0.

More info and automated migrator: https://sass-lang.com/d/import

4 |           @import "@pkg/assets/styles/base/_mixins.scss";


pkg/rancher-desktop/pages/images/add.vue 5:19  root stylesheet


 warning  in ./pkg/rancher-desktop/pages/images/add.vue?vue&type=style&index=0&id=1ae4fc39&lang=scss&scoped=true

Module Warning (from ./node_modules/sass-loader/dist/cjs.js):
Deprecation Warning on line 22, column 12 of file:///Users/jonathonbyrdziak/Sites/sulla/sulla-desktop/pkg/rancher-desktop/assets/styles/base/_functions.scss:22:12:
The Sass if() syntax is deprecated in favor of the modern CSS syntax.

Suggestion: if(sass(math.abs($color-brightness - $light-text-brightness) > math.abs($color-brightness - $dark-text-brightness)): $light; else: $dark)

More info: https://sass-lang.com/d/if-function

22 |     @return if(math.abs($color-brightness - $light-text-brightness) > math.abs($color-brightness - $dark-text-brightness), $light, $dark);


pkg/rancher-desktop/assets/styles/base/_functions.scss 23:13  @import
pkg/rancher-desktop/pages/images/add.vue 4:19                 root stylesheet


 warning  in ./pkg/rancher-desktop/pages/images/scans/_image-name.vue?vue&type=style&index=0&id=36a1be02&lang=scss&scoped=true

Module Warning (from ./node_modules/sass-loader/dist/cjs.js):
Deprecation Warning on line 2, column 18 of file:///Users/jonathonbyrdziak/Sites/sulla/sulla-desktop/pkg/rancher-desktop/pages/images/scans/_image-name.vue:2:18:
Sass @import rules are deprecated and will be removed in Dart Sass 3.0.0.

More info and automated migrator: https://sass-lang.com/d/import

2 |           @import "@pkg/assets/styles/base/_variables.scss";


pkg/rancher-desktop/pages/images/scans/_image-name.vue 3:19  root stylesheet


 warning  in ./pkg/rancher-desktop/pages/images/scans/_image-name.vue?vue&type=style&index=0&id=36a1be02&lang=scss&scoped=true

Module Warning (from ./node_modules/sass-loader/dist/cjs.js):
Deprecation Warning on line 3, column 18 of file:///Users/jonathonbyrdziak/Sites/sulla/sulla-desktop/pkg/rancher-desktop/pages/images/scans/_image-name.vue:3:18:
Sass @import rules are deprecated and will be removed in Dart Sass 3.0.0.

More info and automated migrator: https://sass-lang.com/d/import

3 |           @import "@pkg/assets/styles/base/_functions.scss";


pkg/rancher-desktop/pages/images/scans/_image-name.vue 4:19  root stylesheet


 warning  in ./pkg/rancher-desktop/pages/images/scans/_image-name.vue?vue&type=style&index=0&id=36a1be02&lang=scss&scoped=true

Module Warning (from ./node_modules/sass-loader/dist/cjs.js):
Deprecation Warning on line 4, column 18 of file:///Users/jonathonbyrdziak/Sites/sulla/sulla-desktop/pkg/rancher-desktop/pages/images/scans/_image-name.vue:4:18:
Sass @import rules are deprecated and will be removed in Dart Sass 3.0.0.

More info and automated migrator: https://sass-lang.com/d/import

4 |           @import "@pkg/assets/styles/base/_mixins.scss";


pkg/rancher-desktop/pages/images/scans/_image-name.vue 5:19  root stylesheet


 warning  in ./pkg/rancher-desktop/pages/images/scans/_image-name.vue?vue&type=style&index=0&id=36a1be02&lang=scss&scoped=true

Module Warning (from ./node_modules/sass-loader/dist/cjs.js):
Deprecation Warning on line 22, column 12 of file:///Users/jonathonbyrdziak/Sites/sulla/sulla-desktop/pkg/rancher-desktop/assets/styles/base/_functions.scss:22:12:
The Sass if() syntax is deprecated in favor of the modern CSS syntax.

Suggestion: if(sass(math.abs($color-brightness - $light-text-brightness) > math.abs($color-brightness - $dark-text-brightness)): $light; else: $dark)

More info: https://sass-lang.com/d/if-function

22 |     @return if(math.abs($color-brightness - $light-text-brightness) > math.abs($color-brightness - $dark-text-brightness), $light, $dark);


pkg/rancher-desktop/assets/styles/base/_functions.scss 23:13  @import
pkg/rancher-desktop/pages/images/scans/_image-name.vue 4:19   root stylesheet


 warning  in ./pkg/rancher-desktop/pages/snapshots/create.vue?vue&type=style&index=0&id=32e93a4a&lang=scss&scoped=true

Module Warning (from ./node_modules/sass-loader/dist/cjs.js):
Deprecation Warning on line 2, column 18 of file:///Users/jonathonbyrdziak/Sites/sulla/sulla-desktop/pkg/rancher-desktop/pages/snapshots/create.vue:2:18:
Sass @import rules are deprecated and will be removed in Dart Sass 3.0.0.

More info and automated migrator: https://sass-lang.com/d/import

2 |           @import "@pkg/assets/styles/base/_variables.scss";


pkg/rancher-desktop/pages/snapshots/create.vue 3:19  root stylesheet


 warning  in ./pkg/rancher-desktop/pages/snapshots/create.vue?vue&type=style&index=0&id=32e93a4a&lang=scss&scoped=true

Module Warning (from ./node_modules/sass-loader/dist/cjs.js):
Deprecation Warning on line 3, column 18 of file:///Users/jonathonbyrdziak/Sites/sulla/sulla-desktop/pkg/rancher-desktop/pages/snapshots/create.vue:3:18:
Sass @import rules are deprecated and will be removed in Dart Sass 3.0.0.

More info and automated migrator: https://sass-lang.com/d/import

3 |           @import "@pkg/assets/styles/base/_functions.scss";


pkg/rancher-desktop/pages/snapshots/create.vue 4:19  root stylesheet


 warning  in ./pkg/rancher-desktop/pages/snapshots/create.vue?vue&type=style&index=0&id=32e93a4a&lang=scss&scoped=true

Module Warning (from ./node_modules/sass-loader/dist/cjs.js):
Deprecation Warning on line 4, column 18 of file:///Users/jonathonbyrdziak/Sites/sulla/sulla-desktop/pkg/rancher-desktop/pages/snapshots/create.vue:4:18:
Sass @import rules are deprecated and will be removed in Dart Sass 3.0.0.

More info and automated migrator: https://sass-lang.com/d/import

4 |           @import "@pkg/assets/styles/base/_mixins.scss";


pkg/rancher-desktop/pages/snapshots/create.vue 5:19  root stylesheet


 warning  in ./pkg/rancher-desktop/pages/snapshots/create.vue?vue&type=style&index=0&id=32e93a4a&lang=scss&scoped=true

Module Warning (from ./node_modules/sass-loader/dist/cjs.js):
Deprecation Warning on line 22, column 12 of file:///Users/jonathonbyrdziak/Sites/sulla/sulla-desktop/pkg/rancher-desktop/assets/styles/base/_functions.scss:22:12:
The Sass if() syntax is deprecated in favor of the modern CSS syntax.

Suggestion: if(sass(math.abs($color-brightness - $light-text-brightness) > math.abs($color-brightness - $dark-text-brightness)): $light; else: $dark)

More info: https://sass-lang.com/d/if-function

22 |     @return if(math.abs($color-brightness - $light-text-brightness) > math.abs($color-brightness - $dark-text-brightness), $light, $dark);


pkg/rancher-desktop/assets/styles/base/_functions.scss 23:13  @import
pkg/rancher-desktop/pages/snapshots/create.vue 4:19           root stylesheet


 warning  in ./pkg/rancher-desktop/pages/snapshots/dialog.vue?vue&type=style&index=0&id=33849592&lang=scss&scoped=true

Module Warning (from ./node_modules/sass-loader/dist/cjs.js):
Deprecation Warning on line 2, column 18 of file:///Users/jonathonbyrdziak/Sites/sulla/sulla-desktop/pkg/rancher-desktop/pages/snapshots/dialog.vue:2:18:
Sass @import rules are deprecated and will be removed in Dart Sass 3.0.0.

More info and automated migrator: https://sass-lang.com/d/import

2 |           @import "@pkg/assets/styles/base/_variables.scss";


pkg/rancher-desktop/pages/snapshots/dialog.vue 3:19  root stylesheet


 warning  in ./pkg/rancher-desktop/pages/snapshots/dialog.vue?vue&type=style&index=0&id=33849592&lang=scss&scoped=true

Module Warning (from ./node_modules/sass-loader/dist/cjs.js):
Deprecation Warning on line 3, column 18 of file:///Users/jonathonbyrdziak/Sites/sulla/sulla-desktop/pkg/rancher-desktop/pages/snapshots/dialog.vue:3:18:
Sass @import rules are deprecated and will be removed in Dart Sass 3.0.0.

More info and automated migrator: https://sass-lang.com/d/import

3 |           @import "@pkg/assets/styles/base/_functions.scss";


pkg/rancher-desktop/pages/snapshots/dialog.vue 4:19  root stylesheet


 warning  in ./pkg/rancher-desktop/pages/snapshots/dialog.vue?vue&type=style&index=0&id=33849592&lang=scss&scoped=true

Module Warning (from ./node_modules/sass-loader/dist/cjs.js):
Deprecation Warning on line 4, column 18 of file:///Users/jonathonbyrdziak/Sites/sulla/sulla-desktop/pkg/rancher-desktop/pages/snapshots/dialog.vue:4:18:
Sass @import rules are deprecated and will be removed in Dart Sass 3.0.0.

More info and automated migrator: https://sass-lang.com/d/import

4 |           @import "@pkg/assets/styles/base/_mixins.scss";


pkg/rancher-desktop/pages/snapshots/dialog.vue 5:19  root stylesheet


 warning  in ./pkg/rancher-desktop/pages/snapshots/dialog.vue?vue&type=style&index=0&id=33849592&lang=scss&scoped=true

Module Warning (from ./node_modules/sass-loader/dist/cjs.js):
Deprecation Warning on line 22, column 12 of file:///Users/jonathonbyrdziak/Sites/sulla/sulla-desktop/pkg/rancher-desktop/assets/styles/base/_functions.scss:22:12:
The Sass if() syntax is deprecated in favor of the modern CSS syntax.

Suggestion: if(sass(math.abs($color-brightness - $light-text-brightness) > math.abs($color-brightness - $dark-text-brightness)): $light; else: $dark)

More info: https://sass-lang.com/d/if-function

22 |     @return if(math.abs($color-brightness - $light-text-brightness) > math.abs($color-brightness - $dark-text-brightness), $light, $dark);


pkg/rancher-desktop/assets/styles/base/_functions.scss 23:13  @import
pkg/rancher-desktop/pages/snapshots/dialog.vue 4:19           root stylesheet


 warning  in ./pkg/rancher-desktop/pages/volumes/files/_name.vue?vue&type=style&index=0&id=7f7962d8&lang=scss&scoped=true

Module Warning (from ./node_modules/sass-loader/dist/cjs.js):
Deprecation Warning on line 2, column 18 of file:///Users/jonathonbyrdziak/Sites/sulla/sulla-desktop/pkg/rancher-desktop/pages/volumes/files/_name.vue:2:18:
Sass @import rules are deprecated and will be removed in Dart Sass 3.0.0.

More info and automated migrator: https://sass-lang.com/d/import

2 |           @import "@pkg/assets/styles/base/_variables.scss";


pkg/rancher-desktop/pages/volumes/files/_name.vue 3:19  root stylesheet


 warning  in ./pkg/rancher-desktop/pages/volumes/files/_name.vue?vue&type=style&index=0&id=7f7962d8&lang=scss&scoped=true

Module Warning (from ./node_modules/sass-loader/dist/cjs.js):
Deprecation Warning on line 3, column 18 of file:///Users/jonathonbyrdziak/Sites/sulla/sulla-desktop/pkg/rancher-desktop/pages/volumes/files/_name.vue:3:18:
Sass @import rules are deprecated and will be removed in Dart Sass 3.0.0.

More info and automated migrator: https://sass-lang.com/d/import

3 |           @import "@pkg/assets/styles/base/_functions.scss";


pkg/rancher-desktop/pages/volumes/files/_name.vue 4:19  root stylesheet


 warning  in ./pkg/rancher-desktop/pages/volumes/files/_name.vue?vue&type=style&index=0&id=7f7962d8&lang=scss&scoped=true

Module Warning (from ./node_modules/sass-loader/dist/cjs.js):
Deprecation Warning on line 4, column 18 of file:///Users/jonathonbyrdziak/Sites/sulla/sulla-desktop/pkg/rancher-desktop/pages/volumes/files/_name.vue:4:18:
Sass @import rules are deprecated and will be removed in Dart Sass 3.0.0.

More info and automated migrator: https://sass-lang.com/d/import

4 |           @import "@pkg/assets/styles/base/_mixins.scss";


pkg/rancher-desktop/pages/volumes/files/_name.vue 5:19  root stylesheet


 warning  in ./pkg/rancher-desktop/pages/volumes/files/_name.vue?vue&type=style&index=0&id=7f7962d8&lang=scss&scoped=true

Module Warning (from ./node_modules/sass-loader/dist/cjs.js):
Deprecation Warning on line 22, column 12 of file:///Users/jonathonbyrdziak/Sites/sulla/sulla-desktop/pkg/rancher-desktop/assets/styles/base/_functions.scss:22:12:
The Sass if() syntax is deprecated in favor of the modern CSS syntax.

Suggestion: if(sass(math.abs($color-brightness - $light-text-brightness) > math.abs($color-brightness - $dark-text-brightness)): $light; else: $dark)

More info: https://sass-lang.com/d/if-function

22 |     @return if(math.abs($color-brightness - $light-text-brightness) > math.abs($color-brightness - $dark-text-brightness), $light, $dark);


pkg/rancher-desktop/assets/styles/base/_functions.scss 23:13  @import
pkg/rancher-desktop/pages/volumes/files/_name.vue 4:19        root stylesheet


 warning  in ./pkg/rancher-desktop/assets/styles/app.scss?vue&type=style&index=0&lang=scss&external

Module Warning (from ./node_modules/sass-loader/dist/cjs.js):
Deprecation Warning on line 2, column 18 of file:///Users/jonathonbyrdziak/Sites/sulla/sulla-desktop/pkg/rancher-desktop/assets/styles/app.scss:2:18:
Sass @import rules are deprecated and will be removed in Dart Sass 3.0.0.

More info and automated migrator: https://sass-lang.com/d/import

2 |           @import "@pkg/assets/styles/base/_variables.scss";


pkg/rancher-desktop/assets/styles/app.scss 3:19  root stylesheet


 warning  in ./pkg/rancher-desktop/assets/styles/app.scss?vue&type=style&index=0&lang=scss&external

Module Warning (from ./node_modules/sass-loader/dist/cjs.js):
Deprecation Warning on line 3, column 18 of file:///Users/jonathonbyrdziak/Sites/sulla/sulla-desktop/pkg/rancher-desktop/assets/styles/app.scss:3:18:
Sass @import rules are deprecated and will be removed in Dart Sass 3.0.0.

More info and automated migrator: https://sass-lang.com/d/import

3 |           @import "@pkg/assets/styles/base/_functions.scss";


pkg/rancher-desktop/assets/styles/app.scss 4:19  root stylesheet


 warning  in ./pkg/rancher-desktop/assets/styles/app.scss?vue&type=style&index=0&lang=scss&external

Module Warning (from ./node_modules/sass-loader/dist/cjs.js):
Deprecation Warning on line 4, column 6 of file:///Users/jonathonbyrdziak/Sites/sulla/sulla-desktop/pkg/rancher-desktop/assets/styles/base/_functions.scss:4:6:
Global built-in functions are deprecated and will be removed in Dart Sass 3.0.0.
Use meta.type-of instead.

More info and automated migrator: https://sass-lang.com/d/import

4 |   @if type-of($color) == color {


pkg/rancher-desktop/assets/styles/base/_functions.scss 5:7    brightness()
pkg/rancher-desktop/assets/styles/base/_functions.scss 20:24  contrast-color()
pkg/rancher-desktop/assets/styles/themes/_light.scss 46:36    @import
pkg/rancher-desktop/assets/styles/app.scss 24:9               root stylesheet


 warning  in ./pkg/rancher-desktop/assets/styles/app.scss?vue&type=style&index=0&lang=scss&external

Module Warning (from ./node_modules/sass-loader/dist/cjs.js):
Deprecation Warning on line 4, column 18 of file:///Users/jonathonbyrdziak/Sites/sulla/sulla-desktop/pkg/rancher-desktop/assets/styles/app.scss:4:18:
Sass @import rules are deprecated and will be removed in Dart Sass 3.0.0.

More info and automated migrator: https://sass-lang.com/d/import

4 |           @import "@pkg/assets/styles/base/_mixins.scss";


pkg/rancher-desktop/assets/styles/app.scss 5:19  root stylesheet


 warning  in ./pkg/rancher-desktop/assets/styles/app.scss?vue&type=style&index=0&lang=scss&external

Module Warning (from ./node_modules/sass-loader/dist/cjs.js):
Deprecation Warning on line 5, column 21 of file:///Users/jonathonbyrdziak/Sites/sulla/sulla-desktop/pkg/rancher-desktop/assets/styles/base/_functions.scss:5:21:
Global built-in functions are deprecated and will be removed in Dart Sass 3.0.0.
Use color.red instead.

More info and automated migrator: https://sass-lang.com/d/import

5 |     @return math.div(red($color) * 0.299 + green($color) * 0.587 + blue($color) * 0.114, 255) * 100%;


pkg/rancher-desktop/assets/styles/base/_functions.scss 6:22   brightness()
pkg/rancher-desktop/assets/styles/base/_functions.scss 20:24  contrast-color()
pkg/rancher-desktop/assets/styles/themes/_light.scss 46:36    @import
pkg/rancher-desktop/assets/styles/app.scss 24:9               root stylesheet


 warning  in ./pkg/rancher-desktop/assets/styles/app.scss?vue&type=style&index=0&lang=scss&external

Module Warning (from ./node_modules/sass-loader/dist/cjs.js):
Deprecation Warning on line 5, column 21 of file:///Users/jonathonbyrdziak/Sites/sulla/sulla-desktop/pkg/rancher-desktop/assets/styles/base/_functions.scss:5:21:
red() is deprecated. Suggestion:

color.channel($color, "red", $space: rgb)

More info: https://sass-lang.com/d/color-functions

5 |     @return math.div(red($color) * 0.299 + green($color) * 0.587 + blue($color) * 0.114, 255) * 100%;


pkg/rancher-desktop/assets/styles/base/_functions.scss 6:22   brightness()
pkg/rancher-desktop/assets/styles/base/_functions.scss 20:24  contrast-color()
pkg/rancher-desktop/assets/styles/themes/_light.scss 46:36    @import
pkg/rancher-desktop/assets/styles/app.scss 24:9               root stylesheet


 warning  in ./pkg/rancher-desktop/assets/styles/app.scss?vue&type=style&index=0&lang=scss&external

Module Warning (from ./node_modules/sass-loader/dist/cjs.js):
Deprecation Warning on line 5, column 43 of file:///Users/jonathonbyrdziak/Sites/sulla/sulla-desktop/pkg/rancher-desktop/assets/styles/base/_functions.scss:5:43:
Global built-in functions are deprecated and will be removed in Dart Sass 3.0.0.
Use color.green instead.

More info and automated migrator: https://sass-lang.com/d/import

5 |     @return math.div(red($color) * 0.299 + green($color) * 0.587 + blue($color) * 0.114, 255) * 100%;


pkg/rancher-desktop/assets/styles/base/_functions.scss 6:44   brightness()
pkg/rancher-desktop/assets/styles/base/_functions.scss 20:24  contrast-color()
pkg/rancher-desktop/assets/styles/themes/_light.scss 46:36    @import
pkg/rancher-desktop/assets/styles/app.scss 24:9               root stylesheet


 warning  in ./pkg/rancher-desktop/assets/styles/app.scss?vue&type=style&index=0&lang=scss&external

Module Warning (from ./node_modules/sass-loader/dist/cjs.js):
Deprecation Warning on line 5, column 43 of file:///Users/jonathonbyrdziak/Sites/sulla/sulla-desktop/pkg/rancher-desktop/assets/styles/base/_functions.scss:5:43:
green() is deprecated. Suggestion:

color.channel($color, "green", $space: rgb)

More info: https://sass-lang.com/d/color-functions

5 |     @return math.div(red($color) * 0.299 + green($color) * 0.587 + blue($color) * 0.114, 255) * 100%;


pkg/rancher-desktop/assets/styles/base/_functions.scss 6:44   brightness()
pkg/rancher-desktop/assets/styles/base/_functions.scss 20:24  contrast-color()
pkg/rancher-desktop/assets/styles/themes/_light.scss 46:36    @import
pkg/rancher-desktop/assets/styles/app.scss 24:9               root stylesheet


 warning  in ./pkg/rancher-desktop/assets/styles/app.scss?vue&type=style&index=0&lang=scss&external

Module Warning (from ./node_modules/sass-loader/dist/cjs.js):
Deprecation Warning on line 5, column 67 of file:///Users/jonathonbyrdziak/Sites/sulla/sulla-desktop/pkg/rancher-desktop/assets/styles/base/_functions.scss:5:67:
Global built-in functions are deprecated and will be removed in Dart Sass 3.0.0.
Use color.blue instead.

More info and automated migrator: https://sass-lang.com/d/import

5 |     @return math.div(red($color) * 0.299 + green($color) * 0.587 + blue($color) * 0.114, 255) * 100%;


pkg/rancher-desktop/assets/styles/base/_functions.scss 6:68   brightness()
pkg/rancher-desktop/assets/styles/base/_functions.scss 20:24  contrast-color()
pkg/rancher-desktop/assets/styles/themes/_light.scss 46:36    @import
pkg/rancher-desktop/assets/styles/app.scss 24:9               root stylesheet


 warning  in ./pkg/rancher-desktop/assets/styles/app.scss?vue&type=style&index=0&lang=scss&external

Module Warning (from ./node_modules/sass-loader/dist/cjs.js):
Deprecation Warning on line 5, column 67 of file:///Users/jonathonbyrdziak/Sites/sulla/sulla-desktop/pkg/rancher-desktop/assets/styles/base/_functions.scss:5:67:
blue() is deprecated. Suggestion:

color.channel($color, "blue", $space: rgb)

More info: https://sass-lang.com/d/color-functions

5 |     @return math.div(red($color) * 0.299 + green($color) * 0.587 + blue($color) * 0.114, 255) * 100%;


pkg/rancher-desktop/assets/styles/base/_functions.scss 6:68   brightness()
pkg/rancher-desktop/assets/styles/base/_functions.scss 20:24  contrast-color()
pkg/rancher-desktop/assets/styles/themes/_light.scss 46:36    @import
pkg/rancher-desktop/assets/styles/app.scss 24:9               root stylesheet


 warning  in ./pkg/rancher-desktop/assets/styles/app.scss?vue&type=style&index=0&lang=scss&external

Module Warning (from ./node_modules/sass-loader/dist/cjs.js):
Deprecation Warning on line 6, column 8 of file:///Users/jonathonbyrdziak/Sites/sulla/sulla-desktop/pkg/rancher-desktop/assets/styles/app.scss:6:8:
Sass @import rules are deprecated and will be removed in Dart Sass 3.0.0.

More info and automated migrator: https://sass-lang.com/d/import

6 | @import "./vendor/normalize";


pkg/rancher-desktop/assets/styles/app.scss 7:9  root stylesheet


 warning  in ./pkg/rancher-desktop/assets/styles/app.scss?vue&type=style&index=0&lang=scss&external

Module Warning (from ./node_modules/sass-loader/dist/cjs.js):
Deprecation Warning on line 8, column 8 of file:///Users/jonathonbyrdziak/Sites/sulla/sulla-desktop/pkg/rancher-desktop/assets/styles/app.scss:8:8:
Sass @import rules are deprecated and will be removed in Dart Sass 3.0.0.

More info and automated migrator: https://sass-lang.com/d/import

8 | @import "./base/variables";


pkg/rancher-desktop/assets/styles/app.scss 9:9  root stylesheet


 warning  in ./pkg/rancher-desktop/assets/styles/app.scss?vue&type=style&index=0&lang=scss&external

Module Warning (from ./node_modules/sass-loader/dist/cjs.js):
Deprecation Warning on line 22, column 12 of file:///Users/jonathonbyrdziak/Sites/sulla/sulla-desktop/pkg/rancher-desktop/assets/styles/base/_functions.scss:22:12:
The Sass if() syntax is deprecated in favor of the modern CSS syntax.

Suggestion: if(sass(math.abs($color-brightness - $light-text-brightness) > math.abs($color-brightness - $dark-text-brightness)): $light; else: $dark)

More info: https://sass-lang.com/d/if-function

22 |     @return if(math.abs($color-brightness - $light-text-brightness) > math.abs($color-brightness - $dark-text-brightness), $light, $dark);


pkg/rancher-desktop/assets/styles/base/_functions.scss 23:13  @import
pkg/rancher-desktop/assets/styles/app.scss 4:19               root stylesheet


 warning  in ./pkg/rancher-desktop/assets/styles/app.scss?vue&type=style&index=0&lang=scss&external

Module Warning (from ./node_modules/sass-loader/dist/cjs.js):
Deprecation Warning on line 46, column 35 of file:///Users/jonathonbyrdziak/Sites/sulla/sulla-desktop/pkg/rancher-desktop/assets/styles/themes/_light.scss:46:35:
Global built-in functions are deprecated and will be removed in Dart Sass 3.0.0.
Use color.adjust instead.

More info and automated migrator: https://sass-lang.com/d/import

46 |   --primary-hover-bg           : #{darken($primary, 10%)};


pkg/rancher-desktop/assets/styles/themes/_light.scss 47:36  @import
pkg/rancher-desktop/assets/styles/app.scss 24:9             root stylesheet


 warning  in ./pkg/rancher-desktop/assets/styles/app.scss?vue&type=style&index=0&lang=scss&external

Module Warning (from ./node_modules/sass-loader/dist/cjs.js):
Deprecation Warning on line 46, column 35 of file:///Users/jonathonbyrdziak/Sites/sulla/sulla-desktop/pkg/rancher-desktop/assets/styles/themes/_light.scss:46:35:
darken() is deprecated. Suggestions:

color.scale($color, $lightness: -18.75%)
color.adjust($color, $lightness: -10%)

More info: https://sass-lang.com/d/color-functions

46 |   --primary-hover-bg           : #{darken($primary, 10%)};


pkg/rancher-desktop/assets/styles/themes/_light.scss 47:36  @import
pkg/rancher-desktop/assets/styles/app.scss 24:9             root stylesheet


 warning  in ./pkg/rancher-desktop/assets/styles/app.scss?vue&type=style&index=0&lang=scss&external

Module Warning (from ./node_modules/sass-loader/dist/cjs.js):
Deprecation Warning on line 47, column 35 of file:///Users/jonathonbyrdziak/Sites/sulla/sulla-desktop/pkg/rancher-desktop/assets/styles/themes/_light.scss:47:35:
saturate() is deprecated. Suggestions:

color.scale($color, $saturation: 20%)
color.adjust($color, $saturation: 20%)

More info: https://sass-lang.com/d/color-functions

47 |   --primary-hover-text         : #{saturate($lightest, 20%)};


pkg/rancher-desktop/assets/styles/themes/_light.scss 48:36  @import
pkg/rancher-desktop/assets/styles/app.scss 24:9             root stylesheet


 warning  in ./pkg/rancher-desktop/assets/styles/app.scss?vue&type=style&index=0&lang=scss&external

Module Warning (from ./node_modules/sass-loader/dist/cjs.js):
174 repetitive deprecation warnings omitted.
Run in verbose mode to see all warnings.

 warning  in ./node_modules/express/lib/view.js

Critical dependency: the request of a dependency is an expression

 warning  in ./node_modules/pg/lib/native/client.js

Module not found: Error: Can't resolve 'pg-native' in '/Users/jonathonbyrdziak/Sites/sulla/sulla-desktop/node_modules/pg/lib/native'

 warning  in ./pkg/rancher-desktop/pages/AgentIntegrations.vue?vue&type=script&setup=true&lang=ts

Module not found: Error: Can't resolve '@pkg/agent/integrations/activepieces' in '/Users/jonathonbyrdziak/Sites/sulla/sulla-desktop/pkg/rancher-desktop/pages'

 warning  in ./pkg/rancher-desktop/agent/index.ts

export 'LocalExtensionMetadata' (reexported as 'LocalExtensionMetadata') was not found in './services/ExtensionService' (possible exports: ExtensionService, getExtensionService)

 warning  

chunk chunk-common [mini-css-extract-plugin]
Conflicting order. Following module has been added:
 * css ./node_modules/@vue/cli-service/node_modules/css-loader/dist/cjs.js??clonedRuleSet-12.use[1]!./node_modules/@vue/cli-service/node_modules/vue-loader/dist/stylePostLoader.js!./node_modules/@vue/cli-service/node_modules/postcss-loader/dist/cjs.js??clonedRuleSet-12.use[2]!./node_modules/@vue/cli-service/node_modules/vue-loader/dist/index.js??ruleSet[0].use[0]!./pkg/rancher-desktop/pages/routines/CommandPrompt.vue?vue&type=style&index=0&id=27e3fdeb&scoped=true&lang=css
despite it was not able to fulfill desired ordering with these modules:
 * css ./node_modules/@vue/cli-service/node_modules/css-loader/dist/cjs.js??clonedRuleSet-12.use[1]!./node_modules/@vue/cli-service/node_modules/vue-loader/dist/stylePostLoader.js!./node_modules/@vue/cli-service/node_modules/postcss-loader/dist/cjs.js??clonedRuleSet-12.use[2]!./node_modules/@vue/cli-service/node_modules/vue-loader/dist/index.js??ruleSet[0].use[0]!./pkg/rancher-desktop/components/WindowDragLogo.vue?vue&type=style&index=0&id=0f977392&scoped=true&lang=css
   - couldn't fulfill desired order of chunk group(s) agent
   - while fulfilling desired order of chunk group(s) index

 warning  

chunk chunk-common [mini-css-extract-plugin]
Conflicting order. Following module has been added:
 * css ./node_modules/@vue/cli-service/node_modules/css-loader/dist/cjs.js??clonedRuleSet-12.use[1]!./node_modules/@vue/cli-service/node_modules/vue-loader/dist/stylePostLoader.js!./node_modules/@vue/cli-service/node_modules/postcss-loader/dist/cjs.js??clonedRuleSet-12.use[2]!./node_modules/@vue/cli-service/node_modules/vue-loader/dist/index.js??ruleSet[0].use[0]!./pkg/rancher-desktop/pages/routines/LoopFrameNode.vue?vue&type=style&index=0&id=206c4763&scoped=true&lang=css
despite it was not able to fulfill desired ordering with these modules:
 * css ./node_modules/@vue/cli-service/node_modules/css-loader/dist/cjs.js??clonedRuleSet-12.use[1]!./node_modules/@vue/cli-service/node_modules/vue-loader/dist/stylePostLoader.js!./node_modules/@vue/cli-service/node_modules/postcss-loader/dist/cjs.js??clonedRuleSet-12.use[2]!./node_modules/@vue/cli-service/node_modules/vue-loader/dist/index.js??ruleSet[0].use[0]!./pkg/rancher-desktop/components/WindowDragLogo.vue?vue&type=style&index=0&id=0f977392&scoped=true&lang=css
   - couldn't fulfill desired order of chunk group(s) agent
   - while fulfilling desired order of chunk group(s) index

 warning  

chunk chunk-common [mini-css-extract-plugin]
Conflicting order. Following module has been added:
 * css ./node_modules/@vue/cli-service/node_modules/css-loader/dist/cjs.js??clonedRuleSet-12.use[1]!./node_modules/@vue/cli-service/node_modules/vue-loader/dist/stylePostLoader.js!./node_modules/@vue/cli-service/node_modules/postcss-loader/dist/cjs.js??clonedRuleSet-12.use[2]!./node_modules/@vue/cli-service/node_modules/vue-loader/dist/index.js??ruleSet[0].use[0]!./pkg/rancher-desktop/pages/routines/NodeConfigPanel.vue?vue&type=style&index=0&id=32b1832c&scoped=true&lang=css
despite it was not able to fulfill desired ordering with these modules:
 * css ./node_modules/@vue/cli-service/node_modules/css-loader/dist/cjs.js??clonedRuleSet-12.use[1]!./node_modules/@vue/cli-service/node_modules/vue-loader/dist/stylePostLoader.js!./node_modules/@vue/cli-service/node_modules/postcss-loader/dist/cjs.js??clonedRuleSet-12.use[2]!./node_modules/@vue/cli-service/node_modules/vue-loader/dist/index.js??ruleSet[0].use[0]!./pkg/rancher-desktop/components/WindowDragLogo.vue?vue&type=style&index=0&id=0f977392&scoped=true&lang=css
   - couldn't fulfill desired order of chunk group(s) agent
   - while fulfilling desired order of chunk group(s) index

 warning  

chunk chunk-common [mini-css-extract-plugin]
Conflicting order. Following module has been added:
 * css ./node_modules/@vue/cli-service/node_modules/css-loader/dist/cjs.js??clonedRuleSet-12.use[1]!./node_modules/@vue/cli-service/node_modules/vue-loader/dist/stylePostLoader.js!./node_modules/@vue/cli-service/node_modules/postcss-loader/dist/cjs.js??clonedRuleSet-12.use[2]!./node_modules/@vue/cli-service/node_modules/vue-loader/dist/index.js??ruleSet[0].use[0]!./pkg/rancher-desktop/pages/routines/NodeDrawer.vue?vue&type=style&index=0&id=b9440a30&scoped=true&lang=css
despite it was not able to fulfill desired ordering with these modules:
 * css ./node_modules/@vue/cli-service/node_modules/css-loader/dist/cjs.js??clonedRuleSet-12.use[1]!./node_modules/@vue/cli-service/node_modules/vue-loader/dist/stylePostLoader.js!./node_modules/@vue/cli-service/node_modules/postcss-loader/dist/cjs.js??clonedRuleSet-12.use[2]!./node_modules/@vue/cli-service/node_modules/vue-loader/dist/index.js??ruleSet[0].use[0]!./pkg/rancher-desktop/components/WindowDragLogo.vue?vue&type=style&index=0&id=0f977392&scoped=true&lang=css
   - couldn't fulfill desired order of chunk group(s) agent
   - while fulfilling desired order of chunk group(s) index

 warning  

chunk chunk-common [mini-css-extract-plugin]
Conflicting order. Following module has been added:
 * css ./node_modules/@vue/cli-service/node_modules/css-loader/dist/cjs.js??clonedRuleSet-12.use[1]!./node_modules/@vue/cli-service/node_modules/vue-loader/dist/stylePostLoader.js!./node_modules/@vue/cli-service/node_modules/postcss-loader/dist/cjs.js??clonedRuleSet-12.use[2]!./node_modules/@vue/cli-service/node_modules/vue-loader/dist/index.js??ruleSet[0].use[0]!./pkg/rancher-desktop/pages/routines/NodeOutputPanel.vue?vue&type=style&index=0&id=a2f01bfa&scoped=true&lang=css
despite it was not able to fulfill desired ordering with these modules:
 * css ./node_modules/@vue/cli-service/node_modules/css-loader/dist/cjs.js??clonedRuleSet-12.use[1]!./node_modules/@vue/cli-service/node_modules/vue-loader/dist/stylePostLoader.js!./node_modules/@vue/cli-service/node_modules/postcss-loader/dist/cjs.js??clonedRuleSet-12.use[2]!./node_modules/@vue/cli-service/node_modules/vue-loader/dist/index.js??ruleSet[0].use[0]!./pkg/rancher-desktop/components/WindowDragLogo.vue?vue&type=style&index=0&id=0f977392&scoped=true&lang=css
   - couldn't fulfill desired order of chunk group(s) agent
   - while fulfilling desired order of chunk group(s) index

 warning  

chunk chunk-common [mini-css-extract-plugin]
Conflicting order. Following module has been added:
 * css ./node_modules/@vue/cli-service/node_modules/css-loader/dist/cjs.js??clonedRuleSet-12.use[1]!./node_modules/@vue/cli-service/node_modules/vue-loader/dist/stylePostLoader.js!./node_modules/@vue/cli-service/node_modules/postcss-loader/dist/cjs.js??clonedRuleSet-12.use[2]!./node_modules/@vue/cli-service/node_modules/vue-loader/dist/index.js??ruleSet[0].use[0]!./pkg/rancher-desktop/pages/routines/RoutineEdge.vue?vue&type=style&index=0&id=e00c324e&scoped=true&lang=css
despite it was not able to fulfill desired ordering with these modules:
 * css ./node_modules/@vue/cli-service/node_modules/css-loader/dist/cjs.js??clonedRuleSet-12.use[1]!./node_modules/@vue/cli-service/node_modules/vue-loader/dist/stylePostLoader.js!./node_modules/@vue/cli-service/node_modules/postcss-loader/dist/cjs.js??clonedRuleSet-12.use[2]!./node_modules/@vue/cli-service/node_modules/vue-loader/dist/index.js??ruleSet[0].use[0]!./pkg/rancher-desktop/components/WindowDragLogo.vue?vue&type=style&index=0&id=0f977392&scoped=true&lang=css
   - couldn't fulfill desired order of chunk group(s) agent
   - while fulfilling desired order of chunk group(s) index

 warning  

chunk chunk-common [mini-css-extract-plugin]
Conflicting order. Following module has been added:
 * css ./node_modules/@vue/cli-service/node_modules/css-loader/dist/cjs.js??clonedRuleSet-12.use[1]!./node_modules/@vue/cli-service/node_modules/vue-loader/dist/stylePostLoader.js!./node_modules/@vue/cli-service/node_modules/postcss-loader/dist/cjs.js??clonedRuleSet-12.use[2]!./node_modules/@vue/cli-service/node_modules/vue-loader/dist/index.js??ruleSet[0].use[0]!./pkg/rancher-desktop/pages/routines/RoutineNode.vue?vue&type=style&index=0&id=4c870866&scoped=true&lang=css
despite it was not able to fulfill desired ordering with these modules:
 * css ./node_modules/@vue/cli-service/node_modules/css-loader/dist/cjs.js??clonedRuleSet-12.use[1]!./node_modules/@vue/cli-service/node_modules/vue-loader/dist/stylePostLoader.js!./node_modules/@vue/cli-service/node_modules/postcss-loader/dist/cjs.js??clonedRuleSet-12.use[2]!./node_modules/@vue/cli-service/node_modules/vue-loader/dist/index.js??ruleSet[0].use[0]!./pkg/rancher-desktop/components/WindowDragLogo.vue?vue&type=style&index=0&id=0f977392&scoped=true&lang=css
   - couldn't fulfill desired order of chunk group(s) agent
   - while fulfilling desired order of chunk group(s) index

 warning  

chunk chunk-common [mini-css-extract-plugin]
Conflicting order. Following module has been added:
 * css ./node_modules/@vue/cli-service/node_modules/css-loader/dist/cjs.js??clonedRuleSet-12.use[1]!./node_modules/@vue/cli-service/node_modules/vue-loader/dist/stylePostLoader.js!./node_modules/@vue/cli-service/node_modules/postcss-loader/dist/cjs.js??clonedRuleSet-12.use[2]!./node_modules/@vue/cli-service/node_modules/vue-loader/dist/index.js??ruleSet[0].use[0]!./pkg/rancher-desktop/pages/routines/StickyNoteNode.vue?vue&type=style&index=0&id=5c973edc&scoped=true&lang=css
despite it was not able to fulfill desired ordering with these modules:
 * css ./node_modules/@vue/cli-service/node_modules/css-loader/dist/cjs.js??clonedRuleSet-12.use[1]!./node_modules/@vue/cli-service/node_modules/vue-loader/dist/stylePostLoader.js!./node_modules/@vue/cli-service/node_modules/postcss-loader/dist/cjs.js??clonedRuleSet-12.use[2]!./node_modules/@vue/cli-service/node_modules/vue-loader/dist/index.js??ruleSet[0].use[0]!./pkg/rancher-desktop/components/WindowDragLogo.vue?vue&type=style&index=0&id=0f977392&scoped=true&lang=css
   - couldn't fulfill desired order of chunk group(s) agent
   - while fulfilling desired order of chunk group(s) index

 warning  

chunk chunk-common [mini-css-extract-plugin]
Conflicting order. Following module has been added:
 * css ./node_modules/@vue/cli-service/node_modules/css-loader/dist/cjs.js??clonedRuleSet-12.use[1]!./node_modules/@vue/cli-service/node_modules/vue-loader/dist/stylePostLoader.js!./node_modules/@vue/cli-service/node_modules/postcss-loader/dist/cjs.js??clonedRuleSet-12.use[2]!./node_modules/@vue/cli-service/node_modules/vue-loader/dist/index.js??ruleSet[0].use[0]!./pkg/rancher-desktop/pages/AgentRoutines.vue?vue&type=style&index=0&id=6976f8da&scoped=true&lang=css
despite it was not able to fulfill desired ordering with these modules:
 * css ./node_modules/@vue/cli-service/node_modules/css-loader/dist/cjs.js??clonedRuleSet-12.use[1]!./node_modules/@vue/cli-service/node_modules/vue-loader/dist/stylePostLoader.js!./node_modules/@vue/cli-service/node_modules/postcss-loader/dist/cjs.js??clonedRuleSet-12.use[2]!./node_modules/@vue/cli-service/node_modules/vue-loader/dist/index.js??ruleSet[0].use[0]!./pkg/rancher-desktop/components/WindowDragLogo.vue?vue&type=style&index=0&id=0f977392&scoped=true&lang=css
   - couldn't fulfill desired order of chunk group(s) agent
   - while fulfilling desired order of chunk group(s) index

  File                                      Size             Gzipped

  dist/app/js/chunk-vendors.e7598589.js     7374.83 KiB      2163.16 KiB
  dist/app/ts.worker.bundle.js              6898.35 KiB      1474.93 KiB
  dist/app/js/1492.b78cc6b6.js              6609.74 KiB      1388.09 KiB
  dist/app/js/9147.e5caa2c0.js              1850.64 KiB      540.24 KiB
  dist/app/js/chunk-common.62146fbb.js      1416.58 KiB      406.44 KiB
  dist/app/css.worker.bundle.js             1051.91 KiB      239.41 KiB
  dist/app/js/4743.ef38a77f.js              763.29 KiB       152.18 KiB
  dist/app/html.worker.bundle.js            721.30 KiB       190.25 KiB
  dist/app/js/3554.bc190d6a.js              528.93 KiB       161.27 KiB
  dist/app/js/agent.dbcd5a8c.js             499.32 KiB       126.75 KiB
  dist/app/json.worker.bundle.js            419.35 KiB       124.64 KiB
  dist/app/js/6646.6570d541.js              418.50 KiB       97.54 KiB
  dist/app/js/index.8a8532d8.js             313.84 KiB       78.70 KiB
  dist/app/js/7618.429c1faa.js              289.63 KiB       88.21 KiB
  dist/app/editor.worker.bundle.js          280.11 KiB       85.36 KiB
  dist/app/js/5140.99c96e92.js              232.34 KiB       71.17 KiB
  dist/app/js/4278.9e0dc9e0.js              116.70 KiB       38.44 KiB
  dist/app/js/4136.cbde71e7.js              116.55 KiB       31.87 KiB
  dist/app/js/6697.4a75a432.js              104.54 KiB       22.76 KiB
  dist/app/js/capture-studio.23d4cb9e.js    101.49 KiB       29.27 KiB
  dist/app/js/6157.b7711787.js              100.58 KiB       19.61 KiB
  dist/app/js/side-panel.277fd76c.js        93.52 KiB        26.48 KiB
  dist/app/js/audio-settings.843054b2.js    65.30 KiB        18.08 KiB
  dist/app/js/lm-settings.3d7d3011.js       62.74 KiB        18.94 KiB
  dist/app/js/8321.58302260.js              56.08 KiB        16.57 KiB
  dist/app/js/8341.79f5015d.js              30.92 KiB        7.79 KiB
  dist/app/js/114.106b6887.js               28.85 KiB        7.63 KiB
  dist/app/js/4209.4fec7424.js              28.29 KiB        10.16 KiB
  dist/app/js/1210.62eb7d47.js              26.89 KiB        8.37 KiB
  dist/app/js/5988.83a9038e.js              25.55 KiB        9.18 KiB
  dist/app/js/updates.097572c8.js           24.96 KiB        8.74 KiB
  dist/app/js/4626.e4f5cdf8.js              22.90 KiB        6.34 KiB
  dist/app/js/8745.1a0b4db1.js              21.60 KiB        6.26 KiB
  dist/app/js/computer-use-settings.ded5    20.80 KiB        8.35 KiB
  43d3.js
  dist/app/js/1162.ca484d65.js              20.70 KiB        6.52 KiB
  dist/app/js/9095.49673b51.js              20.52 KiB        7.62 KiB
  dist/app/js/9464.c9c9088a.js              20.09 KiB        5.36 KiB
  dist/app/js/2824.ae7458c2.js              18.51 KiB        5.89 KiB
  dist/app/js/3042.85c6470b.js              18.15 KiB        4.36 KiB
  dist/app/js/1135.bdfe8413.js              16.87 KiB        4.35 KiB
  dist/app/js/6590.f38dc9f9.js              16.53 KiB        4.78 KiB
  dist/app/js/1166.022f8a74.js              16.28 KiB        5.31 KiB
  dist/app/js/5709.8b739eb7.js              16.07 KiB        5.90 KiB
  dist/app/js/2094.ca299eeb.js              15.98 KiB        4.11 KiB
  dist/app/js/3752.1523a489.js              15.70 KiB        3.52 KiB
  dist/app/js/4846.72a511ce.js              15.68 KiB        5.87 KiB
  dist/app/js/5323.942661e2.js              14.35 KiB        5.45 KiB
  dist/app/js/1420.d31c0f2e.js              13.82 KiB        5.23 KiB
  dist/app/js/2465.30c4f54f.js              13.49 KiB        5.17 KiB
  dist/app/js/3182.60fe1cab.js              13.14 KiB        4.41 KiB
  dist/app/js/2645.a093d1f9.js              13.11 KiB        4.65 KiB
  dist/app/js/first-run.2f4e0da5.js         12.17 KiB        5.55 KiB
  dist/app/js/558.69772f8f.js               11.51 KiB        4.25 KiB
  dist/app/js/7471.e670158d.js              11.15 KiB        3.79 KiB
  dist/app/js/5857.fd17e63d.js              11.02 KiB        2.93 KiB
  dist/app/js/7466.23a98db9.js              11.00 KiB        3.97 KiB
  dist/app/js/53.121ae63e.js                10.73 KiB        4.19 KiB
  dist/app/js/5583.f07bdafc.js              10.72 KiB        3.00 KiB
  dist/app/js/3297.c5233ae2.js              10.20 KiB        3.03 KiB
  dist/app/js/1914.91e73f03.js              10.04 KiB        3.76 KiB
  dist/app/js/1710.b96cc06a.js              10.01 KiB        2.47 KiB
  dist/app/js/5017.1d86b6f9.js              9.87 KiB         3.70 KiB
  dist/app/js/6163.677e27ec.js              9.70 KiB         3.84 KiB
  dist/app/js/8594.9350e56b.js              9.64 KiB         3.06 KiB
  dist/app/js/9150.25aab25e.js              9.41 KiB         3.53 KiB
  dist/app/js/6683.fbfd952c.js              9.01 KiB         2.23 KiB
  dist/app/js/946.b8627b20.js               8.84 KiB         2.37 KiB
  dist/app/js/1118.d35e2453.js              8.83 KiB         2.04 KiB
  dist/app/js/9278.9bc9e6da.js              8.73 KiB         3.68 KiB
  dist/app/js/251.f0262b57.js               8.63 KiB         2.91 KiB
  dist/app/js/6275.d12d8490.js              8.34 KiB         2.62 KiB
  dist/app/js/1560.ec6639c9.js              8.29 KiB         2.52 KiB
  dist/app/js/6134.ee0377f6.js              8.25 KiB         2.76 KiB
  dist/app/js/3509.992bf780.js              8.18 KiB         2.80 KiB
  dist/app/js/8909.f23ecb2f.js              8.07 KiB         2.90 KiB
  dist/app/js/7886.c471ae02.js              8.05 KiB         3.05 KiB
  dist/app/js/1164.a91087f5.js              7.96 KiB         3.13 KiB
  dist/app/js/6302.06b79aa8.js              7.83 KiB         2.04 KiB
  dist/app/js/742.d13a232f.js               7.74 KiB         2.46 KiB
  dist/app/js/7083.65f92a1f.js              7.73 KiB         2.91 KiB
  dist/app/js/198.5943402e.js               7.66 KiB         2.38 KiB
  dist/app/js/2398.dc101c65.js              7.41 KiB         2.70 KiB
  dist/app/js/8442.9daed923.js              7.39 KiB         2.96 KiB
  dist/app/js/5771.69767fce.js              7.38 KiB         3.02 KiB
  dist/app/js/6574.71dc2cb7.js              7.31 KiB         2.93 KiB
  dist/app/js/9820.d0f7c9e8.js              7.27 KiB         2.74 KiB
  dist/app/js/8334.1507aa99.js              7.21 KiB         2.21 KiB
  dist/app/js/6446.637da757.js              7.14 KiB         2.06 KiB
  dist/app/js/3702.e2276bca.js              7.04 KiB         3.17 KiB
  dist/app/js/5878.113f6485.js              7.00 KiB         1.99 KiB
  dist/app/js/8687.4eb320f3.js              7.00 KiB         2.78 KiB
  dist/app/js/2962.77215c04.js              6.97 KiB         2.60 KiB
  dist/app/js/7836.34fe71be.js              6.88 KiB         1.71 KiB
  dist/app/js/2040.e7d9dc1e.js              6.83 KiB         2.90 KiB
  dist/app/js/9659.4df7cafa.js              6.83 KiB         2.90 KiB
  dist/app/js/7657.51904c47.js              6.53 KiB         1.77 KiB
  dist/app/js/4781.fed7b785.js              6.43 KiB         2.59 KiB
  dist/app/js/6608.bde91b57.js              6.38 KiB         2.64 KiB
  dist/app/js/5550.0d0a210d.js              6.37 KiB         2.38 KiB
  dist/app/js/1888.2f66b9d8.js              6.25 KiB         1.72 KiB
  dist/app/js/3874.d2b42738.js              6.21 KiB         2.69 KiB
  dist/app/js/6441.1062f0b6.js              6.17 KiB         2.49 KiB
  dist/app/js/8382.e1662c00.js              6.07 KiB         1.91 KiB
  dist/app/js/5378.ca5a8046.js              5.98 KiB         2.33 KiB
  dist/app/js/969.8d81dc55.js               5.96 KiB         2.38 KiB
  dist/app/js/5187.7d944885.js              5.88 KiB         2.54 KiB
  dist/app/js/4263.9bb60374.js              5.87 KiB         2.35 KiB
  dist/app/js/3081.56d5a045.js              5.85 KiB         2.01 KiB
  dist/app/js/2586.f30be1fa.js              5.83 KiB         1.51 KiB
  dist/app/js/1740.87f70657.js              5.64 KiB         2.03 KiB
  dist/app/js/2458.b4cb7e3b.js              5.59 KiB         1.61 KiB
  dist/app/js/7677.0693b048.js              5.59 KiB         1.94 KiB
  dist/app/js/9173.0a1ad22d.js              5.58 KiB         1.50 KiB
  dist/app/js/6830.3753be6c.js              5.54 KiB         2.25 KiB
  dist/app/js/713.f42f2660.js               5.53 KiB         2.42 KiB
  dist/app/js/9684.30a90685.js              5.50 KiB         2.16 KiB
  dist/app/js/4164.bd684f3d.js              5.40 KiB         2.60 KiB
  dist/app/js/8741.8f2c112a.js              5.27 KiB         1.59 KiB
  dist/app/js/2917.996d7cd8.js              5.26 KiB         1.28 KiB
  dist/app/js/2278.6cb040c9.js              5.21 KiB         2.21 KiB
  dist/app/js/2658.2d2f0d14.js              5.18 KiB         1.49 KiB
  dist/app/js/6018.47882750.js              5.17 KiB         2.05 KiB
  dist/app/js/6563.e885d76e.js              5.09 KiB         1.78 KiB
  dist/app/js/6968.fffb9a96.js              5.09 KiB         1.77 KiB
  dist/app/js/4630.8bd5b373.js              5.04 KiB         2.07 KiB
  dist/app/js/325.2868e726.js               5.03 KiB         1.41 KiB
  dist/app/js/5966.27df5925.js              5.01 KiB         1.54 KiB
  dist/app/js/4333.3c13c05e.js              4.98 KiB         1.65 KiB
  dist/app/js/1741.c0d8e532.js              4.97 KiB         1.22 KiB
  dist/app/js/1073.382aa1fc.js              4.95 KiB         2.15 KiB
  dist/app/js/4285.1d82953c.js              4.94 KiB         1.24 KiB
  dist/app/js/8735.7a62c564.js              4.88 KiB         1.80 KiB
  dist/app/js/5786.0615d50c.js              4.79 KiB         1.92 KiB
  dist/app/js/5319.a519b248.js              4.78 KiB         1.40 KiB
  dist/app/js/6551.b249be71.js              4.71 KiB         1.66 KiB
  dist/app/js/970.ca0a2f94.js               4.70 KiB         1.63 KiB
  dist/app/js/5784.d54767cd.js              4.69 KiB         1.14 KiB
  dist/app/js/6252.0ad95e13.js              4.64 KiB         2.28 KiB
  dist/app/js/4409.db804757.js              4.60 KiB         2.01 KiB
  dist/app/js/3876.95e919a8.js              4.60 KiB         2.18 KiB
  dist/app/js/8881.58a61e77.js              4.58 KiB         1.07 KiB
  dist/app/js/7377.96a6e8d3.js              4.54 KiB         1.52 KiB
  dist/app/js/520.7c9ffadc.js               4.50 KiB         1.20 KiB
  dist/app/js/5298.07ac40e0.js              4.50 KiB         2.08 KiB
  dist/app/js/9476.f9a9c4b0.js              4.48 KiB         1.06 KiB
  dist/app/js/2827.2b2a4d0f.js              4.48 KiB         1.19 KiB
  dist/app/js/9715.13e2c724.js              4.43 KiB         1.12 KiB
  dist/app/js/8567.3d07fbf0.js              4.42 KiB         2.12 KiB
  dist/app/js/1468.7576de8b.js              4.41 KiB         1.83 KiB
  dist/app/js/9038.491f3cd4.js              4.41 KiB         1.71 KiB
  dist/app/js/4958.e207594f.js              4.40 KiB         1.37 KiB
  dist/app/js/5196.d52f7aef.js              4.35 KiB         1.79 KiB
  dist/app/js/3108.437edbce.js              4.30 KiB         2.08 KiB
  dist/app/js/5141.d061edde.js              4.25 KiB         1.15 KiB
  dist/app/js/8796.4a7f0d51.js              4.22 KiB         1.86 KiB
  dist/app/js/3774.3a18e1b0.js              4.20 KiB         1.53 KiB
  dist/app/js/6990.2f7a80f8.js              4.18 KiB         1.60 KiB
  dist/app/js/3721.68357bd8.js              4.17 KiB         1.90 KiB
  dist/app/js/8506.5e98eced.js              4.14 KiB         1.96 KiB
  dist/app/js/3062.23b67fdf.js              4.14 KiB         1.62 KiB
  dist/app/js/3096.81e6edcf.js              4.13 KiB         1.75 KiB
  dist/app/js/2587.55302b19.js              4.10 KiB         1.73 KiB
  dist/app/js/4680.3d1d8361.js              4.05 KiB         1.80 KiB
  dist/app/js/7549.5f5b2f64.js              3.93 KiB         1.79 KiB
  dist/app/js/5079.41da0394.js              3.91 KiB         1.20 KiB
  dist/app/js/4694.f6835eeb.js              3.87 KiB         1.85 KiB
  dist/app/js/7048.cdca6d9c.js              3.85 KiB         1.75 KiB
  dist/app/js/3227.62658a39.js              3.82 KiB         1.77 KiB
  dist/app/js/7246.4bd2399d.js              3.80 KiB         1.36 KiB
  dist/app/js/1122.f1837421.js              3.80 KiB         1.40 KiB
  dist/app/js/7607.7285f1e4.js              3.77 KiB         1.21 KiB
  dist/app/js/7189.e0bbb7db.js              3.73 KiB         1.76 KiB
  dist/app/js/7933.d6bae124.js              3.72 KiB         1.41 KiB
  dist/app/js/9390.ee5162b4.js              3.71 KiB         1.38 KiB
  dist/app/js/8345.3ebdd65a.js              3.66 KiB         1.42 KiB
  dist/app/js/9442.8ab9fa5f.js              3.65 KiB         1.50 KiB
  dist/app/js/3107.f00d2c61.js              3.63 KiB         1.71 KiB
  dist/app/js/9499.906ca294.js              3.63 KiB         1.69 KiB
  dist/app/js/2915.6662a112.js              3.56 KiB         1.68 KiB
  dist/app/js/1504.7a5e9f8e.js              3.54 KiB         1.71 KiB
  dist/app/js/7573.9b185eb2.js              3.54 KiB         1.70 KiB
  dist/app/js/8963.7bcb5bf1.js              3.54 KiB         1.71 KiB
  dist/app/js/5586.728cdb7d.js              3.50 KiB         1.51 KiB
  dist/app/js/9838.cbecffcb.js              3.50 KiB         1.48 KiB
  dist/app/js/968.01d98bf9.js               3.49 KiB         1.30 KiB
  dist/app/js/6414.df4c3d80.js              3.48 KiB         1.36 KiB
  dist/app/js/1720.f0a3673c.js              3.47 KiB         1.71 KiB
  dist/app/js/7351.2fbf5eed.js              3.46 KiB         1.46 KiB
  dist/app/js/8990.f10f8441.js              3.46 KiB         1.47 KiB
  dist/app/js/5214.ffb30144.js              3.43 KiB         1.50 KiB
  dist/app/js/4758.15502e9d.js              3.42 KiB         1.69 KiB
  dist/app/js/3894.789b85bf.js              3.41 KiB         1.68 KiB
  dist/app/js/546.971e604d.js               3.39 KiB         1.60 KiB
  dist/app/js/6233.bfb5fb67.js              3.35 KiB         1.67 KiB
  dist/app/js/6794.546df358.js              3.33 KiB         1.65 KiB
  dist/app/js/1774.3920e3f1.js              3.33 KiB         1.52 KiB
  dist/app/js/6104.89b8c8c7.js              3.32 KiB         1.66 KiB
  dist/app/js/8566.c28f4686.js              3.31 KiB         1.45 KiB
  dist/app/js/4607.101e1b11.js              3.30 KiB         1.62 KiB
  dist/app/js/494.f3749546.js               3.30 KiB         1.43 KiB
  dist/app/js/9779.04f86f6c.js              3.28 KiB         1.64 KiB
  dist/app/js/732.fc16216c.js               3.27 KiB         1.62 KiB
  dist/app/js/7966.c6c676e3.js              3.26 KiB         1.49 KiB
  dist/app/js/2739.028cc96a.js              3.26 KiB         1.62 KiB
  dist/app/js/8316.bf783bc0.js              3.26 KiB         1.60 KiB
  dist/app/js/2813.82e29bde.js              3.25 KiB         1.61 KiB
  dist/app/js/4470.46a834b8.js              3.25 KiB         1.61 KiB
  dist/app/js/9536.3f4fab9b.js              3.24 KiB         1.26 KiB
  dist/app/js/2505.77972322.js              3.24 KiB         1.61 KiB
  dist/app/js/9393.7fe70493.js              3.24 KiB         1.60 KiB
  dist/app/js/1393.56f7ddc0.js              3.23 KiB         1.62 KiB
  dist/app/js/933.5b6c5bd2.js               3.23 KiB         1.61 KiB
  dist/app/js/1254.90a73535.js              3.22 KiB         1.61 KiB
  dist/app/js/6925.bc6efbcf.js              3.22 KiB         1.60 KiB
  dist/app/js/125.ce6a084d.js               3.21 KiB         1.60 KiB
  dist/app/js/7744.93470a10.js              3.20 KiB         1.59 KiB
  dist/app/js/8617.7a9ec398.js              3.20 KiB         1.58 KiB
  dist/app/js/9933.183356b4.js              3.20 KiB         1.58 KiB
  dist/app/js/4097.0ead9005.js              3.19 KiB         1.58 KiB
  dist/app/js/1363.58257349.js              3.19 KiB         1.58 KiB
  dist/app/js/6459.6861b0ac.js              3.19 KiB         1.58 KiB
  dist/app/js/4698.b0051aca.js              3.18 KiB         1.36 KiB
  dist/app/js/5941.d2fdcdc3.js              3.17 KiB         1.58 KiB
  dist/app/js/5406.3f6e0252.js              3.17 KiB         1.58 KiB
  dist/app/js/5791.9f5be5cb.js              3.16 KiB         1.20 KiB
  dist/app/js/2021.8b0ee9a1.js              3.15 KiB         1.57 KiB
  dist/app/js/6213.9b550f9f.js              3.15 KiB         1.56 KiB
  dist/app/js/7200.35dd01a6.js              3.13 KiB         1.38 KiB
  dist/app/js/8128.4bed3d58.js              3.12 KiB         1.02 KiB
  dist/app/js/1416.e6f8aa42.js              3.12 KiB         1.25 KiB
  dist/app/js/5618.5981af3b.js              3.10 KiB         1.41 KiB
  dist/app/js/205.355e47f4.js               3.05 KiB         1.29 KiB
  dist/app/js/2746.b1eff74f.js              3.02 KiB         1.16 KiB
  dist/app/js/8455.58fd955d.js              3.01 KiB         1.14 KiB
  dist/app/js/5961.bec73b78.js              3.01 KiB         1.16 KiB
  dist/app/js/6696.54c3b17b.js              3.01 KiB         1.36 KiB
  dist/app/js/9034.04e4d568.js              2.99 KiB         1.20 KiB
  dist/app/js/4863.764ecae7.js              2.97 KiB         1.15 KiB
  dist/app/js/6940.2d034688.js              2.91 KiB         1.40 KiB
  dist/app/js/2244.6788ccd4.js              2.90 KiB         1.31 KiB
  dist/app/js/8965.5318c9c3.js              2.90 KiB         1.38 KiB
  dist/app/js/1069.1f6455ea.js              2.89 KiB         1.26 KiB
  dist/app/js/2920.ce1473df.js              2.87 KiB         1.34 KiB
  dist/app/js/1501.38d6fdb0.js              2.83 KiB         1.35 KiB
  dist/app/js/6930.7739594f.js              2.83 KiB         1.33 KiB
  dist/app/js/4120.263053d4.js              2.74 KiB         1.30 KiB
  dist/app/js/7389.2eb507b2.js              2.73 KiB         1.32 KiB
  dist/app/js/910.d8a46248.js               2.72 KiB         1.08 KiB
  dist/app/js/2646.56c8aeed.js              2.71 KiB         1.26 KiB
  dist/app/js/6188.4392b2b6.js              2.71 KiB         1.04 KiB
  dist/app/js/8710.eabaa95c.js              2.71 KiB         0.91 KiB
  dist/app/js/2679.258b1fb7.js              2.70 KiB         1.24 KiB
  dist/app/js/347.0e2916f3.js               2.70 KiB         1.07 KiB
  dist/app/js/8332.6f7bb519.js              2.69 KiB         1.20 KiB
  dist/app/js/3628.944c7416.js              2.68 KiB         0.88 KiB
  dist/app/js/4825.ee2c2326.js              2.65 KiB         1.23 KiB
  dist/app/js/7654.dfd225ff.js              2.64 KiB         1.29 KiB
  dist/app/js/753.8a7abe58.js               2.63 KiB         1.22 KiB
  dist/app/js/1438.278f0c3f.js              2.62 KiB         1.07 KiB
  dist/app/js/9877.fdd73fbc.js              2.59 KiB         1.19 KiB
  dist/app/js/5364.4ccbf0cc.js              2.58 KiB         1.14 KiB
  dist/app/js/1718.ade710ff.js              2.57 KiB         1.23 KiB
  dist/app/js/7344.6fc22253.js              2.56 KiB         1.23 KiB
  dist/app/js/557.181433ac.js               2.56 KiB         1.26 KiB
  dist/app/js/3981.efb43b79.js              2.54 KiB         1.23 KiB
  dist/app/js/2521.72c3d484.js              2.53 KiB         1.27 KiB
  dist/app/js/314.2ae6e171.js               2.52 KiB         0.75 KiB
  dist/app/js/398.62715849.js               2.51 KiB         1.08 KiB
  dist/app/js/9188.db6510cf.js              2.50 KiB         1.29 KiB
  dist/app/js/1293.d795ff9b.js              2.50 KiB         1.21 KiB
  dist/app/js/2053.dc539134.js              2.48 KiB         0.94 KiB
  dist/app/js/1282.8c73f30c.js              2.48 KiB         1.16 KiB
  dist/app/js/9510.88232422.js              2.47 KiB         0.97 KiB
  dist/app/js/2231.7bb2ed76.js              2.41 KiB         0.96 KiB
  dist/app/js/9078.222d5ea6.js              2.41 KiB         1.27 KiB
  dist/app/js/5130.f73af26a.js              2.37 KiB         0.93 KiB
  dist/app/js/2686.6b6d548d.js              2.33 KiB         1.06 KiB
  dist/app/js/7176.377ec263.js              2.33 KiB         1.13 KiB
  dist/app/js/3295.4db3ef8b.js              2.33 KiB         0.81 KiB
  dist/app/js/1639.94b0839d.js              2.32 KiB         0.86 KiB
  dist/app/js/5316.a608ca35.js              2.28 KiB         1.11 KiB
  dist/app/js/7405.d8f95876.js              2.27 KiB         1.17 KiB
  dist/app/js/9233.be964776.js              2.27 KiB         1.08 KiB
  dist/app/js/9294.0529a783.js              2.25 KiB         1.10 KiB
  dist/app/js/8902.963b67c9.js              2.20 KiB         1.03 KiB
  dist/app/js/6917.2b993a25.js              2.19 KiB         1.00 KiB
  dist/app/js/5851.8a2ae83c.js              2.17 KiB         1.21 KiB
  dist/app/js/5530.b9814232.js              2.16 KiB         1.05 KiB
  dist/app/js/1625.86273959.js              2.13 KiB         0.82 KiB
  dist/app/js/4334.095647de.js              2.12 KiB         0.96 KiB
  dist/app/js/5327.14966b79.js              2.10 KiB         1.08 KiB
  dist/app/js/6234.ad68b850.js              2.07 KiB         0.90 KiB
  dist/app/js/4114.62418608.js              2.06 KiB         0.92 KiB
  dist/app/js/739.2b6497ed.js               2.02 KiB         0.86 KiB
  dist/app/js/8447.4e0e3ca1.js              2.02 KiB         1.03 KiB
  dist/app/js/9333.4657ef0b.js              1.99 KiB         1.01 KiB
  dist/app/js/4486.bf45beba.js              1.99 KiB         0.97 KiB
  dist/app/js/6374.eed3e153.js              1.96 KiB         0.77 KiB
  dist/app/js/8230.8dee3838.js              1.94 KiB         0.91 KiB
  dist/app/js/5179.36aa7347.js              1.92 KiB         1.02 KiB
  dist/app/js/1795.3827d63f.js              1.91 KiB         0.88 KiB
  dist/app/js/2606.c7c929be.js              1.85 KiB         1.01 KiB
  dist/app/js/6790.a8c95111.js              1.85 KiB         0.85 KiB
  dist/app/js/8149.8947568c.js              1.84 KiB         1.05 KiB
  dist/app/js/3200.8392eeb6.js              1.82 KiB         0.89 KiB
  dist/app/js/2692.6a3659e2.js              1.81 KiB         0.68 KiB
  dist/app/js/2433.3bfd96d0.js              1.79 KiB         0.96 KiB
  dist/app/js/9628.8c523923.js              1.79 KiB         0.92 KiB
  dist/app/js/6185.5ac73f6b.js              1.79 KiB         0.87 KiB
  dist/app/js/66.bdf3a521.js                1.79 KiB         0.97 KiB
  dist/app/js/2674.29f54463.js              1.78 KiB         0.89 KiB
  dist/app/js/4962.38c41909.js              1.78 KiB         0.83 KiB
  dist/app/js/1915.c03afbaf.js              1.77 KiB         0.97 KiB
  dist/app/js/843.f501ed79.js               1.77 KiB         0.89 KiB
  dist/app/js/6634.82e51fef.js              1.76 KiB         0.93 KiB
  dist/app/js/3726.82f7679d.js              1.76 KiB         0.86 KiB
  dist/app/js/64.de20fca2.js                1.74 KiB         1.00 KiB
  dist/app/js/4871.50032eba.js              1.73 KiB         0.86 KiB
  dist/app/js/3802.1d62a4b4.js              1.71 KiB         0.82 KiB
  dist/app/js/8494.a0993ccd.js              1.71 KiB         0.82 KiB
  dist/app/js/3162.49d3e7ab.js              1.71 KiB         0.72 KiB
  dist/app/js/7063.6650e873.js              1.71 KiB         0.82 KiB
  dist/app/js/8954.8a47c68d.js              1.70 KiB         0.97 KiB
  dist/app/js/5453.cb1b0b3f.js              1.70 KiB         0.84 KiB
  dist/app/js/8176.b48a108c.js              1.69 KiB         0.84 KiB
  dist/app/js/6394.2340b32b.js              1.69 KiB         0.82 KiB
  dist/app/js/4022.c97803d5.js              1.69 KiB         0.86 KiB
  dist/app/js/605.d85a07f1.js               1.68 KiB         0.95 KiB
  dist/app/js/781.2588feff.js               1.68 KiB         0.85 KiB
  dist/app/js/4544.d3a1d86e.js              1.66 KiB         0.83 KiB
  dist/app/js/6763.c2b15500.js              1.66 KiB         0.94 KiB
  dist/app/js/8626.efe684ea.js              1.65 KiB         0.83 KiB
  dist/app/js/8390.a3d1ce8b.js              1.63 KiB         0.66 KiB
  dist/app/js/5380.0b87d8c4.js              1.63 KiB         0.94 KiB
  dist/app/js/4287.44847c73.js              1.61 KiB         0.92 KiB
  dist/app/js/9770.99518420.js              1.54 KiB         0.70 KiB
  dist/app/js/8325.66db1cc4.js              1.53 KiB         0.78 KiB
  dist/app/js/6256.a1819ea8.js              1.50 KiB         0.78 KiB
  dist/app/js/9093.53394390.js              1.48 KiB         0.76 KiB
  dist/app/js/7596.9ab36f5f.js              1.46 KiB         0.79 KiB
  dist/app/js/2241.23a17738.js              1.44 KiB         0.68 KiB
  dist/app/js/9336.d31543d6.js              1.43 KiB         0.71 KiB
  dist/app/js/143.0bf85140.js               1.39 KiB         0.70 KiB
  dist/app/js/1446.cda33df9.js              1.38 KiB         0.54 KiB
  dist/app/js/6855.4e1720f5.js              1.36 KiB         0.74 KiB
  dist/app/js/2625.00174d64.js              1.34 KiB         0.71 KiB
  dist/app/js/6566.ef0a5d7c.js              1.33 KiB         0.72 KiB
  dist/app/js/8407.9820b840.js              1.33 KiB         0.62 KiB
  dist/app/js/6881.6894f623.js              1.30 KiB         0.71 KiB
  dist/app/js/7221.f93cd615.js              1.29 KiB         0.71 KiB
  dist/app/js/9322.652d5df9.js              1.29 KiB         0.77 KiB
  dist/app/js/5412.61a546a7.js              1.29 KiB         0.73 KiB
  dist/app/js/1258.ddf4ab4e.js              1.29 KiB         0.74 KiB
  dist/app/js/1531.557a752d.js              1.29 KiB         0.77 KiB
  dist/app/js/6857.d2b91940.js              1.25 KiB         0.71 KiB
  dist/app/js/6863.3523be75.js              1.25 KiB         0.67 KiB
  dist/app/js/2096.2de13681.js              1.25 KiB         0.65 KiB
  dist/app/js/6955.2a2e0b65.js              1.18 KiB         0.67 KiB
  dist/app/js/1576.d8571941.js              1.17 KiB         0.67 KiB
  dist/app/js/1981.b07b8bad.js              1.13 KiB         0.61 KiB
  dist/app/js/817.1a33e434.js               1.12 KiB         0.67 KiB
  dist/app/js/7625.454c8cfb.js              1.11 KiB         0.65 KiB
  dist/app/js/8452.d0735b02.js              1.11 KiB         0.62 KiB
  dist/app/js/2502.6c63bd39.js              1.10 KiB         0.61 KiB
  dist/app/js/7291.f1c75641.js              1.08 KiB         0.66 KiB
  dist/app/js/3639.da0c3820.js              1.08 KiB         0.60 KiB
  dist/app/js/7341.3abe686e.js              1.07 KiB         0.52 KiB
  dist/app/js/8542.bedc9065.js              1.06 KiB         0.55 KiB
  dist/app/js/9608.4858a5f7.js              1.06 KiB         0.60 KiB
  dist/app/js/9754.49c11e5c.js              1.06 KiB         0.54 KiB
  dist/app/js/7734.60e943b0.js              1.06 KiB         0.63 KiB
  dist/app/js/6089.14285081.js              1.04 KiB         0.60 KiB
  dist/app/js/476.ed25bb6c.js               1.04 KiB         0.61 KiB
  dist/app/js/5662.85364daf.js              1.02 KiB         0.59 KiB
  dist/app/js/8738.fbaad2ff.js              1.02 KiB         0.60 KiB
  dist/app/js/1035.b712d093.js              1.01 KiB         0.60 KiB
  dist/app/js/1816.91139c42.js              1.01 KiB         0.57 KiB
  dist/app/js/3829.9c8cb7d6.js              0.98 KiB         0.59 KiB
  dist/app/js/715.31adbea9.js               0.97 KiB         0.59 KiB
  dist/app/js/2764.9a806718.js              0.96 KiB         0.58 KiB
  dist/app/js/8313.619948f2.js              0.96 KiB         0.57 KiB
  dist/app/js/8989.520caca8.js              0.96 KiB         0.56 KiB
  dist/app/js/8062.28cd6c71.js              0.96 KiB         0.56 KiB
  dist/app/js/9254.c64f36f5.js              0.95 KiB         0.57 KiB
  dist/app/js/2446.71d0641c.js              0.94 KiB         0.54 KiB
  dist/app/js/7301.c79c7f2c.js              0.94 KiB         0.57 KiB
  dist/app/js/6889.2cb38b6b.js              0.93 KiB         0.54 KiB
  dist/app/js/1762.5a999f3b.js              0.93 KiB         0.56 KiB
  dist/app/js/4268.03fd3f60.js              0.91 KiB         0.52 KiB
  dist/app/js/6051.49b4d02f.js              0.91 KiB         0.55 KiB
  dist/app/js/7912.0abf48d7.js              0.91 KiB         0.50 KiB
  dist/app/js/2665.f5563ae4.js              0.90 KiB         0.50 KiB
  dist/app/js/1117.1e280652.js              0.86 KiB         0.52 KiB
  dist/app/js/6510.2dce2602.js              0.85 KiB         0.50 KiB
  dist/app/js/4726.c1bdc43c.js              0.83 KiB         0.46 KiB
  dist/app/js/1837.0ef3a009.js              0.83 KiB         0.54 KiB
  dist/app/js/3622.d8222fd2.js              0.82 KiB         0.35 KiB
  dist/app/js/9269.664e140c.js              0.81 KiB         0.47 KiB
  dist/app/js/8116.203a0741.js              0.81 KiB         0.51 KiB
  dist/app/js/7888.17fec576.js              0.80 KiB         0.46 KiB
  dist/app/js/1409.30d96338.js              0.80 KiB         0.51 KiB
  dist/app/js/1083.1dc4da14.js              0.80 KiB         0.50 KiB
  dist/app/js/7649.b509ced4.js              0.79 KiB         0.52 KiB
  dist/app/js/8119.66d308e4.js              0.79 KiB         0.51 KiB
  dist/app/js/6194.ef0a63b3.js              0.77 KiB         0.47 KiB
  dist/app/js/7774.a7449598.js              0.73 KiB         0.45 KiB
  dist/app/js/1520.0c135a3b.js              0.72 KiB         0.46 KiB
  dist/app/js/2015.f4524864.js              0.70 KiB         0.43 KiB
  dist/app/js/2911.e10a080d.js              0.67 KiB         0.41 KiB
  dist/app/js/5801.4f4d9c5e.js              0.64 KiB         0.43 KiB
  dist/app/js/6541.c5a1f3cf.js              0.64 KiB         0.41 KiB
  dist/app/js/3334.4f1f997a.js              0.63 KiB         0.42 KiB
  dist/app/js/8971.b4335e09.js              0.61 KiB         0.41 KiB
  dist/app/js/6734.f156e86e.js              0.60 KiB         0.40 KiB
  dist/app/js/7038.5e7005f4.js              0.59 KiB         0.39 KiB
  dist/app/js/8.101a1024.js                 0.58 KiB         0.40 KiB
  dist/app/js/5369.4d758d97.js              0.58 KiB         0.39 KiB
  dist/app/js/7313.0452cdff.js              0.58 KiB         0.39 KiB
  dist/app/js/9871.250cb1b1.js              0.57 KiB         0.39 KiB
  dist/app/js/2031.5340effb.js              0.56 KiB         0.38 KiB
  dist/app/js/9973.45f03fa4.js              0.56 KiB         0.39 KiB
  dist/app/js/838.a391f104.js               0.56 KiB         0.39 KiB
  dist/app/js/7087.5d0aa73c.js              0.56 KiB         0.38 KiB
  dist/app/js/792.dc34b0db.js               0.55 KiB         0.37 KiB
  dist/app/js/1948.6a8435a5.js              0.55 KiB         0.39 KiB
  dist/app/js/3580.c1403d5a.js              0.54 KiB         0.37 KiB
  dist/app/js/2633.f76adeb3.js              0.53 KiB         0.37 KiB
  dist/app/js/3085.825b375e.js              0.52 KiB         0.36 KiB
  dist/app/js/6811.6745047c.js              0.52 KiB         0.38 KiB
  dist/app/js/9883.69c07be3.js              0.52 KiB         0.36 KiB
  dist/app/js/884.941d46b4.js               0.52 KiB         0.36 KiB
  dist/app/js/976.0540f7e7.js               0.52 KiB         0.36 KiB
  dist/app/js/1507.e4b8de78.js              0.52 KiB         0.36 KiB
  dist/app/js/4226.f273e6f7.js              0.51 KiB         0.37 KiB
  dist/app/js/1187.fcd01da8.js              0.51 KiB         0.35 KiB
  dist/app/js/2431.68d27bfc.js              0.51 KiB         0.35 KiB
  dist/app/js/5674.f64702bc.js              0.51 KiB         0.35 KiB
  dist/app/js/6469.9af742f4.js              0.50 KiB         0.35 KiB
  dist/app/js/5788.7b213a29.js              0.50 KiB         0.37 KiB
  dist/app/js/1978.1628f3ba.js              0.49 KiB         0.33 KiB
  dist/app/js/1902.012d1587.js              0.46 KiB         0.36 KiB
  dist/app/js/3088.5a5d7c82.js              0.46 KiB         0.34 KiB
  dist/app/css/chunk-common.b3320832.css    427.30 KiB       65.45 KiB
  dist/app/css/4278.57779d7a.css            239.74 KiB       38.02 KiB
  dist/app/css/chunk-vendors.a6211258.cs    175.27 KiB       28.32 KiB
  s
  dist/app/css/lm-settings.e40ff313.css     142.72 KiB       41.93 KiB
  dist/app/css/agent.84e41606.css           128.38 KiB       21.84 KiB
  dist/app/css/1409.b52898ce.css            116.64 KiB       38.32 KiB
  dist/app/css/1675.3583b2bf.css            115.67 KiB       38.08 KiB
  dist/app/css/index.96011996.css           102.41 KiB       14.59 KiB
  dist/app/css/capture-studio.374045e0.c    27.11 KiB        5.35 KiB
  ss
  dist/app/css/audio-settings.d0e42666.c    16.95 KiB        3.05 KiB
  ss
  dist/app/css/updates.3137faaf.css         6.20 KiB         1.75 KiB
  dist/app/css/side-panel.52aab76f.css      5.01 KiB         1.40 KiB
  dist/app/css/5583.cd49f05b.css            4.94 KiB         1.12 KiB
  dist/app/css/1135.94983b72.css            4.82 KiB         1.03 KiB
  dist/app/css/computer-use-settings.809    4.69 KiB         1.36 KiB
  3148e.css
  dist/app/css/3628.cf9b2333.css            4.69 KiB         1.41 KiB
  dist/app/css/5857.07e8ff92.css            3.10 KiB         0.78 KiB
  dist/app/css/4333.504a614f.css            2.86 KiB         0.78 KiB
  dist/app/css/8741.d1cc9e9b.css            2.73 KiB         0.73 KiB
  dist/app/css/7377.6403d76e.css            2.49 KiB         0.75 KiB
  dist/app/css/3081.86fd583a.css            1.92 KiB         0.62 KiB
  dist/app/css/8407.25ff83a4.css            1.92 KiB         0.56 KiB
  dist/app/css/3752.3012aa9b.css            1.88 KiB         0.63 KiB
  dist/app/css/6683.4609b696.css            1.77 KiB         0.62 KiB
  dist/app/css/7933.256c414e.css            1.69 KiB         0.62 KiB
  dist/app/css/742.8d6b2048.css             1.66 KiB         0.59 KiB
  dist/app/css/8735.25cd494f.css            1.51 KiB         0.46 KiB
  dist/app/css/7657.a0a7718e.css            1.46 KiB         0.53 KiB
  dist/app/css/9233.5b1b1863.css            1.23 KiB         0.49 KiB
  dist/app/css/6881.104d135a.css            0.86 KiB         0.37 KiB
  dist/app/css/6541.8c524c43.css            0.80 KiB         0.35 KiB
  dist/app/css/8971.4970d628.css            0.80 KiB         0.35 KiB
  dist/app/css/8.99ab93ef.css               0.78 KiB         0.34 KiB
  dist/app/css/8594.69423f37.css            0.09 KiB         0.10 KiB
  dist/app/css/6955.776575ad.css            0.08 KiB         0.10 KiB
  dist/app/css/9093.2af0e793.css            0.05 KiB         0.06 KiB

  Images and other types of assets omitted.
  Build at: 2026-07-25T04:57:21.964Z - Hash: f8eacda3c3bba94b - Time: 31135ms

 DONE  Build complete. The dist/app directory is ready to be deployed.
 INFO  Check out deployment instructions at https://cli.vuejs.org/guide/deployment.html
       
asset [1m[32mbrowserTabPreload.js[39m[22m 73.7 KiB [1m[33m[compared for emit][39m[22m [1m[32m[minimized][39m[22m (name: browserTabPreload)
asset [1m[32mpreload.js[39m[22m 11.8 KiB [1m[33m[compared for emit][39m[22m [1m[32m[minimized][39m[22m (name: preload)
orphan modules 98.9 KiB [1m[33m[orphan][39m[22m 6 modules
runtime modules 2.06 KiB 5 modules
built modules 106 KiB [1m[33m[built][39m[22m
  [1m./pkg/rancher-desktop/preload/index.ts + 4 modules[39m[22m 27.4 KiB [1m[31m[not cacheable][39m[22m [1m[33m[built][39m[22m [1m[33m[code generated][39m[22m
  [1m./pkg/rancher-desktop/window/browserTabPreload.ts + 3 modules[39m[22m 78.1 KiB [1m[31m[not cacheable][39m[22m [1m[33m[built][39m[22m [1m[33m[code generated][39m[22m
  [1mexternal "os"[39m[22m 42 bytes [1m[33m[built][39m[22m [1m[33m[code generated][39m[22m
webpack 5.100.2 compiled [1m[32msuccessfully[39m[22m in 2396 ms
assets by path [1m[32m*.js[39m[22m 3.37 MiB
  assets by chunk 522 KiB (id hint: vendors)
    asset [1m[32m3477.js[39m[22m 475 KiB [1m[32m[emitted][39m[22m [javascript module] [1m[32m[minimized][39m[22m (id hint: vendors) 1 related asset
    asset [1m[32m5752.js[39m[22m 47 KiB [1m[32m[emitted][39m[22m [javascript module] [1m[32m[minimized][39m[22m (id hint: vendors)
  + 296 assets
assets by path [1m[32m*.node[39m[22m 8.48 MiB
  asset [1m[32m33dfb0d5e749952e35055a58ba788ad2.node[39m[22m 2.8 MiB [1m[32m[emitted][39m[22m
  asset [1m[32mead1dc04c80be8c46db2ab75b96c4236.node[39m[22m 2.64 MiB [1m[32m[emitted][39m[22m
  asset [1m[32m8167c393a037439c59b91508d71c2fd5.node[39m[22m 1.55 MiB [1m[32m[emitted][39m[22m
  asset [1m[32m045fa0c5f6cc9d77037b01be6a2b117a.node[39m[22m 1.49 MiB [1m[32m[emitted][39m[22m
orphan modules 2.34 MiB [1m[33m[orphan][39m[22m 344 modules
runtime modules 7.19 KiB 11 modules
cacheable modules 5.85 MiB
  modules by path [1m./node_modules/[39m[22m 2.49 MiB
    javascript modules 2.49 MiB 455 modules
    json modules 3.07 KiB
      [1m./node_modules/@modelcontextprotocol/sdk/node_modules/ajv/dist/refs/json-schema...(truncated)[39m[22m 2.72 KiB [1m[33m[built][39m[22m [1m[33m[code generated][39m[22m
      [1m./node_modules/@modelcontextprotocol/sdk/node_modules/ajv/dist/refs/data.json[39m[22m 360 bytes [1m[33m[built][39m[22m [1m[33m[code generated][39m[22m
  modules by path [1m./pkg/rancher-desktop/[39m[22m 3.28 MiB 451 modules
  [1m./background.ts[39m[22m 86.2 KiB [1m[33m[built][39m[22m [1m[33m[code generated][39m[22m
+ 86 modules
webpack 5.100.2 compiled [1m[32msuccessfully[39m[22m in 27834 ms
[build-utils] Copied tray panel assets to dist/app/trayPanel/
[build-utils] Copied window assets to dist/app/assets/
Done in 66.14s.
