e2e/backend.e2e.spec.ts(23,19): error TS2322: Type 'import("/Users/jonathonbyrdziak/Sites/sulla/sulla-desktop/node_modules/playwright-core/types/types").Page' is not assignable to type 'import("/Users/jonathonbyrdziak/Sites/sulla/sulla-desktop/node_modules/@playwright/test/node_modules/playwright-core/types/types").Page'.
  The types returned by 'evaluateHandle(...)' are incompatible between these types.
    Type 'Promise<import("/Users/jonathonbyrdziak/Sites/sulla/sulla-desktop/node_modules/playwright-core/types/types").ElementHandle<any>>' is not assignable to type 'Promise<import("/Users/jonathonbyrdziak/Sites/sulla/sulla-desktop/node_modules/@playwright/test/node_modules/playwright-core/types/types").ElementHandle<any>>'.
      Type 'import("/Users/jonathonbyrdziak/Sites/sulla/sulla-desktop/node_modules/playwright-core/types/types").ElementHandle<any>' is not assignable to type 'import("/Users/jonathonbyrdziak/Sites/sulla/sulla-desktop/node_modules/@playwright/test/node_modules/playwright-core/types/types").ElementHandle<any>'.
        The types returned by '$(...)' are incompatible between these types.
          Type 'Promise<ElementHandleForTag<any> | null>' is not assignable to type 'Promise<ElementHandle<HTMLElement | SVGElement> | null>'.
            Type 'ElementHandleForTag<any> | null' is not assignable to type 'ElementHandle<HTMLElement | SVGElement> | null'.
              Type 'ElementHandleForTag<any>' is not assignable to type 'ElementHandle<HTMLElement | SVGElement>'.
                Types of property 'waitForSelector' are incompatible.
                  Type '{ <K extends keyof HTMLElementTagNameMap>(selector: K, options?: ElementHandleWaitForSelectorOptionsNotHidden | undefined): Promise<import("/Users/jonathonbyrdziak/Sites/sulla/sulla-desktop/node_modules/playwright-core/types/structs").ElementHandleForTag<...>>; (selector: string, options?: ElementHandleWaitForSelect...' is not assignable to type '{ <K extends keyof HTMLElementTagNameMap>(selector: K, options?: ElementHandleWaitForSelectorOptionsNotHidden | undefined): Promise<import("/Users/jonathonbyrdziak/Sites/sulla/sulla-desktop/node_modules/@playwright/test/node_modules/playwright-core/types/structs").ElementHandleForTag<...>>; (selector: string, option...'.
                    Types of parameters 'options' and 'options' are incompatible.
                      Type 'ElementHandleWaitForSelectorOptions' is not assignable to type 'ElementHandleWaitForSelectorOptionsNotHidden'.
                        Type 'ElementHandleWaitForSelectorOptions' is not assignable to type '{ state?: "visible" | "attached" | undefined; }'.
                          Types of property 'state' are incompatible.
                            Type '"detached" | "hidden" | "visible" | "attached" | undefined' is not assignable to type '"visible" | "attached" | undefined'.
                              Type '"detached"' is not assignable to type '"visible" | "attached" | undefined'.
e2e/containers.e2e.spec.ts(18,19): error TS2322: Type 'import("/Users/jonathonbyrdziak/Sites/sulla/sulla-desktop/node_modules/playwright-core/types/types").Page' is not assignable to type 'import("/Users/jonathonbyrdziak/Sites/sulla/sulla-desktop/node_modules/@playwright/test/node_modules/playwright-core/types/types").Page'.
  The types returned by 'evaluateHandle(...)' are incompatible between these types.
    Type 'Promise<import("/Users/jonathonbyrdziak/Sites/sulla/sulla-desktop/node_modules/playwright-core/types/types").ElementHandle<any>>' is not assignable to type 'Promise<import("/Users/jonathonbyrdziak/Sites/sulla/sulla-desktop/node_modules/@playwright/test/node_modules/playwright-core/types/types").ElementHandle<any>>'.
      Type 'import("/Users/jonathonbyrdziak/Sites/sulla/sulla-desktop/node_modules/playwright-core/types/types").ElementHandle<any>' is not assignable to type 'import("/Users/jonathonbyrdziak/Sites/sulla/sulla-desktop/node_modules/@playwright/test/node_modules/playwright-core/types/types").ElementHandle<any>'.
        The types returned by '$(...)' are incompatible between these types.
          Type 'Promise<ElementHandleForTag<any> | null>' is not assignable to type 'Promise<ElementHandle<HTMLElement | SVGElement> | null>'.
            Type 'ElementHandleForTag<any> | null' is not assignable to type 'ElementHandle<HTMLElement | SVGElement> | null'.
              Type 'ElementHandleForTag<any>' is not assignable to type 'ElementHandle<HTMLElement | SVGElement>'.
                Types of property 'waitForSelector' are incompatible.
                  Type '{ <K extends keyof HTMLElementTagNameMap>(selector: K, options?: ElementHandleWaitForSelectorOptionsNotHidden | undefined): Promise<import("/Users/jonathonbyrdziak/Sites/sulla/sulla-desktop/node_modules/playwright-core/types/structs").ElementHandleForTag<...>>; (selector: string, options?: ElementHandleWaitForSelect...' is not assignable to type '{ <K extends keyof HTMLElementTagNameMap>(selector: K, options?: ElementHandleWaitForSelectorOptionsNotHidden | undefined): Promise<import("/Users/jonathonbyrdziak/Sites/sulla/sulla-desktop/node_modules/@playwright/test/node_modules/playwright-core/types/structs").ElementHandleForTag<...>>; (selector: string, option...'.
                    Types of parameters 'options' and 'options' are incompatible.
                      Type 'ElementHandleWaitForSelectorOptions' is not assignable to type 'ElementHandleWaitForSelectorOptionsNotHidden'.
                        Type 'ElementHandleWaitForSelectorOptions' is not assignable to type '{ state?: "visible" | "attached" | undefined; }'.
                          Types of property 'state' are incompatible.
                            Type '"detached" | "hidden" | "visible" | "attached" | undefined' is not assignable to type '"visible" | "attached" | undefined'.
                              Type '"detached"' is not assignable to type '"visible" | "attached" | undefined'.
e2e/containers.e2e.spec.ts(193,11): error TS2454: Variable 'scrollTestContainerId' is used before being assigned.
e2e/containers.e2e.spec.ts(242,11): error TS2454: Variable 'longRunningContainerId' is used before being assigned.
e2e/credentials-server.e2e.spec.ts(224,19): error TS2322: Type 'import("/Users/jonathonbyrdziak/Sites/sulla/sulla-desktop/node_modules/playwright-core/types/types").Page' is not assignable to type 'import("/Users/jonathonbyrdziak/Sites/sulla/sulla-desktop/node_modules/@playwright/test/node_modules/playwright-core/types/types").Page'.
  The types returned by 'evaluateHandle(...)' are incompatible between these types.
    Type 'Promise<import("/Users/jonathonbyrdziak/Sites/sulla/sulla-desktop/node_modules/playwright-core/types/types").ElementHandle<any>>' is not assignable to type 'Promise<import("/Users/jonathonbyrdziak/Sites/sulla/sulla-desktop/node_modules/@playwright/test/node_modules/playwright-core/types/types").ElementHandle<any>>'.
      Type 'import("/Users/jonathonbyrdziak/Sites/sulla/sulla-desktop/node_modules/playwright-core/types/types").ElementHandle<any>' is not assignable to type 'import("/Users/jonathonbyrdziak/Sites/sulla/sulla-desktop/node_modules/@playwright/test/node_modules/playwright-core/types/types").ElementHandle<any>'.
        The types returned by '$(...)' are incompatible between these types.
          Type 'Promise<ElementHandleForTag<any> | null>' is not assignable to type 'Promise<ElementHandle<HTMLElement | SVGElement> | null>'.
            Type 'ElementHandleForTag<any> | null' is not assignable to type 'ElementHandle<HTMLElement | SVGElement> | null'.
              Type 'ElementHandleForTag<any>' is not assignable to type 'ElementHandle<HTMLElement | SVGElement>'.
                Types of property 'waitForSelector' are incompatible.
                  Type '{ <K extends keyof HTMLElementTagNameMap>(selector: K, options?: ElementHandleWaitForSelectorOptionsNotHidden | undefined): Promise<import("/Users/jonathonbyrdziak/Sites/sulla/sulla-desktop/node_modules/playwright-core/types/structs").ElementHandleForTag<...>>; (selector: string, options?: ElementHandleWaitForSelect...' is not assignable to type '{ <K extends keyof HTMLElementTagNameMap>(selector: K, options?: ElementHandleWaitForSelectorOptionsNotHidden | undefined): Promise<import("/Users/jonathonbyrdziak/Sites/sulla/sulla-desktop/node_modules/@playwright/test/node_modules/playwright-core/types/structs").ElementHandleForTag<...>>; (selector: string, option...'.
                    Types of parameters 'options' and 'options' are incompatible.
                      Type 'ElementHandleWaitForSelectorOptions' is not assignable to type 'ElementHandleWaitForSelectorOptionsNotHidden'.
                        Type 'ElementHandleWaitForSelectorOptions' is not assignable to type '{ state?: "visible" | "attached" | undefined; }'.
                          Types of property 'state' are incompatible.
                            Type '"detached" | "hidden" | "visible" | "attached" | undefined' is not assignable to type '"visible" | "attached" | undefined'.
                              Type '"detached"' is not assignable to type '"visible" | "attached" | undefined'.
e2e/extensions.e2e.spec.ts(64,11): error TS2322: Type 'import("/Users/jonathonbyrdziak/Sites/sulla/sulla-desktop/node_modules/playwright-core/types/types").Page' is not assignable to type 'import("/Users/jonathonbyrdziak/Sites/sulla/sulla-desktop/node_modules/@playwright/test/node_modules/playwright-core/types/types").Page'.
  The types returned by 'evaluateHandle(...)' are incompatible between these types.
    Type 'Promise<import("/Users/jonathonbyrdziak/Sites/sulla/sulla-desktop/node_modules/playwright-core/types/types").ElementHandle<any>>' is not assignable to type 'Promise<import("/Users/jonathonbyrdziak/Sites/sulla/sulla-desktop/node_modules/@playwright/test/node_modules/playwright-core/types/types").ElementHandle<any>>'.
      Type 'import("/Users/jonathonbyrdziak/Sites/sulla/sulla-desktop/node_modules/playwright-core/types/types").ElementHandle<any>' is not assignable to type 'import("/Users/jonathonbyrdziak/Sites/sulla/sulla-desktop/node_modules/@playwright/test/node_modules/playwright-core/types/types").ElementHandle<any>'.
        The types returned by '$(...)' are incompatible between these types.
          Type 'Promise<ElementHandleForTag<any> | null>' is not assignable to type 'Promise<ElementHandle<HTMLElement | SVGElement> | null>'.
            Type 'ElementHandleForTag<any> | null' is not assignable to type 'ElementHandle<HTMLElement | SVGElement> | null'.
              Type 'ElementHandleForTag<any>' is not assignable to type 'ElementHandle<HTMLElement | SVGElement>'.
                Types of property 'waitForSelector' are incompatible.
                  Type '{ <K extends keyof HTMLElementTagNameMap>(selector: K, options?: ElementHandleWaitForSelectorOptionsNotHidden | undefined): Promise<import("/Users/jonathonbyrdziak/Sites/sulla/sulla-desktop/node_modules/playwright-core/types/structs").ElementHandleForTag<...>>; (selector: string, options?: ElementHandleWaitForSelect...' is not assignable to type '{ <K extends keyof HTMLElementTagNameMap>(selector: K, options?: ElementHandleWaitForSelectorOptionsNotHidden | undefined): Promise<import("/Users/jonathonbyrdziak/Sites/sulla/sulla-desktop/node_modules/@playwright/test/node_modules/playwright-core/types/structs").ElementHandleForTag<...>>; (selector: string, option...'.
                    Types of parameters 'options' and 'options' are incompatible.
                      Type 'ElementHandleWaitForSelectorOptions' is not assignable to type 'ElementHandleWaitForSelectorOptionsNotHidden'.
                        Type 'ElementHandleWaitForSelectorOptions' is not assignable to type '{ state?: "visible" | "attached" | undefined; }'.
                          Types of property 'state' are incompatible.
                            Type '"detached" | "hidden" | "visible" | "attached" | undefined' is not assignable to type '"visible" | "attached" | undefined'.
                              Type '"detached"' is not assignable to type '"visible" | "attached" | undefined'.
e2e/pages/container-logs-page.ts(52,18): error TS2339: Property '__xtermTerminal' does not exist on type 'Element'.
e2e/pages/container-logs-page.ts(60,18): error TS2339: Property '__xtermTerminal' does not exist on type 'Element'.
e2e/pages/container-logs-page.ts(68,25): error TS2339: Property '__xtermTerminal' does not exist on type 'Element'.
e2e/rdctl.e2e.spec.ts(118,19): error TS2322: Type 'import("/Users/jonathonbyrdziak/Sites/sulla/sulla-desktop/node_modules/playwright-core/types/types").Page' is not assignable to type 'import("/Users/jonathonbyrdziak/Sites/sulla/sulla-desktop/node_modules/@playwright/test/node_modules/playwright-core/types/types").Page'.
  The types returned by 'evaluateHandle(...)' are incompatible between these types.
    Type 'Promise<import("/Users/jonathonbyrdziak/Sites/sulla/sulla-desktop/node_modules/playwright-core/types/types").ElementHandle<any>>' is not assignable to type 'Promise<import("/Users/jonathonbyrdziak/Sites/sulla/sulla-desktop/node_modules/@playwright/test/node_modules/playwright-core/types/types").ElementHandle<any>>'.
      Type 'import("/Users/jonathonbyrdziak/Sites/sulla/sulla-desktop/node_modules/playwright-core/types/types").ElementHandle<any>' is not assignable to type 'import("/Users/jonathonbyrdziak/Sites/sulla/sulla-desktop/node_modules/@playwright/test/node_modules/playwright-core/types/types").ElementHandle<any>'.
        The types returned by '$(...)' are incompatible between these types.
          Type 'Promise<ElementHandleForTag<any> | null>' is not assignable to type 'Promise<ElementHandle<HTMLElement | SVGElement> | null>'.
            Type 'ElementHandleForTag<any> | null' is not assignable to type 'ElementHandle<HTMLElement | SVGElement> | null'.
              Type 'ElementHandleForTag<any>' is not assignable to type 'ElementHandle<HTMLElement | SVGElement>'.
                Types of property 'waitForSelector' are incompatible.
                  Type '{ <K extends keyof HTMLElementTagNameMap>(selector: K, options?: ElementHandleWaitForSelectorOptionsNotHidden | undefined): Promise<import("/Users/jonathonbyrdziak/Sites/sulla/sulla-desktop/node_modules/playwright-core/types/structs").ElementHandleForTag<...>>; (selector: string, options?: ElementHandleWaitForSelect...' is not assignable to type '{ <K extends keyof HTMLElementTagNameMap>(selector: K, options?: ElementHandleWaitForSelectorOptionsNotHidden | undefined): Promise<import("/Users/jonathonbyrdziak/Sites/sulla/sulla-desktop/node_modules/@playwright/test/node_modules/playwright-core/types/structs").ElementHandleForTag<...>>; (selector: string, option...'.
                    Types of parameters 'options' and 'options' are incompatible.
                      Type 'ElementHandleWaitForSelectorOptions' is not assignable to type 'ElementHandleWaitForSelectorOptionsNotHidden'.
                        Type 'ElementHandleWaitForSelectorOptions' is not assignable to type '{ state?: "visible" | "attached" | undefined; }'.
                          Types of property 'state' are incompatible.
                            Type '"detached" | "hidden" | "visible" | "attached" | undefined' is not assignable to type '"visible" | "attached" | undefined'.
                              Type '"detached"' is not assignable to type '"visible" | "attached" | undefined'.
e2e/utils/TestUtils.ts(358,49): error TS2732: Cannot find module '../../package.json'. Consider using '--resolveJsonModule' to import module with '.json' extension.
e2e/utils/TestUtils.ts(404,24): error TS2739: Type 'Page' is missing the following properties from type 'Page': agent, clearConsoleMessages, clearPageErrors
e2e/volumes.e2e.spec.ts(16,19): error TS2322: Type 'import("/Users/jonathonbyrdziak/Sites/sulla/sulla-desktop/node_modules/playwright-core/types/types").Page' is not assignable to type 'import("/Users/jonathonbyrdziak/Sites/sulla/sulla-desktop/node_modules/@playwright/test/node_modules/playwright-core/types/types").Page'.
  The types returned by 'evaluateHandle(...)' are incompatible between these types.
    Type 'Promise<import("/Users/jonathonbyrdziak/Sites/sulla/sulla-desktop/node_modules/playwright-core/types/types").ElementHandle<any>>' is not assignable to type 'Promise<import("/Users/jonathonbyrdziak/Sites/sulla/sulla-desktop/node_modules/@playwright/test/node_modules/playwright-core/types/types").ElementHandle<any>>'.
      Type 'import("/Users/jonathonbyrdziak/Sites/sulla/sulla-desktop/node_modules/playwright-core/types/types").ElementHandle<any>' is not assignable to type 'import("/Users/jonathonbyrdziak/Sites/sulla/sulla-desktop/node_modules/@playwright/test/node_modules/playwright-core/types/types").ElementHandle<any>'.
        The types returned by '$(...)' are incompatible between these types.
          Type 'Promise<ElementHandleForTag<any> | null>' is not assignable to type 'Promise<ElementHandle<HTMLElement | SVGElement> | null>'.
            Type 'ElementHandleForTag<any> | null' is not assignable to type 'ElementHandle<HTMLElement | SVGElement> | null'.
              Type 'ElementHandleForTag<any>' is not assignable to type 'ElementHandle<HTMLElement | SVGElement>'.
                Types of property 'waitForSelector' are incompatible.
                  Type '{ <K extends keyof HTMLElementTagNameMap>(selector: K, options?: ElementHandleWaitForSelectorOptionsNotHidden | undefined): Promise<import("/Users/jonathonbyrdziak/Sites/sulla/sulla-desktop/node_modules/playwright-core/types/structs").ElementHandleForTag<...>>; (selector: string, options?: ElementHandleWaitForSelect...' is not assignable to type '{ <K extends keyof HTMLElementTagNameMap>(selector: K, options?: ElementHandleWaitForSelectorOptionsNotHidden | undefined): Promise<import("/Users/jonathonbyrdziak/Sites/sulla/sulla-desktop/node_modules/@playwright/test/node_modules/playwright-core/types/structs").ElementHandleForTag<...>>; (selector: string, option...'.
                    Types of parameters 'options' and 'options' are incompatible.
                      Type 'ElementHandleWaitForSelectorOptions' is not assignable to type 'ElementHandleWaitForSelectorOptionsNotHidden'.
                        Type 'ElementHandleWaitForSelectorOptions' is not assignable to type '{ state?: "visible" | "attached" | undefined; }'.
                          Types of property 'state' are incompatible.
                            Type '"detached" | "hidden" | "visible" | "attached" | undefined' is not assignable to type '"visible" | "attached" | undefined'.
                              Type '"detached"' is not assignable to type '"visible" | "attached" | undefined'.
node_modules/@jest/environment/build/index.d.ts(417,26): error TS2430: Interface 'JestImportMeta' incorrectly extends interface 'ImportMeta'.
  Types of property 'jest' are incompatible.
    Property 'genMockFromModule' is missing in type 'Jest' but required in type 'typeof jest'.
node_modules/@types/node/process.d.ts(1712,17): error TS2687: All declarations of 'noDeprecation' must have identical modifiers.
node_modules/@types/node/process.d.ts(1712,17): error TS2717: Subsequent property declarations must have the same type.  Property 'noDeprecation' must be of type 'boolean', but here has type 'boolean | undefined'.
node_modules/@vue/eslint-config-typescript/dist/index.d.mts(2,28): error TS2307: Cannot find module '@typescript-eslint/utils/ts-eslint' or its corresponding type declarations.
  There are types at '/Users/jonathonbyrdziak/Sites/sulla/sulla-desktop/node_modules/@typescript-eslint/utils/dist/ts-eslint/index.d.ts', but this result could not be resolved under your current 'moduleResolution' setting. Consider updating to 'node16', 'nodenext', or 'bundler'.
node_modules/electron/electron.d.ts(25995,5): error TS2687: All declarations of 'noDeprecation' must have identical modifiers.
node_modules/linkedom/types/dom/parser.d.ts(12,5): error TS2416: Property 'parseFromString' in type 'DOMParser' is not assignable to the same property in base type 'DOMParser'.
  Type '<MIME extends keyof { "text/html": HTMLDocument; "image/svg+xml": SVGDocument; "text/xml": XMLDocument; }>(markupLanguage: string, mimeType: MIME) => { ...; }[MIME]' is not assignable to type '(string: string, type: DOMParserSupportedType) => Document'.
    Type 'HTMLDocument | SVGDocument | XMLDocument' is not assignable to type 'Document'.
      Type 'HTMLDocument' is missing the following properties from type 'Document': URL, alinkColor, anchors, applets, and 192 more.
node_modules/linkedom/types/html/anchor-element.d.ts(4,14): error TS2420: Class 'import("/Users/jonathonbyrdziak/Sites/sulla/sulla-desktop/node_modules/linkedom/types/html/anchor-element").HTMLAnchorElement' incorrectly implements interface 'HTMLAnchorElement'.
  Type 'HTMLAnchorElement' is missing the following properties from type 'HTMLAnchorElement': charset, coords, hreflang, name, and 166 more.
node_modules/linkedom/types/html/area-element.d.ts(4,14): error TS2420: Class 'import("/Users/jonathonbyrdziak/Sites/sulla/sulla-desktop/node_modules/linkedom/types/html/area-element").HTMLAreaElement' incorrectly implements interface 'HTMLAreaElement'.
  Type 'HTMLElement' is missing the following properties from type 'HTMLAreaElement': alt, coords, download, noHref, and 166 more.
node_modules/linkedom/types/html/audio-element.d.ts(4,14): error TS2420: Class 'import("/Users/jonathonbyrdziak/Sites/sulla/sulla-desktop/node_modules/linkedom/types/html/audio-element").HTMLAudioElement' incorrectly implements interface 'HTMLAudioElement'.
  Type 'HTMLElement' is missing the following properties from type 'HTMLAudioElement': autoplay, buffered, controls, crossOrigin, and 194 more.
node_modules/linkedom/types/html/base-element.d.ts(4,14): error TS2420: Class 'import("/Users/jonathonbyrdziak/Sites/sulla/sulla-desktop/node_modules/linkedom/types/html/base-element").HTMLBaseElement' incorrectly implements interface 'HTMLBaseElement'.
  Type 'HTMLElement' is missing the following properties from type 'HTMLBaseElement': href, target, autocapitalize, autocorrect, and 147 more.
node_modules/linkedom/types/html/body-element.d.ts(4,14): error TS2420: Class 'import("/Users/jonathonbyrdziak/Sites/sulla/sulla-desktop/node_modules/linkedom/types/html/body-element").HTMLBodyElement' incorrectly implements interface 'HTMLBodyElement'.
  Type 'HTMLElement' is missing the following properties from type 'HTMLBodyElement': aLink, background, bgColor, link, and 171 more.
node_modules/linkedom/types/html/br-element.d.ts(4,14): error TS2420: Class 'import("/Users/jonathonbyrdziak/Sites/sulla/sulla-desktop/node_modules/linkedom/types/html/br-element").HTMLBRElement' incorrectly implements interface 'HTMLBRElement'.
  Type 'HTMLElement' is missing the following properties from type 'HTMLBRElement': clear, autocapitalize, autocorrect, inert, and 146 more.
node_modules/linkedom/types/html/button-element.d.ts(4,14): error TS2420: Class 'import("/Users/jonathonbyrdziak/Sites/sulla/sulla-desktop/node_modules/linkedom/types/html/button-element").HTMLButtonElement' incorrectly implements interface 'HTMLButtonElement'.
  Type 'HTMLButtonElement' is missing the following properties from type 'HTMLButtonElement': form, formAction, formEnctype, formMethod, and 161 more.
node_modules/linkedom/types/html/canvas-element.d.ts(4,14): error TS2420: Class 'import("/Users/jonathonbyrdziak/Sites/sulla/sulla-desktop/node_modules/linkedom/types/html/canvas-element").HTMLCanvasElement' incorrectly implements interface 'HTMLCanvasElement'.
  Type 'HTMLCanvasElement' is missing the following properties from type 'HTMLCanvasElement': captureStream, toBlob, transferControlToOffscreen, autocapitalize, and 148 more.
node_modules/linkedom/types/html/d-list-element.d.ts(4,14): error TS2420: Class 'import("/Users/jonathonbyrdziak/Sites/sulla/sulla-desktop/node_modules/linkedom/types/html/d-list-element").HTMLDListElement' incorrectly implements interface 'HTMLDListElement'.
  Type 'HTMLElement' is missing the following properties from type 'HTMLDListElement': compact, autocapitalize, autocorrect, inert, and 146 more.
node_modules/linkedom/types/html/data-element.d.ts(4,14): error TS2420: Class 'import("/Users/jonathonbyrdziak/Sites/sulla/sulla-desktop/node_modules/linkedom/types/html/data-element").HTMLDataElement' incorrectly implements interface 'HTMLDataElement'.
  Type 'HTMLElement' is missing the following properties from type 'HTMLDataElement': value, autocapitalize, autocorrect, inert, and 146 more.
node_modules/linkedom/types/html/data-list-element.d.ts(4,14): error TS2420: Class 'import("/Users/jonathonbyrdziak/Sites/sulla/sulla-desktop/node_modules/linkedom/types/html/data-list-element").HTMLDataListElement' incorrectly implements interface 'HTMLDataListElement'.
  Type 'HTMLElement' is missing the following properties from type 'HTMLDataListElement': options, autocapitalize, autocorrect, inert, and 146 more.
node_modules/linkedom/types/html/details-element.d.ts(4,14): error TS2420: Class 'import("/Users/jonathonbyrdziak/Sites/sulla/sulla-desktop/node_modules/linkedom/types/html/details-element").HTMLDetailsElement' incorrectly implements interface 'HTMLDetailsElement'.
  Type 'HTMLElement' is missing the following properties from type 'HTMLDetailsElement': name, open, autocapitalize, autocorrect, and 147 more.
node_modules/linkedom/types/html/directory-element.d.ts(4,14): error TS2420: Class 'import("/Users/jonathonbyrdziak/Sites/sulla/sulla-desktop/node_modules/linkedom/types/html/directory-element").HTMLDirectoryElement' incorrectly implements interface 'HTMLDirectoryElement'.
  Type 'HTMLElement' is missing the following properties from type 'HTMLDirectoryElement': compact, autocapitalize, autocorrect, inert, and 146 more.
node_modules/linkedom/types/html/div-element.d.ts(4,14): error TS2420: Class 'import("/Users/jonathonbyrdziak/Sites/sulla/sulla-desktop/node_modules/linkedom/types/html/div-element").HTMLDivElement' incorrectly implements interface 'HTMLDivElement'.
  Type 'HTMLElement' is missing the following properties from type 'HTMLDivElement': align, autocapitalize, autocorrect, inert, and 146 more.
node_modules/linkedom/types/html/document.d.ts(6,9): error TS2416: Property 'all' in type 'HTMLDocument' is not assignable to the same property in base type 'HTMLDocument'.
  Property 'namedItem' is missing in type 'NodeList' but required in type 'HTMLAllCollection'.
node_modules/linkedom/types/html/document.d.ts(15,9): error TS2416: Property 'title' in type 'HTMLDocument' is not assignable to the same property in base type 'HTMLDocument'.
  Type 'HTMLTitleElement' is not assignable to type 'string'.
node_modules/linkedom/types/html/document.d.ts(19,9): error TS2416: Property 'title' in type 'HTMLDocument' is not assignable to the same property in base type 'HTMLDocument'.
  Type 'HTMLTitleElement' is not assignable to type 'string'.
node_modules/linkedom/types/html/element.d.ts(4,14): error TS2420: Class 'import("/Users/jonathonbyrdziak/Sites/sulla/sulla-desktop/node_modules/linkedom/types/html/element").HTMLElement' incorrectly implements interface 'HTMLElement'.
  Type 'HTMLElement' is missing the following properties from type 'HTMLElement': autocapitalize, autocorrect, inert, offsetHeight, and 145 more.
node_modules/linkedom/types/html/embed-element.d.ts(4,14): error TS2420: Class 'import("/Users/jonathonbyrdziak/Sites/sulla/sulla-desktop/node_modules/linkedom/types/html/embed-element").HTMLEmbedElement' incorrectly implements interface 'HTMLEmbedElement'.
  Type 'HTMLElement' is missing the following properties from type 'HTMLEmbedElement': align, height, name, src, and 152 more.
node_modules/linkedom/types/html/field-set-element.d.ts(4,14): error TS2420: Class 'import("/Users/jonathonbyrdziak/Sites/sulla/sulla-desktop/node_modules/linkedom/types/html/field-set-element").HTMLFieldSetElement' incorrectly implements interface 'HTMLFieldSetElement'.
  Type 'HTMLElement' is missing the following properties from type 'HTMLFieldSetElement': disabled, elements, form, name, and 156 more.
node_modules/linkedom/types/html/font-element.d.ts(4,14): error TS2420: Class 'import("/Users/jonathonbyrdziak/Sites/sulla/sulla-desktop/node_modules/linkedom/types/html/font-element").HTMLFontElement' incorrectly implements interface 'HTMLFontElement'.
  Type 'HTMLElement' is missing the following properties from type 'HTMLFontElement': color, face, size, autocapitalize, and 148 more.
node_modules/linkedom/types/html/form-element.d.ts(4,14): error TS2420: Class 'import("/Users/jonathonbyrdziak/Sites/sulla/sulla-desktop/node_modules/linkedom/types/html/form-element").HTMLFormElement' incorrectly implements interface 'HTMLFormElement'.
  Type 'HTMLElement' is missing the following properties from type 'HTMLFormElement': acceptCharset, action, autocomplete, elements, and 164 more.
node_modules/linkedom/types/html/frame-element.d.ts(4,14): error TS2420: Class 'import("/Users/jonathonbyrdziak/Sites/sulla/sulla-desktop/node_modules/linkedom/types/html/frame-element").HTMLFrameElement' incorrectly implements interface 'HTMLFrameElement'.
  Type 'HTMLElement' is missing the following properties from type 'HTMLFrameElement': contentDocument, contentWindow, frameBorder, longDesc, and 155 more.
node_modules/linkedom/types/html/frame-set-element.d.ts(4,14): error TS2420: Class 'import("/Users/jonathonbyrdziak/Sites/sulla/sulla-desktop/node_modules/linkedom/types/html/frame-set-element").HTMLFrameSetElement' incorrectly implements interface 'HTMLFrameSetElement'.
  Type 'HTMLElement' is missing the following properties from type 'HTMLFrameSetElement': cols, rows, autocapitalize, autocorrect, and 167 more.
node_modules/linkedom/types/html/head-element.d.ts(4,14): error TS2420: Class 'import("/Users/jonathonbyrdziak/Sites/sulla/sulla-desktop/node_modules/linkedom/types/html/head-element").HTMLHeadElement' incorrectly implements interface 'HTMLHeadElement'.
  Type 'HTMLElement' is missing the following properties from type 'HTMLHeadElement': autocapitalize, autocorrect, inert, offsetHeight, and 145 more.
node_modules/linkedom/types/html/heading-element.d.ts(4,14): error TS2420: Class 'import("/Users/jonathonbyrdziak/Sites/sulla/sulla-desktop/node_modules/linkedom/types/html/heading-element").HTMLHeadingElement' incorrectly implements interface 'HTMLHeadingElement'.
  Type 'HTMLElement' is missing the following properties from type 'HTMLHeadingElement': align, autocapitalize, autocorrect, inert, and 146 more.
node_modules/linkedom/types/html/hr-element.d.ts(4,14): error TS2420: Class 'import("/Users/jonathonbyrdziak/Sites/sulla/sulla-desktop/node_modules/linkedom/types/html/hr-element").HTMLHRElement' incorrectly implements interface 'HTMLHRElement'.
  Type 'HTMLElement' is missing the following properties from type 'HTMLHRElement': align, color, noShade, size, and 150 more.
node_modules/linkedom/types/html/html-element.d.ts(4,14): error TS2420: Class 'import("/Users/jonathonbyrdziak/Sites/sulla/sulla-desktop/node_modules/linkedom/types/html/html-element").HTMLHtmlElement' incorrectly implements interface 'HTMLHtmlElement'.
  Type 'HTMLElement' is missing the following properties from type 'HTMLHtmlElement': version, autocapitalize, autocorrect, inert, and 146 more.
node_modules/linkedom/types/html/i-frame-element.d.ts(4,14): error TS2420: Class 'import("/Users/jonathonbyrdziak/Sites/sulla/sulla-desktop/node_modules/linkedom/types/html/i-frame-element").HTMLIFrameElement' incorrectly implements interface 'HTMLIFrameElement'.
  Type 'HTMLElement' is missing the following properties from type 'HTMLIFrameElement': align, allow, allowFullscreen, contentDocument, and 164 more.
node_modules/linkedom/types/html/image-element.d.ts(4,14): error TS2420: Class 'import("/Users/jonathonbyrdziak/Sites/sulla/sulla-desktop/node_modules/linkedom/types/html/image-element").HTMLImageElement' incorrectly implements interface 'HTMLImageElement'.
  Type 'HTMLImageElement' is missing the following properties from type 'HTMLImageElement': align, border, complete, crossOrigin, and 166 more.
node_modules/linkedom/types/html/input-element.d.ts(4,14): error TS2420: Class 'import("/Users/jonathonbyrdziak/Sites/sulla/sulla-desktop/node_modules/linkedom/types/html/input-element").HTMLInputElement' incorrectly implements interface 'HTMLInputElement'.
  Type 'HTMLInputElement' is missing the following properties from type 'HTMLInputElement': accept, align, alt, autocomplete, and 199 more.
node_modules/linkedom/types/html/label-element.d.ts(4,14): error TS2420: Class 'import("/Users/jonathonbyrdziak/Sites/sulla/sulla-desktop/node_modules/linkedom/types/html/label-element").HTMLLabelElement' incorrectly implements interface 'HTMLLabelElement'.
  Type 'HTMLElement' is missing the following properties from type 'HTMLLabelElement': control, form, htmlFor, autocapitalize, and 148 more.
node_modules/linkedom/types/html/legend-element.d.ts(4,14): error TS2420: Class 'import("/Users/jonathonbyrdziak/Sites/sulla/sulla-desktop/node_modules/linkedom/types/html/legend-element").HTMLLegendElement' incorrectly implements interface 'HTMLLegendElement'.
  Type 'HTMLElement' is missing the following properties from type 'HTMLLegendElement': align, form, autocapitalize, autocorrect, and 147 more.
node_modules/linkedom/types/html/li-element.d.ts(4,14): error TS2420: Class 'import("/Users/jonathonbyrdziak/Sites/sulla/sulla-desktop/node_modules/linkedom/types/html/li-element").HTMLLIElement' incorrectly implements interface 'HTMLLIElement'.
  Type 'HTMLElement' is missing the following properties from type 'HTMLLIElement': type, value, autocapitalize, autocorrect, and 147 more.
node_modules/linkedom/types/html/link-element.d.ts(4,14): error TS2420: Class 'import("/Users/jonathonbyrdziak/Sites/sulla/sulla-desktop/node_modules/linkedom/types/html/link-element").HTMLLinkElement' incorrectly implements interface 'HTMLLinkElement'.
  Type 'HTMLLinkElement' is missing the following properties from type 'HTMLLinkElement': as, blocking, charset, crossOrigin, and 159 more.
node_modules/linkedom/types/html/map-element.d.ts(4,14): error TS2420: Class 'import("/Users/jonathonbyrdziak/Sites/sulla/sulla-desktop/node_modules/linkedom/types/html/map-element").HTMLMapElement' incorrectly implements interface 'HTMLMapElement'.
  Type 'HTMLElement' is missing the following properties from type 'HTMLMapElement': areas, name, autocapitalize, autocorrect, and 147 more.
node_modules/linkedom/types/html/marquee-element.d.ts(4,14): error TS2420: Class 'import("/Users/jonathonbyrdziak/Sites/sulla/sulla-desktop/node_modules/linkedom/types/html/marquee-element").HTMLMarqueeElement' incorrectly implements interface 'HTMLMarqueeElement'.
  Type 'HTMLElement' is missing the following properties from type 'HTMLMarqueeElement': behavior, bgColor, direction, height, and 158 more.
node_modules/linkedom/types/html/media-element.d.ts(4,14): error TS2420: Class 'import("/Users/jonathonbyrdziak/Sites/sulla/sulla-desktop/node_modules/linkedom/types/html/media-element").HTMLMediaElement' incorrectly implements interface 'HTMLMediaElement'.
  Type 'HTMLElement' is missing the following properties from type 'HTMLMediaElement': autoplay, buffered, controls, crossOrigin, and 194 more.
node_modules/linkedom/types/html/menu-element.d.ts(4,14): error TS2420: Class 'import("/Users/jonathonbyrdziak/Sites/sulla/sulla-desktop/node_modules/linkedom/types/html/menu-element").HTMLMenuElement' incorrectly implements interface 'HTMLMenuElement'.
  Type 'HTMLElement' is missing the following properties from type 'HTMLMenuElement': compact, autocapitalize, autocorrect, inert, and 146 more.
node_modules/linkedom/types/html/meta-element.d.ts(4,14): error TS2420: Class 'import("/Users/jonathonbyrdziak/Sites/sulla/sulla-desktop/node_modules/linkedom/types/html/meta-element").HTMLMetaElement' incorrectly implements interface 'HTMLMetaElement'.
  Type 'HTMLElement' is missing the following properties from type 'HTMLMetaElement': content, httpEquiv, media, name, and 150 more.
node_modules/linkedom/types/html/meter-element.d.ts(4,14): error TS2420: Class 'import("/Users/jonathonbyrdziak/Sites/sulla/sulla-desktop/node_modules/linkedom/types/html/meter-element").HTMLMeterElement' incorrectly implements interface 'HTMLMeterElement'.
  Type 'HTMLElement' is missing the following properties from type 'HTMLMeterElement': high, labels, low, max, and 152 more.
node_modules/linkedom/types/html/mod-element.d.ts(4,14): error TS2420: Class 'import("/Users/jonathonbyrdziak/Sites/sulla/sulla-desktop/node_modules/linkedom/types/html/mod-element").HTMLModElement' incorrectly implements interface 'HTMLModElement'.
  Type 'HTMLElement' is missing the following properties from type 'HTMLModElement': cite, dateTime, autocapitalize, autocorrect, and 147 more.
node_modules/linkedom/types/html/o-list-element.d.ts(4,14): error TS2420: Class 'import("/Users/jonathonbyrdziak/Sites/sulla/sulla-desktop/node_modules/linkedom/types/html/o-list-element").HTMLOListElement' incorrectly implements interface 'HTMLOListElement'.
  Type 'HTMLElement' is missing the following properties from type 'HTMLOListElement': compact, reversed, start, type, and 149 more.
node_modules/linkedom/types/html/object-element.d.ts(4,14): error TS2420: Class 'import("/Users/jonathonbyrdziak/Sites/sulla/sulla-desktop/node_modules/linkedom/types/html/object-element").HTMLObjectElement' incorrectly implements interface 'HTMLObjectElement'.
  Type 'HTMLElement' is missing the following properties from type 'HTMLObjectElement': align, archive, border, code, and 171 more.
node_modules/linkedom/types/html/opt-group-element.d.ts(4,14): error TS2420: Class 'import("/Users/jonathonbyrdziak/Sites/sulla/sulla-desktop/node_modules/linkedom/types/html/opt-group-element").HTMLOptGroupElement' incorrectly implements interface 'HTMLOptGroupElement'.
  Type 'HTMLElement' is missing the following properties from type 'HTMLOptGroupElement': disabled, label, autocapitalize, autocorrect, and 147 more.
node_modules/linkedom/types/html/option-element.d.ts(4,14): error TS2420: Class 'import("/Users/jonathonbyrdziak/Sites/sulla/sulla-desktop/node_modules/linkedom/types/html/option-element").HTMLOptionElement' incorrectly implements interface 'HTMLOptionElement'.
  Type 'HTMLElement' is missing the following properties from type 'HTMLOptionElement': defaultSelected, disabled, form, index, and 153 more.
node_modules/linkedom/types/html/output-element.d.ts(4,14): error TS2420: Class 'import("/Users/jonathonbyrdziak/Sites/sulla/sulla-desktop/node_modules/linkedom/types/html/output-element").HTMLOutputElement' incorrectly implements interface 'HTMLOutputElement'.
  Type 'HTMLElement' is missing the following properties from type 'HTMLOutputElement': defaultValue, form, htmlFor, labels, and 158 more.
node_modules/linkedom/types/html/paragraph-element.d.ts(4,14): error TS2420: Class 'import("/Users/jonathonbyrdziak/Sites/sulla/sulla-desktop/node_modules/linkedom/types/html/paragraph-element").HTMLParagraphElement' incorrectly implements interface 'HTMLParagraphElement'.
  Type 'HTMLElement' is missing the following properties from type 'HTMLParagraphElement': align, autocapitalize, autocorrect, inert, and 146 more.
node_modules/linkedom/types/html/param-element.d.ts(4,14): error TS2420: Class 'import("/Users/jonathonbyrdziak/Sites/sulla/sulla-desktop/node_modules/linkedom/types/html/param-element").HTMLParamElement' incorrectly implements interface 'HTMLParamElement'.
  Type 'HTMLElement' is missing the following properties from type 'HTMLParamElement': name, type, value, valueType, and 149 more.
node_modules/linkedom/types/html/picture-element.d.ts(4,14): error TS2420: Class 'import("/Users/jonathonbyrdziak/Sites/sulla/sulla-desktop/node_modules/linkedom/types/html/picture-element").HTMLPictureElement' incorrectly implements interface 'HTMLPictureElement'.
  Type 'HTMLElement' is missing the following properties from type 'HTMLPictureElement': autocapitalize, autocorrect, inert, offsetHeight, and 145 more.
node_modules/linkedom/types/html/pre-element.d.ts(4,14): error TS2420: Class 'import("/Users/jonathonbyrdziak/Sites/sulla/sulla-desktop/node_modules/linkedom/types/html/pre-element").HTMLPreElement' incorrectly implements interface 'HTMLPreElement'.
  Type 'HTMLElement' is missing the following properties from type 'HTMLPreElement': width, autocapitalize, autocorrect, inert, and 146 more.
node_modules/linkedom/types/html/progress-element.d.ts(4,14): error TS2420: Class 'import("/Users/jonathonbyrdziak/Sites/sulla/sulla-desktop/node_modules/linkedom/types/html/progress-element").HTMLProgressElement' incorrectly implements interface 'HTMLProgressElement'.
  Type 'HTMLElement' is missing the following properties from type 'HTMLProgressElement': labels, max, position, value, and 149 more.
node_modules/linkedom/types/html/quote-element.d.ts(4,14): error TS2420: Class 'import("/Users/jonathonbyrdziak/Sites/sulla/sulla-desktop/node_modules/linkedom/types/html/quote-element").HTMLQuoteElement' incorrectly implements interface 'HTMLQuoteElement'.
  Type 'HTMLElement' is missing the following properties from type 'HTMLQuoteElement': cite, autocapitalize, autocorrect, inert, and 146 more.
node_modules/linkedom/types/html/script-element.d.ts(4,14): error TS2420: Class 'import("/Users/jonathonbyrdziak/Sites/sulla/sulla-desktop/node_modules/linkedom/types/html/script-element").HTMLScriptElement' incorrectly implements interface 'HTMLScriptElement'.
  Type 'HTMLElement' is missing the following properties from type 'HTMLScriptElement': async, blocking, charset, crossOrigin, and 159 more.
node_modules/linkedom/types/html/select-element.d.ts(5,9): error TS2416: Property 'options' in type 'HTMLSelectElement' is not assignable to the same property in base type 'HTMLSelectElement'.
  Type 'NodeList' is missing the following properties from type 'HTMLOptionsCollection': selectedIndex, add, remove, namedItem
node_modules/linkedom/types/html/slot-element.d.ts(4,14): error TS2420: Class 'import("/Users/jonathonbyrdziak/Sites/sulla/sulla-desktop/node_modules/linkedom/types/html/slot-element").HTMLSlotElement' incorrectly implements interface 'HTMLSlotElement'.
  Type 'HTMLElement' is missing the following properties from type 'HTMLSlotElement': name, assign, assignedElements, assignedNodes, and 149 more.
node_modules/linkedom/types/html/source-element.d.ts(4,14): error TS2420: Class 'import("/Users/jonathonbyrdziak/Sites/sulla/sulla-desktop/node_modules/linkedom/types/html/source-element").HTMLSourceElement' incorrectly implements interface 'HTMLSourceElement'.
  Type 'HTMLSourceElement' is missing the following properties from type 'HTMLSourceElement': height, media, width, autocapitalize, and 148 more.
node_modules/linkedom/types/html/span-element.d.ts(4,14): error TS2420: Class 'import("/Users/jonathonbyrdziak/Sites/sulla/sulla-desktop/node_modules/linkedom/types/html/span-element").HTMLSpanElement' incorrectly implements interface 'HTMLSpanElement'.
  Type 'HTMLElement' is missing the following properties from type 'HTMLSpanElement': autocapitalize, autocorrect, inert, offsetHeight, and 145 more.
node_modules/linkedom/types/html/style-element.d.ts(4,14): error TS2420: Class 'import("/Users/jonathonbyrdziak/Sites/sulla/sulla-desktop/node_modules/linkedom/types/html/style-element").HTMLStyleElement' incorrectly implements interface 'HTMLStyleElement'.
  Type 'HTMLStyleElement' is missing the following properties from type 'HTMLStyleElement': blocking, disabled, media, type, and 149 more.
node_modules/linkedom/types/html/table-caption-element.d.ts(4,14): error TS2420: Class 'import("/Users/jonathonbyrdziak/Sites/sulla/sulla-desktop/node_modules/linkedom/types/html/table-caption-element").HTMLTableCaptionElement' incorrectly implements interface 'HTMLTableCaptionElement'.
  Type 'HTMLElement' is missing the following properties from type 'HTMLTableCaptionElement': align, autocapitalize, autocorrect, inert, and 146 more.
node_modules/linkedom/types/html/table-cell-element.d.ts(4,14): error TS2420: Class 'import("/Users/jonathonbyrdziak/Sites/sulla/sulla-desktop/node_modules/linkedom/types/html/table-cell-element").HTMLTableCellElement' incorrectly implements interface 'HTMLTableCellElement'.
  Type 'HTMLElement' is missing the following properties from type 'HTMLTableCellElement': abbr, align, axis, bgColor, and 160 more.
node_modules/linkedom/types/html/table-element.d.ts(4,14): error TS2420: Class 'import("/Users/jonathonbyrdziak/Sites/sulla/sulla-desktop/node_modules/linkedom/types/html/table-element").HTMLTableElement' incorrectly implements interface 'HTMLTableElement'.
  Type 'HTMLElement' is missing the following properties from type 'HTMLTableElement': align, bgColor, border, caption, and 168 more.
node_modules/linkedom/types/html/table-row-element.d.ts(4,14): error TS2420: Class 'import("/Users/jonathonbyrdziak/Sites/sulla/sulla-desktop/node_modules/linkedom/types/html/table-row-element").HTMLTableRowElement' incorrectly implements interface 'HTMLTableRowElement'.
  Type 'HTMLElement' is missing the following properties from type 'HTMLTableRowElement': align, bgColor, cells, ch, and 155 more.
node_modules/linkedom/types/html/template-element.d.ts(4,14): error TS2420: Class 'import("/Users/jonathonbyrdziak/Sites/sulla/sulla-desktop/node_modules/linkedom/types/html/template-element").HTMLTemplateElement' incorrectly implements interface 'HTMLTemplateElement'.
  Type 'HTMLTemplateElement' is missing the following properties from type 'HTMLTemplateElement': shadowRootClonable, shadowRootDelegatesFocus, shadowRootMode, shadowRootSerializable, and 149 more.
node_modules/linkedom/types/html/text-area-element.d.ts(4,14): error TS2420: Class 'import("/Users/jonathonbyrdziak/Sites/sulla/sulla-desktop/node_modules/linkedom/types/html/text-area-element").HTMLTextAreaElement' incorrectly implements interface 'HTMLTextAreaElement'.
  Type 'HTMLTextAreaElement' is missing the following properties from type 'HTMLTextAreaElement': autocomplete, cols, defaultValue, dirName, and 170 more.
node_modules/linkedom/types/html/time-element.d.ts(4,14): error TS2420: Class 'import("/Users/jonathonbyrdziak/Sites/sulla/sulla-desktop/node_modules/linkedom/types/html/time-element").HTMLTimeElement' incorrectly implements interface 'HTMLTimeElement'.
  Type 'HTMLElement' is missing the following properties from type 'HTMLTimeElement': dateTime, autocapitalize, autocorrect, inert, and 146 more.
node_modules/linkedom/types/html/title-element.d.ts(4,14): error TS2420: Class 'import("/Users/jonathonbyrdziak/Sites/sulla/sulla-desktop/node_modules/linkedom/types/html/title-element").HTMLTitleElement' incorrectly implements interface 'HTMLTitleElement'.
  Type 'HTMLElement' is missing the following properties from type 'HTMLTitleElement': text, autocapitalize, autocorrect, inert, and 146 more.
node_modules/linkedom/types/html/track-element.d.ts(4,14): error TS2420: Class 'import("/Users/jonathonbyrdziak/Sites/sulla/sulla-desktop/node_modules/linkedom/types/html/track-element").HTMLTrackElement' incorrectly implements interface 'HTMLTrackElement'.
  Type 'HTMLElement' is missing the following properties from type 'HTMLTrackElement': default, kind, label, readyState, and 156 more.
node_modules/linkedom/types/html/u-list-element.d.ts(4,14): error TS2420: Class 'import("/Users/jonathonbyrdziak/Sites/sulla/sulla-desktop/node_modules/linkedom/types/html/u-list-element").HTMLUListElement' incorrectly implements interface 'HTMLUListElement'.
  Type 'HTMLElement' is missing the following properties from type 'HTMLUListElement': compact, type, autocapitalize, autocorrect, and 147 more.
node_modules/linkedom/types/html/unknown-element.d.ts(4,14): error TS2420: Class 'import("/Users/jonathonbyrdziak/Sites/sulla/sulla-desktop/node_modules/linkedom/types/html/unknown-element").HTMLUnknownElement' incorrectly implements interface 'HTMLUnknownElement'.
  Type 'HTMLElement' is missing the following properties from type 'HTMLUnknownElement': autocapitalize, autocorrect, inert, offsetHeight, and 145 more.
node_modules/linkedom/types/html/video-element.d.ts(4,14): error TS2420: Class 'import("/Users/jonathonbyrdziak/Sites/sulla/sulla-desktop/node_modules/linkedom/types/html/video-element").HTMLVideoElement' incorrectly implements interface 'HTMLVideoElement'.
  Type 'HTMLElement' is missing the following properties from type 'HTMLVideoElement': disablePictureInPicture, height, onenterpictureinpicture, onleavepictureinpicture, and 207 more.
node_modules/linkedom/types/interface/attr.d.ts(4,14): error TS2420: Class 'import("/Users/jonathonbyrdziak/Sites/sulla/sulla-desktop/node_modules/linkedom/types/interface/attr").Attr' incorrectly implements interface 'Attr'.
  Type 'Attr' is missing the following properties from type 'Attr': namespaceURI, prefix, specified, baseURI, and 14 more.
node_modules/linkedom/types/interface/character-data.d.ts(4,14): error TS2420: Class 'import("/Users/jonathonbyrdziak/Sites/sulla/sulla-desktop/node_modules/linkedom/types/interface/character-data").CharacterData' incorrectly implements interface 'CharacterData'.
  Type 'CharacterData' is missing the following properties from type 'CharacterData': baseURI, isDefaultNamespace, lookupNamespaceURI, lookupPrefix, and 11 more.
node_modules/linkedom/types/interface/comment.d.ts(4,14): error TS2420: Class 'import("/Users/jonathonbyrdziak/Sites/sulla/sulla-desktop/node_modules/linkedom/types/interface/comment").Comment' incorrectly implements interface 'Comment'.
  Type 'Comment' is missing the following properties from type 'CharacterData': baseURI, isDefaultNamespace, lookupNamespaceURI, lookupPrefix, and 11 more.
node_modules/linkedom/types/interface/document-fragment.d.ts(4,14): error TS2420: Class 'import("/Users/jonathonbyrdziak/Sites/sulla/sulla-desktop/node_modules/linkedom/types/interface/document-fragment").DocumentFragment' incorrectly implements interface 'DocumentFragment'.
  Type 'DocumentFragment' is missing the following properties from type 'DocumentFragment': baseURI, isDefaultNamespace, lookupNamespaceURI, lookupPrefix, and 11 more.
node_modules/linkedom/types/interface/document-type.d.ts(4,14): error TS2420: Class 'import("/Users/jonathonbyrdziak/Sites/sulla/sulla-desktop/node_modules/linkedom/types/interface/document-type").DocumentType' incorrectly implements interface 'DocumentType'.
  Type 'DocumentType' is missing the following properties from type 'DocumentType': baseURI, isDefaultNamespace, lookupNamespaceURI, lookupPrefix, and 15 more.
node_modules/linkedom/types/interface/document.d.ts(13,5): error TS2416: Property 'createAttribute' in type 'Document' is not assignable to the same property in base type 'Document'.
  Type '(name: any) => Attr' is not assignable to type '(localName: string) => Attr'.
    Type 'Attr' is missing the following properties from type 'Attr': namespaceURI, prefix, specified, baseURI, and 14 more.
node_modules/linkedom/types/interface/document.d.ts(14,5): error TS2416: Property 'createComment' in type 'Document' is not assignable to the same property in base type 'Document'.
  Type '(textContent: any) => Comment' is not assignable to type '(data: string) => Comment'.
    Type 'Comment' is missing the following properties from type 'CharacterData': baseURI, isDefaultNamespace, lookupNamespaceURI, lookupPrefix, and 11 more.
node_modules/linkedom/types/interface/document.d.ts(15,5): error TS2416: Property 'createDocumentFragment' in type 'Document' is not assignable to the same property in base type 'Document'.
  Type '() => import("/Users/jonathonbyrdziak/Sites/sulla/sulla-desktop/node_modules/linkedom/types/interface/document-fragment").DocumentFragment' is not assignable to type '() => DocumentFragment'.
    Type 'DocumentFragment' is missing the following properties from type 'DocumentFragment': baseURI, isDefaultNamespace, lookupNamespaceURI, lookupPrefix, and 11 more.
node_modules/linkedom/types/interface/document.d.ts(17,5): error TS2416: Property 'createElement' in type 'Document' is not assignable to the same property in base type 'Document'.
  Type '(localName: any) => Element' is not assignable to type '{ <K extends keyof HTMLElementTagNameMap>(tagName: K, options?: ElementCreationOptions | undefined): HTMLElementTagNameMap[K]; <K extends keyof HTMLElementDeprecatedTagNameMap>(tagName: K, options?: ElementCreationOptions | undefined): HTMLElementDeprecatedTagNameMap[K]; (tagName: string, options?: ElementCreationOp...'.
    Type 'Element' is missing the following properties from type 'HTMLElement': accessKey, accessKeyLabel, autocapitalize, autocorrect, and 225 more.
node_modules/linkedom/types/interface/document.d.ts(18,5): error TS2416: Property 'createRange' in type 'Document' is not assignable to the same property in base type 'Document'.
  Type '() => import("/Users/jonathonbyrdziak/Sites/sulla/sulla-desktop/node_modules/linkedom/types/interface/range").Range' is not assignable to type '() => Range'.
    Type 'Range' is missing the following properties from type 'Range': collapse, compareBoundaryPoints, comparePoint, detach, and 16 more.
node_modules/linkedom/types/interface/document.d.ts(19,5): error TS2416: Property 'createTextNode' in type 'Document' is not assignable to the same property in base type 'Document'.
  Type '(textContent: any) => Text' is not assignable to type '(data: string) => Text'.
    Type 'Text' is missing the following properties from type 'Text': splitText, baseURI, isDefaultNamespace, lookupNamespaceURI, and 13 more.
node_modules/linkedom/types/interface/document.d.ts(20,5): error TS2416: Property 'createTreeWalker' in type 'Document' is not assignable to the same property in base type 'Document'.
  Type '(root: any, whatToShow?: number | undefined) => TreeWalker' is not assignable to type '(root: Node, whatToShow?: number | undefined, filter?: NodeFilter | null | undefined) => TreeWalker'.
    Type 'TreeWalker' is missing the following properties from type 'TreeWalker': filter, firstChild, lastChild, nextSibling, and 3 more.
node_modules/linkedom/types/interface/document.d.ts(21,5): error TS2416: Property 'createNodeIterator' in type 'Document' is not assignable to the same property in base type 'Document'.
  Type '(root: any, whatToShow?: number | undefined) => TreeWalker' is not assignable to type '(root: Node, whatToShow?: number | undefined, filter?: NodeFilter | null | undefined) => NodeIterator'.
    Type 'TreeWalker' is missing the following properties from type 'NodeIterator': filter, pointerBeforeReferenceNode, referenceNode, detach, previousNode
node_modules/linkedom/types/interface/document.d.ts(24,5): error TS2416: Property 'getElementsByTagNameNS' in type 'Document' is not assignable to the same property in base type 'Document'.
  Type '(_: any, name: any) => NodeList' is not assignable to type '{ (namespaceURI: "http://www.w3.org/1999/xhtml", localName: string): HTMLCollectionOf<HTMLElement>; (namespaceURI: "http://www.w3.org/2000/svg", localName: string): HTMLCollectionOf<...>; (namespaceURI: "http://www.w3.org/1998/Math/MathML", localName: string): HTMLCollectionOf<...>; (namespace: string | null, localN...'.
    Property 'namedItem' is missing in type 'NodeList' but required in type 'HTMLCollectionOf<HTMLElement>'.
node_modules/linkedom/types/interface/document.d.ts(25,5): error TS2416: Property 'createAttributeNS' in type 'Document' is not assignable to the same property in base type 'Document'.
  Type '(_: any, name: any) => Attr' is not assignable to type '(namespace: string | null, qualifiedName: string) => Attr'.
    Type 'Attr' is missing the following properties from type 'Attr': namespaceURI, prefix, specified, baseURI, and 14 more.
node_modules/linkedom/types/interface/document.d.ts(26,5): error TS2416: Property 'createElementNS' in type 'Document' is not assignable to the same property in base type 'Document'.
  Type '(nsp: any, localName: any, options: any) => Element | SVGElement' is not assignable to type '{ (namespaceURI: "http://www.w3.org/1999/xhtml", qualifiedName: string): HTMLElement; <K extends keyof SVGElementTagNameMap>(namespaceURI: "http://www.w3.org/2000/svg", qualifiedName: K): SVGElementTagNameMap[K]; (namespaceURI: "http://www.w3.org/2000/svg", qualifiedName: string): SVGElement; <K extends keyof MathML...'.
    Target signature provides too few arguments. Expected 3 or more, but got 2.
node_modules/linkedom/types/interface/element.d.ts(30,5): error TS2416: Property 'getAttributeNode' in type 'Element' is not assignable to the same property in base type 'Element'.
  Type '(name: any) => NodeStruct' is not assignable to type '(qualifiedName: string) => Attr | null'.
    Type 'NodeStruct' is not assignable to type 'Attr | null'.
      Type 'Element & { nodeType: 2 | 1 | 3 | 8 | 11 | -1; ownerDocument: Document; parentNode: ParentNode; }' is missing the following properties from type 'Attr': name, namespaceURI, ownerElement, prefix, and 17 more.
node_modules/linkedom/types/interface/element.d.ts(32,5): error TS2416: Property 'getBoundingClientRect' in type 'Element' is not assignable to the same property in base type 'Element'.
  Type '() => { x: number; y: number; bottom: number; height: number; left: number; right: number; top: number; width: number; }' is not assignable to type '() => DOMRect'.
    Property 'toJSON' is missing in type '{ x: number; y: number; bottom: number; height: number; left: number; right: number; top: number; width: number; }' but required in type 'DOMRect'.
node_modules/linkedom/types/interface/element.d.ts(45,5): error TS2416: Property 'removeAttributeNode' in type 'Element' is not assignable to the same property in base type 'Element'.
  Type '(attribute: any) => void' is not assignable to type '(attr: Attr) => Attr'.
    Type 'void' is not assignable to type 'Attr'.
node_modules/linkedom/types/interface/element.d.ts(47,5): error TS2416: Property 'setAttributeNode' in type 'Element' is not assignable to the same property in base type 'Element'.
  Type '(attribute: any) => NodeStruct' is not assignable to type '(attr: Attr) => Attr | null'.
    Type 'NodeStruct' is not assignable to type 'Attr | null'.
      Type 'Element & { nodeType: 2 | 1 | 3 | 8 | 11 | -1; ownerDocument: Document; parentNode: ParentNode; }' is missing the following properties from type 'Attr': name, namespaceURI, ownerElement, prefix, and 17 more.
node_modules/linkedom/types/interface/element.d.ts(50,5): error TS2416: Property 'attachShadow' in type 'Element' is not assignable to the same property in base type 'Element'.
  Type '(init: any) => ShadowRoot' is not assignable to type '(init: ShadowRootInit) => ShadowRoot'.
    Type 'ShadowRoot' is missing the following properties from type 'ShadowRoot': clonable, delegatesFocus, host, mode, and 29 more.
node_modules/linkedom/types/interface/element.d.ts(58,5): error TS2416: Property 'getElementsByTagNameNS' in type 'Element' is not assignable to the same property in base type 'Element'.
  Type '(_: any, name: any) => NodeList' is not assignable to type '{ (namespaceURI: "http://www.w3.org/1999/xhtml", localName: string): HTMLCollectionOf<HTMLElement>; (namespaceURI: "http://www.w3.org/2000/svg", localName: string): HTMLCollectionOf<...>; (namespaceURI: "http://www.w3.org/1998/Math/MathML", localName: string): HTMLCollectionOf<...>; (namespace: string | null, localN...'.
    Property 'namedItem' is missing in type 'NodeList' but required in type 'HTMLCollectionOf<HTMLElement>'.
node_modules/linkedom/types/interface/element.d.ts(62,5): error TS2416: Property 'setAttributeNodeNS' in type 'Element' is not assignable to the same property in base type 'Element'.
  Type '(attr: any) => NodeStruct' is not assignable to type '(attr: Attr) => Attr | null'.
    Type 'NodeStruct' is not assignable to type 'Attr | null'.
      Type 'Element & { nodeType: 2 | 1 | 3 | 8 | 11 | -1; ownerDocument: Document; parentNode: ParentNode; }' is missing the following properties from type 'Attr': name, namespaceURI, ownerElement, prefix, and 17 more.
node_modules/linkedom/types/interface/event.d.ts(24,9): error TS2416: Property 'BUBBLING_PHASE' in type 'GlobalEvent' is not assignable to the same property in base type 'Event'.
  Type 'number' is not assignable to type '3'.
node_modules/linkedom/types/interface/event.d.ts(25,9): error TS2416: Property 'AT_TARGET' in type 'GlobalEvent' is not assignable to the same property in base type 'Event'.
  Type 'number' is not assignable to type '2'.
node_modules/linkedom/types/interface/event.d.ts(26,9): error TS2416: Property 'CAPTURING_PHASE' in type 'GlobalEvent' is not assignable to the same property in base type 'Event'.
  Type 'number' is not assignable to type '1'.
node_modules/linkedom/types/interface/event.d.ts(27,9): error TS2416: Property 'NONE' in type 'GlobalEvent' is not assignable to the same property in base type 'Event'.
  Type 'number' is not assignable to type '0'.
node_modules/linkedom/types/interface/input-event.d.ts(4,14): error TS2420: Class 'import("/Users/jonathonbyrdziak/Sites/sulla/sulla-desktop/node_modules/linkedom/types/interface/input-event").InputEvent' incorrectly implements interface 'InputEvent'.
  Type 'InputEvent' is missing the following properties from type 'InputEvent': getTargetRanges, detail, view, which, and 5 more.
node_modules/linkedom/types/interface/node-list.d.ts(4,14): error TS2420: Class 'import("/Users/jonathonbyrdziak/Sites/sulla/sulla-desktop/node_modules/linkedom/types/interface/node-list").NodeList' incorrectly implements interface 'NodeList'.
  Types of property 'forEach' are incompatible.
    Type '(callbackfn: (value: any, index: number, array: any[]) => void, thisArg?: any) => void' is not assignable to type '(callbackfn: (value: Node, key: number, parent: NodeList) => void, thisArg?: any) => void'.
      Types of parameters 'callbackfn' and 'callbackfn' are incompatible.
        Types of parameters 'parent' and 'array' are incompatible.
          Type 'any[]' is not assignable to type 'NodeList'.
            Property 'item' is missing in type 'any[]' but required in type 'NodeList'.
node_modules/linkedom/types/interface/node.d.ts(17,9): error TS2416: Property 'ELEMENT_NODE' in type 'Node' is not assignable to the same property in base type 'Node'.
  Type 'number' is not assignable to type '1'.
node_modules/linkedom/types/interface/node.d.ts(18,9): error TS2416: Property 'ATTRIBUTE_NODE' in type 'Node' is not assignable to the same property in base type 'Node'.
  Type 'number' is not assignable to type '2'.
node_modules/linkedom/types/interface/node.d.ts(19,9): error TS2416: Property 'TEXT_NODE' in type 'Node' is not assignable to the same property in base type 'Node'.
  Type 'number' is not assignable to type '3'.
node_modules/linkedom/types/interface/node.d.ts(20,9): error TS2416: Property 'COMMENT_NODE' in type 'Node' is not assignable to the same property in base type 'Node'.
  Type 'number' is not assignable to type '8'.
node_modules/linkedom/types/interface/node.d.ts(21,9): error TS2416: Property 'DOCUMENT_NODE' in type 'Node' is not assignable to the same property in base type 'Node'.
  Type 'number' is not assignable to type '9'.
node_modules/linkedom/types/interface/node.d.ts(22,9): error TS2416: Property 'DOCUMENT_FRAGMENT_NODE' in type 'Node' is not assignable to the same property in base type 'Node'.
  Type 'number' is not assignable to type '11'.
node_modules/linkedom/types/interface/node.d.ts(23,9): error TS2416: Property 'DOCUMENT_TYPE_NODE' in type 'Node' is not assignable to the same property in base type 'Node'.
  Type 'number' is not assignable to type '10'.
node_modules/linkedom/types/interface/node.d.ts(31,9): error TS2416: Property 'childNodes' in type 'Node' is not assignable to the same property in base type 'Node'.
  Type 'NodeList' is not assignable to type 'NodeListOf<ChildNode>'.
    Types of property 'forEach' are incompatible.
      Type '(callbackfn: (value: any, index: number, array: any[]) => void, thisArg?: any) => void' is not assignable to type '(callbackfn: (value: ChildNode, key: number, parent: NodeListOf<ChildNode>) => void, thisArg?: any) => void'.
        Types of parameters 'callbackfn' and 'callbackfn' are incompatible.
          Types of parameters 'parent' and 'array' are incompatible.
            Property 'item' is missing in type 'any[]' but required in type 'NodeListOf<ChildNode>'.
node_modules/linkedom/types/interface/node.d.ts(47,5): error TS2416: Property 'insertBefore' in type 'Node' is not assignable to the same property in base type 'Node'.
  Type '(newNode: Node, referenceNode: Node) => Node' is not assignable to type '<T extends Node>(node: T, child: Node | null) => T'.
    Types of parameters 'newNode' and 'node' are incompatible.
      Type 'T' is not assignable to type 'Node'.
        Type 'Node' is missing the following properties from type 'Node': localName, previousElementSibling, nextElementSibling, [NEXT], and 2 more.
node_modules/linkedom/types/interface/node.d.ts(53,5): error TS2416: Property 'appendChild' in type 'Node' is not assignable to the same property in base type 'Node'.
  Type '(child: Node) => Node' is not assignable to type '<T extends Node>(node: T) => T'.
    Types of parameters 'child' and 'node' are incompatible.
      Type 'T' is not assignable to type 'Node'.
        Type 'Node' is missing the following properties from type 'Node': localName, previousElementSibling, nextElementSibling, [NEXT], and 2 more.
node_modules/linkedom/types/interface/node.d.ts(60,5): error TS2416: Property 'replaceChild' in type 'Node' is not assignable to the same property in base type 'Node'.
  Type '(newChild: Node, oldChild: Node) => Node' is not assignable to type '<T extends Node>(node: Node, child: T) => T'.
    Types of parameters 'newChild' and 'node' are incompatible.
      Type 'Node' is missing the following properties from type 'Node': localName, previousElementSibling, nextElementSibling, [NEXT], and 2 more.
node_modules/linkedom/types/interface/node.d.ts(66,5): error TS2416: Property 'removeChild' in type 'Node' is not assignable to the same property in base type 'Node'.
  Type '(child: Node) => Node' is not assignable to type '<T extends Node>(child: T) => T'.
    Types of parameters 'child' and 'child' are incompatible.
      Type 'T' is not assignable to type 'Node'.
        Type 'Node' is missing the following properties from type 'Node': localName, previousElementSibling, nextElementSibling, [NEXT], and 2 more.
node_modules/linkedom/types/interface/range.d.ts(17,5): error TS2416: Property 'cloneRange' in type 'Range' is not assignable to the same property in base type 'Range'.
  Type '() => import("/Users/jonathonbyrdziak/Sites/sulla/sulla-desktop/node_modules/linkedom/types/interface/range").Range' is not assignable to type '() => Range'.
    Type 'Range' is missing the following properties from type 'Range': collapse, compareBoundaryPoints, comparePoint, detach, and 16 more.
node_modules/linkedom/types/interface/shadow-root.d.ts(4,14): error TS2420: Class 'import("/Users/jonathonbyrdziak/Sites/sulla/sulla-desktop/node_modules/linkedom/types/interface/shadow-root").ShadowRoot' incorrectly implements interface 'ShadowRoot'.
  Type 'ShadowRoot' is missing the following properties from type 'ShadowRoot': clonable, delegatesFocus, host, mode, and 29 more.
node_modules/linkedom/types/interface/text.d.ts(4,14): error TS2420: Class 'import("/Users/jonathonbyrdziak/Sites/sulla/sulla-desktop/node_modules/linkedom/types/interface/text").Text' incorrectly implements interface 'Text'.
  Type 'Text' is missing the following properties from type 'Text': splitText, baseURI, isDefaultNamespace, lookupNamespaceURI, and 13 more.
node_modules/linkedom/types/interface/tree-walker.d.ts(4,14): error TS2420: Class 'import("/Users/jonathonbyrdziak/Sites/sulla/sulla-desktop/node_modules/linkedom/types/interface/tree-walker").TreeWalker' incorrectly implements interface 'TreeWalker'.
  Type 'TreeWalker' is missing the following properties from type 'TreeWalker': filter, firstChild, lastChild, nextSibling, and 3 more.
node_modules/linkedom/types/mixin/parent-node.d.ts(28,5): error TS1170: A computed property name in a type literal must refer to an expression whose type is a literal type or a 'unique symbol' type.
node_modules/linkedom/types/mixin/parent-node.d.ts(29,5): error TS1170: A computed property name in a type literal must refer to an expression whose type is a literal type or a 'unique symbol' type.
node_modules/linkedom/types/mixin/parent-node.d.ts(30,5): error TS1170: A computed property name in a type literal must refer to an expression whose type is a literal type or a 'unique symbol' type.
node_modules/linkedom/types/svg/document.d.ts(4,14): error TS2420: Class 'SVGDocument' incorrectly implements interface 'Document'.
  Type 'SVGDocument' is missing the following properties from type 'Document': URL, alinkColor, all, anchors, and 196 more.
node_modules/linkedom/types/svg/element.d.ts(4,14): error TS2420: Class 'import("/Users/jonathonbyrdziak/Sites/sulla/sulla-desktop/node_modules/linkedom/types/svg/element").SVGElement' incorrectly implements interface 'SVGElement'.
  Type 'SVGElement' is missing the following properties from type 'SVGElement': viewportElement, clientHeight, clientLeft, clientTop, and 197 more.
node_modules/linkedom/types/xml/document.d.ts(4,14): error TS2420: Class 'import("/Users/jonathonbyrdziak/Sites/sulla/sulla-desktop/node_modules/linkedom/types/xml/document").XMLDocument' incorrectly implements interface 'XMLDocument'.
  Type 'XMLDocument' is missing the following properties from type 'XMLDocument': URL, alinkColor, all, anchors, and 196 more.
node_modules/octokit/dist-types/app.d.ts(22,66): error TS2307: Cannot find module '@octokit/core/types' or its corresponding type declarations.
  There are types at '/Users/jonathonbyrdziak/Sites/sulla/sulla-desktop/node_modules/@octokit/core/dist-types/types.d.ts', but this result could not be resolved under your current 'moduleResolution' setting. Consider updating to 'node16', 'nodenext', or 'bundler'.
node_modules/octokit/dist-types/app.d.ts(64,66): error TS2307: Cannot find module '@octokit/core/types' or its corresponding type declarations.
  There are types at '/Users/jonathonbyrdziak/Sites/sulla/sulla-desktop/node_modules/@octokit/core/dist-types/types.d.ts', but this result could not be resolved under your current 'moduleResolution' setting. Consider updating to 'node16', 'nodenext', or 'bundler'.
node_modules/octokit/dist-types/octokit.d.ts(4,59): error TS2307: Cannot find module '@octokit/core/types' or its corresponding type declarations.
  There are types at '/Users/jonathonbyrdziak/Sites/sulla/sulla-desktop/node_modules/@octokit/core/dist-types/types.d.ts', but this result could not be resolved under your current 'moduleResolution' setting. Consider updating to 'node16', 'nodenext', or 'bundler'.
node_modules/webpack-chain/types/index.d.ts(1,10): error TS2305: Module '"tapable"' has no exported member 'Tapable'.
node_modules/webpack-chain/types/index.d.ts(57,41): error TS2694: Namespace 'exports' has no exported member 'Plugin'.
node_modules/webpack-chain/types/index.d.ts(66,28): error TS2694: Namespace 'exports' has no exported member 'ExternalsElement'.
node_modules/webpack-chain/types/index.d.ts(66,55): error TS2694: Namespace 'exports' has no exported member 'ExternalsElement'.
node_modules/webpack-chain/types/index.d.ts(75,24): error TS2694: Namespace 'exports' has no exported member 'Options'.
node_modules/webpack-chain/types/index.d.ts(78,31): error TS2694: Namespace 'exports' has no exported member 'Options'.
node_modules/webpack-chain/types/index.d.ts(81,53): error TS2694: Namespace 'exports' has no exported member 'Plugin'.
node_modules/webpack-chain/types/index.d.ts(101,49): error TS2694: Namespace 'exports' has no exported member 'Plugin'.
node_modules/webpack-chain/types/index.d.ts(104,68): error TS2694: Namespace 'exports' has no exported member 'Plugin'.
node_modules/webpack-chain/types/index.d.ts(213,26): error TS2694: Namespace 'exports' has no exported member 'Options'.
node_modules/webpack-chain/types/index.d.ts(238,57): error TS2694: Namespace 'exports' has no exported member 'ResolvePlugin'.
node_modules/webpack-chain/types/index.d.ts(249,48): error TS2694: Namespace 'exports' has no exported member 'ResolvePlugin'.
node_modules/webpack-chain/types/index.d.ts(261,44): error TS2694: Namespace 'exports' has no exported member 'Condition'.
node_modules/webpack-chain/types/index.d.ts(262,44): error TS2694: Namespace 'exports' has no exported member 'Condition'.
node_modules/webpack-chain/types/index.d.ts(266,25): error TS2694: Namespace 'exports' has no exported member 'Condition'.
node_modules/webpack-chain/types/index.d.ts(266,45): error TS2694: Namespace 'exports' has no exported member 'Condition'.
node_modules/webpack-chain/types/index.d.ts(284,34): error TS2694: Namespace 'exports' has no exported member 'Condition'.
node_modules/webpack-chain/types/index.d.ts(284,54): error TS2694: Namespace 'exports' has no exported member 'Condition'.
node_modules/webpack-chain/types/index.d.ts(292,58): error TS2694: Namespace 'exports' has no exported member 'Plugin'.
node_modules/webpack-chain/types/index.d.ts(380,69): error TS2694: Namespace 'exports' has no exported member 'Plugin'.
pkg/rancher-desktop/agent/integrations/discord/DiscordClient.ts(6,71): error TS2307: Cannot find module 'discord.js' or its corresponding type declarations.
pkg/rancher-desktop/agent/integrations/discord/DiscordClient.ts(46,39): error TS2304: Cannot find name 'Message'.
pkg/rancher-desktop/agent/integrations/discord/DiscordClient.ts(127,30): error TS7006: Parameter 'error' implicitly has an 'any' type.
pkg/rancher-desktop/agent/integrations/discord/DiscordClient.ts(139,22): error TS2552: Cannot find name 'Events'. Did you mean 'Event'?
pkg/rancher-desktop/agent/integrations/discord/DiscordClient.ts(139,50): error TS7006: Parameter 'message' implicitly has an 'any' type.
pkg/rancher-desktop/agent/integrations/discord/DiscordClient.ts(164,22): error TS2552: Cannot find name 'Events'. Did you mean 'Event'?
pkg/rancher-desktop/agent/integrations/discord/DiscordClient.ts(164,43): error TS7006: Parameter 'guild' implicitly has an 'any' type.
pkg/rancher-desktop/agent/integrations/discord/DiscordClient.ts(201,14): error TS2304: Cannot find name 'Message'.
pkg/rancher-desktop/agent/integrations/discord/DiscordClient.ts(212,46): error TS2304: Cannot find name 'TextChannel'.
pkg/rancher-desktop/agent/integrations/discord/DiscordClient.ts(218,24): error TS2304: Cannot find name 'TextChannel'.
pkg/rancher-desktop/agent/integrations/discord/DiscordClient.ts(225,14): error TS2304: Cannot find name 'Message'.
pkg/rancher-desktop/agent/integrations/discord/DiscordClient.ts(233,39): error TS2304: Cannot find name 'TextChannel'.
pkg/rancher-desktop/agent/integrations/discord/DiscordClient.ts(245,14): error TS2304: Cannot find name 'Message'.
pkg/rancher-desktop/agent/integrations/discord/DiscordClient.ts(253,39): error TS2304: Cannot find name 'TextChannel'.
pkg/rancher-desktop/agent/integrations/discord/DiscordClient.ts(269,39): error TS2304: Cannot find name 'TextChannel'.
pkg/rancher-desktop/agent/integrations/discord/DiscordClient.ts(285,39): error TS2304: Cannot find name 'TextChannel'.
pkg/rancher-desktop/agent/integrations/discord/DiscordClient.ts(293,45): error TS2304: Cannot find name 'Guild'.
pkg/rancher-desktop/agent/integrations/discord/DiscordClient.ts(308,30): error TS2304: Cannot find name 'Guild'.
pkg/rancher-desktop/agent/integrations/discord/DiscordClient.ts(321,26): error TS18046: 'channel' is of type 'unknown'.
pkg/rancher-desktop/agent/integrations/discord/DiscordClient.ts(323,18): error TS18046: 'channel' is of type 'unknown'.
pkg/rancher-desktop/agent/integrations/discord/DiscordClient.ts(324,18): error TS18046: 'channel' is of type 'unknown'.
pkg/rancher-desktop/agent/integrations/discord/DiscordClient.ts(325,18): error TS18046: 'channel' is of type 'unknown'.
pkg/rancher-desktop/agent/integrations/discord/DiscordClient.ts(326,18): error TS18046: 'channel' is of type 'unknown'.
pkg/rancher-desktop/agent/integrations/discord/DiscordClient.ts(330,46): error TS2304: Cannot find name 'User'.
pkg/rancher-desktop/agent/integrations/discord/DiscordClient.ts(342,14): error TS2304: Cannot find name 'Message'.
pkg/rancher-desktop/agent/integrations/discord/DiscordClient.ts(350,40): error TS2304: Cannot find name 'TextChannel'.
pkg/rancher-desktop/agent/integrations/discord/DiscordClient.ts(354,73): error TS2304: Cannot find name 'Message'.
pkg/rancher-desktop/agent/integrations/discord/DiscordClient.ts(362,39): error TS2304: Cannot find name 'TextChannel'.
pkg/rancher-desktop/agent/integrations/discord/DiscordTool.ts(5,26): error TS2307: Cannot find module '../../tools/BaseTool' or its corresponding type declarations.
pkg/rancher-desktop/agent/integrations/discord/DiscordTool.ts(8,34): error TS2307: Cannot find module '../../tools/BaseTool' or its corresponding type declarations.
pkg/rancher-desktop/agent/integrations/discord/DiscordTool.ts(12,21): error TS4112: This member cannot have an 'override' modifier because its containing class 'DiscordTool' does not extend another class.
pkg/rancher-desktop/agent/integrations/discord/DiscordTool.ts(14,12): error TS4112: This member cannot have an 'override' modifier because its containing class 'DiscordTool' does not extend another class.
pkg/rancher-desktop/agent/integrations/discord/DiscordTool.ts(45,18): error TS4112: This member cannot have an 'override' modifier because its containing class 'DiscordTool' does not extend another class.
pkg/rancher-desktop/agent/integrations/discord/DiscordTool.ts(46,29): error TS2339: Property 'handleHelpRequest' does not exist on type 'DiscordTool'.
pkg/rancher-desktop/agent/integrations/discord/DiscordTool.ts(49,23): error TS2339: Property 'getArgsArray' does not exist on type 'DiscordTool'.
pkg/rancher-desktop/agent/languagemodels/__tests__/ModelDiscovery.test.ts(178,39): error TS2352: Conversion of type '{ ok: true; status: number; json: () => Promise<never>; }' to type 'Response' may be a mistake because neither type sufficiently overlaps with the other. If this was intentional, convert the expression to 'unknown' first.
  Type '{ ok: true; status: number; json: () => Promise<never>; }' is missing the following properties from type 'Response': headers, redirected, statusText, type, and 9 more.
pkg/rancher-desktop/agent/nodes/StreamBufferManager.ts(48,36): error TS2339: Property 'getInstance' does not exist on type 'typeof RedisClient'.
pkg/rancher-desktop/agent/tools/meta/__tests__/browser_tab.test.ts(18,17): error TS2307: Cannot find module '../../playwright/browser_tab' or its corresponding type declarations.
pkg/rancher-desktop/agent/tools/meta/__tests__/exec.test.ts(44,25): error TS2339: Property 'execRegistration' does not exist on type 'typeof import("/Users/jonathonbyrdziak/Sites/sulla/sulla-desktop/pkg/rancher-desktop/agent/tools/meta/exec")'.
pkg/rancher-desktop/agent/tools/meta/__tests__/exec.test.ts(67,25): error TS2339: Property 'execRegistration' does not exist on type 'typeof import("/Users/jonathonbyrdziak/Sites/sulla/sulla-desktop/pkg/rancher-desktop/agent/tools/meta/exec")'.
pkg/rancher-desktop/agent/tools/meta/__tests__/exec.test.ts(88,25): error TS2339: Property 'execRegistration' does not exist on type 'typeof import("/Users/jonathonbyrdziak/Sites/sulla/sulla-desktop/pkg/rancher-desktop/agent/tools/meta/exec")'.
pkg/rancher-desktop/agent/tools/pg/__tests__/pg_sql_fields.test.ts(59,85): error TS2339: Property 'pgQueryRegistration' does not exist on type 'typeof import("/Users/jonathonbyrdziak/Sites/sulla/sulla-desktop/pkg/rancher-desktop/agent/tools/pg/pg_query")'.
pkg/rancher-desktop/agent/tools/pg/__tests__/pg_sql_fields.test.ts(80,85): error TS2339: Property 'pgQueryRegistration' does not exist on type 'typeof import("/Users/jonathonbyrdziak/Sites/sulla/sulla-desktop/pkg/rancher-desktop/agent/tools/pg/pg_query")'.
pkg/rancher-desktop/agent/tools/pg/__tests__/pg_sql_fields.test.ts(96,94): error TS2339: Property 'pgQueryAllRegistration' does not exist on type 'typeof import("/Users/jonathonbyrdziak/Sites/sulla/sulla-desktop/pkg/rancher-desktop/agent/tools/pg/pg_queryall")'.
pkg/rancher-desktop/agent/tools/pg/__tests__/pg_sql_fields.test.ts(110,94): error TS2339: Property 'pgQueryOneRegistration' does not exist on type 'typeof import("/Users/jonathonbyrdziak/Sites/sulla/sulla-desktop/pkg/rancher-desktop/agent/tools/pg/pg_queryone")'.
pkg/rancher-desktop/agent/tools/pg/__tests__/pg_sql_fields.test.ts(129,91): error TS2339: Property 'pgExecuteRegistration' does not exist on type 'typeof import("/Users/jonathonbyrdziak/Sites/sulla/sulla-desktop/pkg/rancher-desktop/agent/tools/pg/pg_execute")'.
pkg/rancher-desktop/agent/tools/pg/__tests__/pg_sql_fields.test.ts(148,91): error TS2339: Property 'pgExecuteRegistration' does not exist on type 'typeof import("/Users/jonathonbyrdziak/Sites/sulla/sulla-desktop/pkg/rancher-desktop/agent/tools/pg/pg_execute")'.
pkg/rancher-desktop/agent/tools/slack/__tests__/slack_commands.production.test.ts(8,33): error TS2305: Module '"../slack_scope_commands"' has no exported member 'slackApiMethodToolRegistrations'.
pkg/rancher-desktop/agent/tools/slack/__tests__/slack_commands.production.test.ts(14,61): error TS7006: Parameter 'r' implicitly has an 'any' type.
pkg/rancher-desktop/agent/tools/slack/__tests__/slack_connection_health.production.test.ts(8,39): error TS2724: '"../slack_connection_health"' has no exported member named 'slackConnectionHealthRegistration'. Did you mean 'SlackConnectionHealthWorker'?
pkg/rancher-desktop/agent/tools/slack/__tests__/slack_connection_health.production.test.ts(61,33): error TS2339: Property 'isConnected' does not exist on type '{}'.
pkg/rancher-desktop/agent/tools/slack/__tests__/slack_connection_health.production.test.ts(62,26): error TS2339: Property 'isConnected' does not exist on type '{}'.
pkg/rancher-desktop/agent/tools/slack/__tests__/slack_connection_health.production.test.ts(87,30): error TS2339: Property 'isConnected' does not exist on type '{}'.
pkg/rancher-desktop/agent/tools/slack/__tests__/slack_connection_health.test.ts(56,42): error TS2339: Property 'slackConnectionHealthRegistration' does not exist on type 'typeof import("/Users/jonathonbyrdziak/Sites/sulla/sulla-desktop/pkg/rancher-desktop/agent/tools/slack/slack_connection_health")'.
pkg/rancher-desktop/agent/tools/slack/__tests__/slack_connection_health.test.ts(89,42): error TS2339: Property 'slackConnectionHealthRegistration' does not exist on type 'typeof import("/Users/jonathonbyrdziak/Sites/sulla/sulla-desktop/pkg/rancher-desktop/agent/tools/slack/slack_connection_health")'.
pkg/rancher-desktop/agent/tools/slack/__tests__/slack_connection_health.test.ts(121,42): error TS2339: Property 'slackConnectionHealthRegistration' does not exist on type 'typeof import("/Users/jonathonbyrdziak/Sites/sulla/sulla-desktop/pkg/rancher-desktop/agent/tools/slack/slack_connection_health")'.
pkg/rancher-desktop/agent/tools/slack/__tests__/slack_scope_commands.test.ts(28,13): error TS2339: Property 'slackScopeToolRegistrations' does not exist on type 'typeof import("/Users/jonathonbyrdziak/Sites/sulla/sulla-desktop/pkg/rancher-desktop/agent/tools/slack/slack_scope_commands")'.
pkg/rancher-desktop/agent/tools/slack/__tests__/slack_scope_commands.test.ts(28,42): error TS2339: Property 'slackApiMethodToolRegistrations' does not exist on type 'typeof import("/Users/jonathonbyrdziak/Sites/sulla/sulla-desktop/pkg/rancher-desktop/agent/tools/slack/slack_scope_commands")'.
pkg/rancher-desktop/agent/tools/slack/__tests__/slack_scope_commands.test.ts(45,38): error TS2339: Property 'slackScopeToolRegistrations' does not exist on type 'typeof import("/Users/jonathonbyrdziak/Sites/sulla/sulla-desktop/pkg/rancher-desktop/agent/tools/slack/slack_scope_commands")'.
pkg/rancher-desktop/agent/tools/slack/__tests__/slack_scope_commands.test.ts(61,36): error TS2339: Property 'slackApiMethodToolRegistrations' does not exist on type 'typeof import("/Users/jonathonbyrdziak/Sites/sulla/sulla-desktop/pkg/rancher-desktop/agent/tools/slack/slack_scope_commands")'.
pkg/rancher-desktop/agent/tools/slack/__tests__/slack_search_users.test.ts(28,37): error TS2339: Property 'slackSearchUsersRegistration' does not exist on type 'typeof import("/Users/jonathonbyrdziak/Sites/sulla/sulla-desktop/pkg/rancher-desktop/agent/tools/slack/slack_search_users")'.
pkg/rancher-desktop/agent/tools/slack/__tests__/slack_search_users.test.ts(45,37): error TS2339: Property 'slackSearchUsersRegistration' does not exist on type 'typeof import("/Users/jonathonbyrdziak/Sites/sulla/sulla-desktop/pkg/rancher-desktop/agent/tools/slack/slack_search_users")'.
pkg/rancher-desktop/agent/tools/slack/__tests__/slack_send_message.test.ts(28,37): error TS2339: Property 'slackSendMessageRegistration' does not exist on type 'typeof import("/Users/jonathonbyrdziak/Sites/sulla/sulla-desktop/pkg/rancher-desktop/agent/tools/slack/slack_send_message")'.
pkg/rancher-desktop/agent/tools/slack/__tests__/slack_send_message.test.ts(43,37): error TS2339: Property 'slackSendMessageRegistration' does not exist on type 'typeof import("/Users/jonathonbyrdziak/Sites/sulla/sulla-desktop/pkg/rancher-desktop/agent/tools/slack/slack_send_message")'.
pkg/rancher-desktop/components/form/labeled-select-utils/labeled-select-pagination.ts(3,48): error TS2307: Cannot find module 'vue/types/v3-component-options' or its corresponding type declarations.
pkg/rancher-desktop/components/form/labeled-select-utils/labeled-select-pagination.ts(44,44): error TS2344: Type 'Data' does not satisfy the constraint 'string'.
pkg/rancher-desktop/components/form/labeled-select-utils/labeled-select-pagination.ts(73,49): error TS2339: Property 'requestPagination' does not exist on type '(props: Props, ctx: { attrs: Data; slots: Readonly<{}>; emit: ((event: unknown, ...args: any[]) => void) | ((event: string, ...args: any[]) => void); expose: <Exposed extends Record<string, any> = Record<...>>(exposed?: Exposed | undefined) => void; }) => RenderFunction | Promise<...>'.
pkg/rancher-desktop/components/form/labeled-select-utils/labeled-select-pagination.ts(83,14): error TS2339: Property 'canPaginate' does not exist on type '(props: Props, ctx: { attrs: Data; slots: Readonly<{}>; emit: ((event: unknown, ...args: any[]) => void) | ((event: string, ...args: any[]) => void); expose: <Exposed extends Record<string, any> = Record<...>>(exposed?: Exposed | undefined) => void; }) => RenderFunction | Promise<...>'.
pkg/rancher-desktop/components/form/labeled-select-utils/labeled-select-pagination.ts(84,18): error TS2339: Property 'requestPagination' does not exist on type '(props: Props, ctx: { attrs: Data; slots: Readonly<{}>; emit: ((event: unknown, ...args: any[]) => void) | ((event: string, ...args: any[]) => void); expose: <Exposed extends Record<string, any> = Record<...>>(exposed?: Exposed | undefined) => void; }) => RenderFunction | Promise<...>'.
pkg/rancher-desktop/components/form/labeled-select-utils/labeled-select-pagination.ts(89,5): error TS7023: 'canPaginate' implicitly has return type 'any' because it does not have a return type annotation and is referenced directly or indirectly in one of its return expressions.
pkg/rancher-desktop/components/form/labeled-select-utils/labeled-select-pagination.ts(90,21): error TS2339: Property 'paginate' does not exist on type '{ canPaginate(): any; canLoadMore(): any; optionsInPage(): any; optionCounts(): any; }'.
pkg/rancher-desktop/components/form/labeled-select-utils/labeled-select-pagination.ts(90,40): error TS2339: Property 'resourceType' does not exist on type '{ canPaginate(): any; canLoadMore(): any; optionsInPage(): any; optionCounts(): any; }'.
pkg/rancher-desktop/components/form/labeled-select-utils/labeled-select-pagination.ts(90,61): error TS2339: Property '$store' does not exist on type '{ canPaginate(): any; canLoadMore(): any; optionsInPage(): any; optionCounts(): any; }'.
pkg/rancher-desktop/components/form/labeled-select-utils/labeled-select-pagination.ts(90,85): error TS2339: Property 'inStore' does not exist on type '{ canPaginate(): any; canLoadMore(): any; optionsInPage(): any; optionCounts(): any; }'.
pkg/rancher-desktop/components/form/labeled-select-utils/labeled-select-pagination.ts(90,120): error TS2339: Property 'resourceType' does not exist on type '{ canPaginate(): any; canLoadMore(): any; optionsInPage(): any; optionCounts(): any; }'.
pkg/rancher-desktop/components/form/labeled-select-utils/labeled-select-pagination.ts(93,5): error TS7023: 'canLoadMore' implicitly has return type 'any' because it does not have a return type annotation and is referenced directly or indirectly in one of its return expressions.
pkg/rancher-desktop/components/form/labeled-select-utils/labeled-select-pagination.ts(94,19): error TS2339: Property 'pages' does not exist on type '{ canPaginate(): any; canLoadMore(): any; optionsInPage(): any; optionCounts(): any; }'.
pkg/rancher-desktop/components/form/labeled-select-utils/labeled-select-pagination.ts(94,32): error TS2339: Property 'currentPage' does not exist on type '{ canPaginate(): any; canLoadMore(): any; optionsInPage(): any; optionCounts(): any; }'.
pkg/rancher-desktop/components/form/labeled-select-utils/labeled-select-pagination.ts(97,5): error TS7023: 'optionsInPage' implicitly has return type 'any' because it does not have a return type annotation and is referenced directly or indirectly in one of its return expressions.
pkg/rancher-desktop/components/form/labeled-select-utils/labeled-select-pagination.ts(99,14): error TS2774: This condition will always return true since this function is always defined. Did you mean to call it instead?
pkg/rancher-desktop/components/form/labeled-select-utils/labeled-select-pagination.ts(100,16): error TS2339: Property '_options' does not exist on type '{ canPaginate(): any; canLoadMore(): any; optionsInPage(): any; optionCounts(): any; }'.
pkg/rancher-desktop/components/form/labeled-select-utils/labeled-select-pagination.ts(106,5): error TS7023: 'optionCounts' implicitly has return type 'any' because it does not have a return type annotation and is referenced directly or indirectly in one of its return expressions.
pkg/rancher-desktop/components/form/labeled-select-utils/labeled-select-pagination.ts(107,60): error TS2339: Property 'totalResults' does not exist on type '{ canPaginate(): any; canLoadMore(): any; optionsInPage(): any; optionCounts(): any; }'.
pkg/rancher-desktop/components/form/labeled-select-utils/labeled-select-pagination.ts(111,19): error TS2339: Property '$store' does not exist on type '{ canPaginate(): any; canLoadMore(): any; optionsInPage(): any; optionCounts(): any; }'.
pkg/rancher-desktop/components/form/labeled-select-utils/labeled-select-pagination.ts(113,26): error TS2339: Property 'totalResults' does not exist on type '{ canPaginate(): any; canLoadMore(): any; optionsInPage(): any; optionCounts(): any; }'.
pkg/rancher-desktop/components/form/labeled-select-utils/labeled-select-pagination.ts(120,12): error TS2339: Property 'currentPage' does not exist on type '{ loadMore(): void; setPaginationFilter(filter: string): void; requestPagination(resetPage?: boolean): Promise<void>; }'.
pkg/rancher-desktop/components/form/labeled-select-utils/labeled-select-pagination.ts(125,12): error TS2339: Property 'paginating' does not exist on type '{ loadMore(): void; setPaginationFilter(filter: string): void; requestPagination(resetPage?: boolean): Promise<void>; }'.
pkg/rancher-desktop/components/form/labeled-select-utils/labeled-select-pagination.ts(126,12): error TS2339: Property 'currentPage' does not exist on type '{ loadMore(): void; setPaginationFilter(filter: string): void; requestPagination(resetPage?: boolean): Promise<void>; }'.
pkg/rancher-desktop/components/form/labeled-select-utils/labeled-select-pagination.ts(127,12): error TS2339: Property 'search' does not exist on type '{ loadMore(): void; setPaginationFilter(filter: string): void; requestPagination(resetPage?: boolean): Promise<void>; }'.
pkg/rancher-desktop/components/form/labeled-select-utils/labeled-select-pagination.ts(128,12): error TS2339: Property 'debouncedRequestPagination' does not exist on type '{ loadMore(): void; setPaginationFilter(filter: string): void; requestPagination(resetPage?: boolean): Promise<void>; }'.
pkg/rancher-desktop/components/form/labeled-select-utils/labeled-select-pagination.ts(132,12): error TS2339: Property 'paginating' does not exist on type '{ loadMore(): void; setPaginationFilter(filter: string): void; requestPagination(resetPage?: boolean): Promise<void>; }'.
pkg/rancher-desktop/components/form/labeled-select-utils/labeled-select-pagination.ts(133,52): error TS2339: Property 'paginate' does not exist on type '{ loadMore(): void; setPaginationFilter(filter: string): void; requestPagination(resetPage?: boolean): Promise<void>; }'.
pkg/rancher-desktop/components/form/labeled-select-utils/labeled-select-pagination.ts(141,27): error TS2339: Property 'page' does not exist on type '{ loadMore(): void; setPaginationFilter(filter: string): void; requestPagination(resetPage?: boolean): Promise<void>; }'.
pkg/rancher-desktop/components/form/labeled-select-utils/labeled-select-pagination.ts(142,27): error TS2339: Property 'currentPage' does not exist on type '{ loadMore(): void; setPaginationFilter(filter: string): void; requestPagination(resetPage?: boolean): Promise<void>; }'.
pkg/rancher-desktop/components/form/labeled-select-utils/labeled-select-pagination.ts(143,27): error TS2339: Property 'search' does not exist on type '{ loadMore(): void; setPaginationFilter(filter: string): void; requestPagination(resetPage?: boolean): Promise<void>; }'.
pkg/rancher-desktop/components/form/labeled-select-utils/labeled-select-pagination.ts(144,27): error TS2339: Property 'pageSize' does not exist on type '{ loadMore(): void; setPaginationFilter(filter: string): void; requestPagination(resetPage?: boolean): Promise<void>; }'.
pkg/rancher-desktop/components/form/labeled-select-utils/labeled-select-pagination.ts(147,12): error TS2339: Property 'page' does not exist on type '{ loadMore(): void; setPaginationFilter(filter: string): void; requestPagination(resetPage?: boolean): Promise<void>; }'.
pkg/rancher-desktop/components/form/labeled-select-utils/labeled-select-pagination.ts(148,12): error TS2339: Property 'pages' does not exist on type '{ loadMore(): void; setPaginationFilter(filter: string): void; requestPagination(resetPage?: boolean): Promise<void>; }'.
pkg/rancher-desktop/components/form/labeled-select-utils/labeled-select-pagination.ts(149,12): error TS2339: Property 'totalResults' does not exist on type '{ loadMore(): void; setPaginationFilter(filter: string): void; requestPagination(resetPage?: boolean): Promise<void>; }'.
pkg/rancher-desktop/components/form/labeled-select-utils/labeled-select-pagination.ts(151,12): error TS2339: Property 'paginating' does not exist on type '{ loadMore(): void; setPaginationFilter(filter: string): void; requestPagination(resetPage?: boolean): Promise<void>; }'.
pkg/rancher-desktop/composables/useLibraryDrafts.ts(62,7): error TS2322: Type '{ id: string; kind: "function" | "integration" | "skill" | "recipe"; slug: string; base_slug: string | null; name: string; updated_at: string; }[]' is not assignable to type 'DraftSummary[] | { id: string; kind: DraftKind; slug: string; base_slug: string | null; name: string; updated_at: string; }[]'.
  Type '{ id: string; kind: "function" | "integration" | "skill" | "recipe"; slug: string; base_slug: string | null; name: string; updated_at: string; }[]' is not assignable to type 'DraftSummary[]'.
    Type '{ id: string; kind: "function" | "integration" | "skill" | "recipe"; slug: string; base_slug: string | null; name: string; updated_at: string; }' is not assignable to type 'DraftSummary'.
      Types of property 'kind' are incompatible.
        Type '"function" | "integration" | "skill" | "recipe"' is not assignable to type 'DraftKind'.
          Type '"integration"' is not assignable to type 'DraftKind'.
pkg/rancher-desktop/composables/useLibraryDrafts.ts(83,7): error TS2322: Type '{ id: string; kind: "function" | "integration" | "skill" | "recipe"; slug: string; base_slug: string | null; manifest_json: Record<string, unknown>; files_json: Record<string, string>; created_at: string; updated_at: string; }' is not assignable to type 'DraftDetail | { id: string; kind: DraftKind; slug: string; base_slug: string | null; manifest_json: Record<string, unknown>; files_json: Record<string, string>; created_at: string; updated_at: string; } | null'.
  Type '{ id: string; kind: "function" | "integration" | "skill" | "recipe"; slug: string; base_slug: string | null; manifest_json: Record<string, unknown>; files_json: Record<string, string>; created_at: string; updated_at: string; }' is not assignable to type '{ id: string; kind: DraftKind; slug: string; base_slug: string | null; manifest_json: Record<string, unknown>; files_json: Record<string, string>; created_at: string; updated_at: string; }'.
    Types of property 'kind' are incompatible.
      Type '"function" | "integration" | "skill" | "recipe"' is not assignable to type 'DraftKind'.
        Type '"integration"' is not assignable to type 'DraftKind'.
pkg/rancher-desktop/composables/useVaultUnlock.ts(27,46): error TS2345: Argument of type '"vault:is-setup"' is not assignable to parameter of type 'keyof IpcMainInvokeEvents'.
pkg/rancher-desktop/composables/useVaultUnlock.ts(37,30): error TS2345: Argument of type '"vault:initialize"' is not assignable to parameter of type 'keyof IpcMainInvokeEvents'.
pkg/rancher-desktop/composables/useVaultUnlock.ts(40,48): error TS2345: Argument of type '"vault:can-verify"' is not assignable to parameter of type 'keyof IpcMainInvokeEvents'.
pkg/rancher-desktop/composables/useVaultUnlock.ts(63,46): error TS2345: Argument of type '"vault:unlock-password"' is not assignable to parameter of type 'keyof IpcMainInvokeEvents'.
pkg/rancher-desktop/composables/useVaultUnlock.ts(86,46): error TS2345: Argument of type '"vault:unlock-recovery"' is not assignable to parameter of type 'keyof IpcMainInvokeEvents'.
pkg/rancher-desktop/composables/useVaultUnlock.ts(107,30): error TS2345: Argument of type '"vault:logout"' is not assignable to parameter of type 'keyof IpcMainInvokeEvents'.
pkg/rancher-desktop/controllers/SecretaryModeController.ts(130,30): error TS2345: Argument of type '"audio-driver:start-mic"' is not assignable to parameter of type 'keyof IpcMainInvokeEvents'.
pkg/rancher-desktop/controllers/SecretaryModeController.ts(134,32): error TS2345: Argument of type '"audio-driver:start-speaker"' is not assignable to parameter of type 'keyof IpcMainInvokeEvents'.
pkg/rancher-desktop/controllers/SecretaryModeController.ts(173,24): error TS2345: Argument of type '"audio-driver:stop-mic"' is not assignable to parameter of type 'keyof IpcMainInvokeEvents'.
pkg/rancher-desktop/controllers/SecretaryModeController.ts(176,24): error TS2345: Argument of type '"audio-driver:stop-speaker"' is not assignable to parameter of type 'keyof IpcMainInvokeEvents'.
pkg/rancher-desktop/controllers/SecretaryModeController.ts(251,20): error TS2345: Argument of type '"audio-driver:mic-vad"' is not assignable to parameter of type 'keyof IpcRendererEvents'.
pkg/rancher-desktop/controllers/SecretaryModeController.ts(256,34): error TS2345: Argument of type '"audio-driver:mic-vad"' is not assignable to parameter of type 'keyof IpcRendererEvents'.
pkg/rancher-desktop/controllers/SecretaryModeController.ts(323,45): error TS2345: Argument of type '"audio-driver:transcribe-start"' is not assignable to parameter of type 'keyof IpcMainInvokeEvents'.
pkg/rancher-desktop/controllers/SecretaryModeController.ts(353,24): error TS2345: Argument of type '"audio-driver:transcribe-stop"' is not assignable to parameter of type 'keyof IpcMainInvokeEvents'.
pkg/rancher-desktop/mixins/compact-input.ts(21,19): error TS2551: Property 'compact' does not exist on type '{ isCompact(): boolean; }'. Did you mean 'isCompact'?
pkg/rancher-desktop/mixins/compact-input.ts(21,43): error TS2551: Property 'compact' does not exist on type '{ isCompact(): boolean; }'. Did you mean 'isCompact'?
pkg/rancher-desktop/mixins/compact-input.ts(21,60): error TS2339: Property 'label' does not exist on type '{ isCompact(): boolean; }'.
pkg/rancher-desktop/mixins/compact-input.ts(21,74): error TS2339: Property 'labelKey' does not exist on type '{ isCompact(): boolean; }'.
pkg/rancher-desktop/mixins/labeled-form-element.ts(99,21): error TS2339: Property 'mode' does not exist on type '{ inheritAttrs: boolean; props: { mode: { type: StringConstructor; default: string; }; label: { type: StringConstructor; default: null; }; labelKey: { type: StringConstructor; default: null; }; ... 12 more ...; requireDirty: { ...; }; }; data(): LabeledFormElement; computed: { ...; }; methods: { ...; }; }'.
pkg/rancher-desktop/mixins/labeled-form-element.ts(99,50): error TS2339: Property 'value' does not exist on type '{ inheritAttrs: boolean; props: { mode: { type: StringConstructor; default: string; }; label: { type: StringConstructor; default: null; }; labelKey: { type: StringConstructor; default: null; }; ... 12 more ...; requireDirty: { ...; }; }; data(): LabeledFormElement; computed: { ...; }; methods: { ...; }; }'.
pkg/rancher-desktop/mixins/labeled-form-element.ts(108,20): error TS2339: Property 'required' does not exist on type '{ requiredField(): boolean; empty(): boolean; isView(): boolean; isDisabled(): boolean; isSearchable(): boolean; isFilterable(): boolean; validationMessage(): string | undefined; }'.
pkg/rancher-desktop/mixins/labeled-form-element.ts(108,37): error TS2339: Property 'rules' does not exist on type '{ requiredField(): boolean; empty(): boolean; isView(): boolean; isDisabled(): boolean; isSearchable(): boolean; isFilterable(): boolean; validationMessage(): string | undefined; }'.
pkg/rancher-desktop/mixins/labeled-form-element.ts(111,25): error TS2339: Property 'value' does not exist on type '{ requiredField(): boolean; empty(): boolean; isView(): boolean; isDisabled(): boolean; isSearchable(): boolean; isFilterable(): boolean; validationMessage(): string | undefined; }'.
pkg/rancher-desktop/mixins/labeled-form-element.ts(115,19): error TS2339: Property 'mode' does not exist on type '{ requiredField(): boolean; empty(): boolean; isView(): boolean; isDisabled(): boolean; isSearchable(): boolean; isFilterable(): boolean; validationMessage(): string | undefined; }'.
pkg/rancher-desktop/mixins/labeled-form-element.ts(119,19): error TS2551: Property 'disabled' does not exist on type '{ requiredField(): boolean; empty(): boolean; isView(): boolean; isDisabled(): boolean; isSearchable(): boolean; isFilterable(): boolean; validationMessage(): string | undefined; }'. Did you mean 'isDisabled'?
pkg/rancher-desktop/mixins/labeled-form-element.ts(128,30): error TS2339: Property 'options' does not exist on type '{ requiredField(): boolean; empty(): boolean; isView(): boolean; isDisabled(): boolean; isSearchable(): boolean; isFilterable(): boolean; validationMessage(): string | undefined; }'.
pkg/rancher-desktop/mixins/labeled-form-element.ts(149,33): error TS2339: Property 'rules' does not exist on type '{ requiredField(): boolean; empty(): boolean; isView(): boolean; isDisabled(): boolean; isSearchable(): boolean; isFilterable(): boolean; validationMessage(): string | undefined; }'.
pkg/rancher-desktop/mixins/labeled-form-element.ts(151,27): error TS2339: Property 'value' does not exist on type '{ requiredField(): boolean; empty(): boolean; isView(): boolean; isDisabled(): boolean; isSearchable(): boolean; isFilterable(): boolean; validationMessage(): string | undefined; }'.
pkg/rancher-desktop/mixins/labeled-form-element.ts(153,32): error TS2339: Property 'blurred' does not exist on type '{ requiredField(): boolean; empty(): boolean; isView(): boolean; isDisabled(): boolean; isSearchable(): boolean; isFilterable(): boolean; validationMessage(): string | undefined; }'.
pkg/rancher-desktop/mixins/labeled-form-element.ts(153,49): error TS2339: Property 'focused' does not exist on type '{ requiredField(): boolean; empty(): boolean; isView(): boolean; isDisabled(): boolean; isSearchable(): boolean; isFilterable(): boolean; validationMessage(): string | undefined; }'.
pkg/rancher-desktop/mixins/labeled-form-element.ts(157,16): error TS2339: Property '$emit' does not exist on type '{ requiredField(): boolean; empty(): boolean; isView(): boolean; isDisabled(): boolean; isSearchable(): boolean; isFilterable(): boolean; validationMessage(): string | undefined; }'.
pkg/rancher-desktop/mixins/labeled-form-element.ts(163,31): error TS2339: Property 'rules' does not exist on type '{ requiredField(): boolean; empty(): boolean; isView(): boolean; isDisabled(): boolean; isSearchable(): boolean; isFilterable(): boolean; validationMessage(): string | undefined; }'.
pkg/rancher-desktop/mixins/labeled-form-element.ts(170,44): error TS2339: Property 'blurred' does not exist on type '{ requiredField(): boolean; empty(): boolean; isView(): boolean; isDisabled(): boolean; isSearchable(): boolean; isFilterable(): boolean; validationMessage(): string | undefined; }'.
pkg/rancher-desktop/mixins/labeled-form-element.ts(170,60): error TS2339: Property 'focused' does not exist on type '{ requiredField(): boolean; empty(): boolean; isView(): boolean; isDisabled(): boolean; isSearchable(): boolean; isFilterable(): boolean; validationMessage(): string | undefined; }'.
pkg/rancher-desktop/mixins/labeled-form-element.ts(170,77): error TS2339: Property 'requireDirty' does not exist on type '{ requiredField(): boolean; empty(): boolean; isView(): boolean; isDisabled(): boolean; isSearchable(): boolean; isFilterable(): boolean; validationMessage(): string | undefined; }'.
pkg/rancher-desktop/mixins/labeled-form-element.ts(171,14): error TS2339: Property '$emit' does not exist on type '{ requiredField(): boolean; empty(): boolean; isView(): boolean; isDisabled(): boolean; isSearchable(): boolean; isFilterable(): boolean; validationMessage(): string | undefined; }'.
pkg/rancher-desktop/mixins/labeled-form-element.ts(175,14): error TS2339: Property '$emit' does not exist on type '{ requiredField(): boolean; empty(): boolean; isView(): boolean; isDisabled(): boolean; isSearchable(): boolean; isFilterable(): boolean; validationMessage(): string | undefined; }'.
pkg/rancher-desktop/mixins/labeled-form-element.ts(185,12): error TS2339: Property '$nextTick' does not exist on type '{ resizeHandler(): void; onFocus(): void; onFocusLabeled(): void; onBlur(): void; onBlurLabeled(): void; }'.
pkg/rancher-desktop/mixins/labeled-form-element.ts(186,26): error TS2339: Property '$refs' does not exist on type '{ resizeHandler(): void; onFocus(): void; onFocusLabeled(): void; onBlur(): void; onBlurLabeled(): void; }'.
pkg/rancher-desktop/mixins/labeled-form-element.ts(188,43): error TS2339: Property '$refs' does not exist on type '{ resizeHandler(): void; onFocus(): void; onFocusLabeled(): void; onBlur(): void; onBlurLabeled(): void; }'.
pkg/rancher-desktop/mixins/labeled-form-element.ts(197,12): error TS2339: Property '$emit' does not exist on type '{ resizeHandler(): void; onFocus(): void; onFocusLabeled(): void; onBlur(): void; onBlurLabeled(): void; }'.
pkg/rancher-desktop/mixins/labeled-form-element.ts(203,12): error TS2339: Property 'raised' does not exist on type '{ resizeHandler(): void; onFocus(): void; onFocusLabeled(): void; onBlur(): void; onBlurLabeled(): void; }'.
pkg/rancher-desktop/mixins/labeled-form-element.ts(204,12): error TS2339: Property 'focused' does not exist on type '{ resizeHandler(): void; onFocus(): void; onFocusLabeled(): void; onBlur(): void; onBlurLabeled(): void; }'.
pkg/rancher-desktop/mixins/labeled-form-element.ts(208,12): error TS2339: Property '$emit' does not exist on type '{ resizeHandler(): void; onFocus(): void; onFocusLabeled(): void; onBlur(): void; onBlurLabeled(): void; }'.
pkg/rancher-desktop/mixins/labeled-form-element.ts(214,12): error TS2339: Property 'focused' does not exist on type '{ resizeHandler(): void; onFocus(): void; onFocusLabeled(): void; onBlur(): void; onBlurLabeled(): void; }'.
pkg/rancher-desktop/mixins/labeled-form-element.ts(216,18): error TS2339: Property 'value' does not exist on type '{ resizeHandler(): void; onFocus(): void; onFocusLabeled(): void; onBlur(): void; onBlurLabeled(): void; }'.
pkg/rancher-desktop/mixins/labeled-form-element.ts(217,14): error TS2339: Property 'raised' does not exist on type '{ resizeHandler(): void; onFocus(): void; onFocusLabeled(): void; onBlur(): void; onBlurLabeled(): void; }'.
pkg/rancher-desktop/mixins/labeled-form-element.ts(220,12): error TS2339: Property 'blurred' does not exist on type '{ resizeHandler(): void; onFocus(): void; onFocusLabeled(): void; onBlur(): void; onBlurLabeled(): void; }'.
pkg/rancher-desktop/pages/agent/ChatInterface.ts(11,15): error TS2614: Module '"*.vue"' has no exported member 'PendingAttachment'. Did you mean to use 'import PendingAttachment from "*.vue"' instead?
pkg/rancher-desktop/pages/agent/ChatInterface.ts(52,5): error TS2741: Property '[WritableComputedRefSymbol]' is missing in type 'ComputedRef<string>' but required in type 'WritableComputedRef<string, string>'.
pkg/rancher-desktop/pages/agent/ChatMessageQueue.ts(4,15): error TS2614: Module '"*.vue"' has no exported member 'PendingAttachment'. Did you mean to use 'import PendingAttachment from "*.vue"' instead?
pkg/rancher-desktop/pages/agent/StartupProgressController.ts(98,14): error TS2352: Conversion of type 'void' to type 'LifecycleStatus' may be a mistake because neither type sufficiently overlaps with the other. If this was intentional, convert the expression to 'unknown' first.
pkg/rancher-desktop/pages/agent/StartupProgressController.ts(98,35): error TS2345: Argument of type '"lifecycle:status"' is not assignable to parameter of type 'keyof IpcMainEvents'.
pkg/rancher-desktop/pages/capture-studio/composables/useMicRecording.ts(152,9): error TS2322: Type 'Buffer<ArrayBufferLike>' is not assignable to type 'Buffer<ArrayBuffer>'.
  Type 'ArrayBufferLike' is not assignable to type 'ArrayBuffer'.
    Type 'SharedArrayBuffer' is missing the following properties from type 'ArrayBuffer': resizable, resize, detached, transfer, transferToFixedLength
pkg/rancher-desktop/pages/capture-studio/composables/useMicRecording.ts(171,9): error TS2322: Type 'Buffer<ArrayBufferLike>' is not assignable to type 'Buffer<ArrayBuffer>'.
  Type 'ArrayBufferLike' is not assignable to type 'ArrayBuffer'.
    Type 'SharedArrayBuffer' is missing the following properties from type 'ArrayBuffer': resizable, resize, detached, transfer, transferToFixedLength
pkg/rancher-desktop/pages/capture-studio/composables/useSpeakerCapture.ts(126,7): error TS2322: Type 'Buffer<ArrayBufferLike>' is not assignable to type 'Buffer<ArrayBuffer>'.
  Type 'ArrayBufferLike' is not assignable to type 'ArrayBuffer'.
    Type 'SharedArrayBuffer' is missing the following properties from type 'ArrayBuffer': resizable, resize, detached, transfer, transferToFixedLength
pkg/rancher-desktop/pages/chat/composables/useArtifactMentions.ts(77,45): error TS2345: Argument of type 'string' is not assignable to parameter of type 'keyof IpcMainInvokeEvents'.
pkg/rancher-desktop/pages/chat/services/PersonaAdapter.ts(890,17): error TS2339: Property 'state' does not exist on type 'WorkflowNode'.
pkg/rancher-desktop/typings/rdx.d.ts(7,2): error TS1036: Statements are not allowed in ambient contexts.
screenshots/screenshots.e2e.spec.ts(129,37): error TS7006: Parameter 'command' implicitly has an 'any' type.
screenshots/screenshots.e2e.spec.ts(129,46): error TS7006: Parameter 'args' implicitly has an 'any' type.
screenshots/screenshots.e2e.spec.ts(129,52): error TS7006: Parameter 'options' implicitly has an 'any' type.
scripts/dependencies/lima.ts(26,12): error TS2610: 'name' is defined as an accessor in class 'GlobalDependency<typeof GitHubDependency>.GlobalDependency & GitHubDependency', but is overridden here in 'Lima' as an instance property.
scripts/dependencies/lima.ts(108,12): error TS2610: 'name' is defined as an accessor in class 'GlobalDependency<typeof GitHubDependency>.GlobalDependency & GitHubDependency', but is overridden here in 'Qemu' as an instance property.
scripts/dependencies/lima.ts(145,12): error TS2610: 'name' is defined as an accessor in class 'GlobalDependency<typeof GitHubDependency>.GlobalDependency & GitHubDependency', but is overridden here in 'SocketVMNet' as an instance property.
scripts/dependencies/lima.ts(164,12): error TS2610: 'name' is defined as an accessor in class 'GlobalDependency<typeof GitHubDependency>.GlobalDependency & GitHubDependency', but is overridden here in 'AlpineLimaISO' as an instance property.
scripts/dependencies/moby-openapi.ts(15,12): error TS2610: 'name' is defined as an accessor in class 'GlobalDependency<typeof VersionedDependency>.GlobalDependency & VersionedDependency', but is overridden here in 'MobyOpenAPISpec' as an instance property.
scripts/dependencies/tools.ts(31,12): error TS2610: 'name' is defined as an accessor in class 'GlobalDependency<typeof GitHubDependency>.GlobalDependency & GitHubDependency', but is overridden here in 'KuberlrAndKubectl' as an instance property.
scripts/dependencies/tools.ts(89,12): error TS2610: 'name' is defined as an accessor in class 'GlobalDependency<typeof GitHubDependency>.GlobalDependency & GitHubDependency', but is overridden here in 'Helm' as an instance property.
scripts/dependencies/tools.ts(114,12): error TS2610: 'name' is defined as an accessor in class 'GlobalDependency<typeof GitHubDependency>.GlobalDependency & GitHubDependency', but is overridden here in 'DockerCLI' as an instance property.
scripts/dependencies/tools.ts(133,12): error TS2610: 'name' is defined as an accessor in class 'GlobalDependency<typeof GitHubDependency>.GlobalDependency & GitHubDependency', but is overridden here in 'DockerBuildx' as an instance property.
scripts/dependencies/tools.ts(156,12): error TS2610: 'name' is defined as an accessor in class 'GlobalDependency<typeof GitHubDependency>.GlobalDependency & GitHubDependency', but is overridden here in 'DockerCompose' as an instance property.
scripts/dependencies/tools.ts(173,12): error TS2610: 'name' is defined as an accessor in class 'GlobalDependency<typeof GitHubDependency>.GlobalDependency & GitHubDependency', but is overridden here in 'GoLangCILint' as an instance property.
scripts/dependencies/tools.ts(185,12): error TS2610: 'name' is defined as an accessor in class 'GlobalDependency<typeof GitHubDependency>.GlobalDependency & GitHubDependency', but is overridden here in 'CheckSpelling' as an instance property.
scripts/dependencies/tools.ts(196,12): error TS2610: 'name' is defined as an accessor in class 'GlobalDependency<typeof GitHubDependency>.GlobalDependency & GitHubDependency', but is overridden here in 'Trivy' as an instance property.
scripts/dependencies/tools.ts(233,12): error TS2610: 'name' is defined as an accessor in class 'GlobalDependency<typeof GitHubDependency>.GlobalDependency & GitHubDependency', but is overridden here in 'Steve' as an instance property.
scripts/dependencies/tools.ts(265,12): error TS2610: 'name' is defined as an accessor in class 'GlobalDependency<typeof GitHubDependency>.GlobalDependency & GitHubDependency', but is overridden here in 'RancherDashboard' as an instance property.
scripts/dependencies/tools.ts(331,12): error TS2610: 'name' is defined as an accessor in class 'GlobalDependency<typeof GitHubDependency>.GlobalDependency & GitHubDependency', but is overridden here in 'DockerProvidedCredHelpers' as an instance property.
scripts/dependencies/tools.ts(364,12): error TS2610: 'name' is defined as an accessor in class 'GlobalDependency<typeof GitHubDependency>.GlobalDependency & GitHubDependency', but is overridden here in 'ECRCredHelper' as an instance property.
scripts/dependencies/tools.ts(382,12): error TS2610: 'name' is defined as an accessor in class 'GlobalDependency<typeof GitHubDependency>.GlobalDependency & GitHubDependency', but is overridden here in 'WasmShims' as an instance property.
scripts/dependencies/tools.ts(397,12): error TS2610: 'name' is defined as an accessor in class 'GlobalDependency<typeof GitHubDependency>.GlobalDependency & GitHubDependency', but is overridden here in 'CertManager' as an instance property.
scripts/dependencies/tools.ts(414,12): error TS2610: 'name' is defined as an accessor in class 'GlobalDependency<typeof GitHubDependency>.GlobalDependency & GitHubDependency', but is overridden here in 'SpinOperator' as an instance property.
scripts/dependencies/tools.ts(430,12): error TS2610: 'name' is defined as an accessor in class 'GlobalDependency<typeof GitHubDependency>.GlobalDependency & GitHubDependency', but is overridden here in 'SpinCLI' as an instance property.
scripts/dependencies/tools.ts(453,12): error TS2610: 'name' is defined as an accessor in class 'GlobalDependency<typeof GitHubDependency>.GlobalDependency & GitHubDependency', but is overridden here in 'SpinKubePlugin' as an instance property.
scripts/dependencies/wix.ts(15,12): error TS2610: 'name' is defined as an accessor in class 'GlobalDependency<typeof GitHubDependency>.GlobalDependency & GitHubDependency', but is overridden here in 'Wix' as an instance property.
scripts/dependencies/wix.ts(61,47): error TS7006: Parameter 'release' implicitly has an 'any' type.
scripts/dependencies/wix.ts(62,44): error TS7006: Parameter 'r' implicitly has an 'any' type.
scripts/dependencies/wix.ts(64,28): error TS7006: Parameter 'version' implicitly has an 'any' type.
scripts/dependencies/wsl.ts(10,12): error TS2610: 'name' is defined as an accessor in class 'GlobalDependency<typeof GitHubDependency>.GlobalDependency & GitHubDependency', but is overridden here in 'Moproxy' as an instance property.
scripts/dependencies/wsl.ts(35,12): error TS2610: 'name' is defined as an accessor in class 'GlobalDependency<typeof GitHubDependency>.GlobalDependency & GitHubDependency', but is overridden here in 'WSLDistro' as an instance property.
scripts/docker-cli-monitor.ts(30,39): error TS7006: Parameter 'tag' implicitly has an 'any' type.
scripts/docker-cli-monitor.ts(35,25): error TS7006: Parameter 'previous' implicitly has an 'any' type.
scripts/docker-cli-monitor.ts(35,35): error TS7006: Parameter 'current' implicitly has an 'any' type.
scripts/lib/dependencies.ts(434,30): error TS7006: Parameter 'release' implicitly has an 'any' type.
scripts/lib/dependencies.ts(438,32): error TS7006: Parameter 'release' implicitly has an 'any' type.
scripts/lib/dependencies.ts(440,31): error TS7006: Parameter 'release' implicitly has an 'any' type.
scripts/lib/dependencies.ts(443,32): error TS7006: Parameter 'tag' implicitly has an 'any' type.
scripts/package.ts(11,55): error TS2307: Cannot find module '@electron/fuses' or its corresponding type declarations.
  There are types at '/Users/jonathonbyrdziak/Sites/sulla/sulla-desktop/node_modules/@electron/fuses/dist/index.d.ts', but this result could not be resolved under your current 'moduleResolution' setting. Consider updating to 'node16', 'nodenext', or 'bundler'.
scripts/populate-update-server.ts(161,47): error TS7006: Parameter 'asset' implicitly has an 'any' type.
scripts/populate-update-server.ts(163,46): error TS7006: Parameter 'asset' implicitly has an 'any' type.
scripts/populate-update-server.ts(179,41): error TS7006: Parameter 'asset' implicitly has an 'any' type.
scripts/rddepman.ts(130,69): error TS18046: 'r' is of type 'unknown'.
scripts/rddepman.ts(131,34): error TS18046: 'release' is of type 'unknown'.
scripts/rddepman.ts(134,11): error TS18046: 'release' is of type 'unknown'.
scripts/rddepman.ts(138,72): error TS18046: 'release' is of type 'unknown'.
scripts/rddepman.ts(217,64): error TS18046: 'p' is of type 'unknown'.
scripts/rddepman.ts(218,10): error TS18046: 'item' is of type 'unknown'.
scripts/rddepman.ts(222,60): error TS18046: 'item' is of type 'unknown'.
scripts/rddepman.ts(294,37): error TS7006: Parameter 'pr' implicitly has an 'any' type.
scripts/release-merge-to-main.ts(113,64): error TS18046: 'r' is of type 'unknown'.
scripts/release-merge-to-main.ts(115,9): error TS18046: 'item' is of type 'unknown'.
scripts/release-merge-to-main.ts(115,35): error TS18046: 'item' is of type 'unknown'.
scripts/release-merge-to-main.ts(119,33): error TS18046: 'item' is of type 'unknown'.
scripts/release-merge-to-main.ts(124,32): error TS18046: 'item' is of type 'unknown'.
scripts/release-merge-to-main.ts(129,32): error TS18046: 'item' is of type 'unknown'.
scripts/release-merge-to-main.ts(134,32): error TS18046: 'item' is of type 'unknown'.
scripts/release-merge-to-main.ts(139,32): error TS18046: 'item' is of type 'unknown'.
scripts/release-merge-to-main.ts(166,48): error TS2339: Property 'number' does not exist on type '{}'.
scripts/release-merge-to-main.ts(166,70): error TS2339: Property 'html_url' does not exist on type '{}'.
